Workbook
Name Analyse: #REF!
Name Angebotsnr: [7]Angebot!$H$14
Name ANZ_Breite: [7]Bestellvorlage_neu!$K$31
Name ANZ_Breite: [2]Bestellvorlage_neu!$F$24
Name ANZ_Elemente: [7]Bestellvorlage_neu!$K$34
Name ANZ_Elemente: [2]Bestellvorlage_neu!$F$27
Name ANZ_Höhe: [7]Bestellvorlage_neu!$K$32
Name ANZ_Höhe: [2]Bestellvorlage_neu!$F$25
Name ANZ_Tiefe: [7]Bestellvorlage_neu!$K$33
Name ANZ_Tiefe: [2]Bestellvorlage_neu!$F$26
Name Bericht: '[3]Bericht gesamt'!$B$4:$DG$59
Name Einkauf: #REF!
Name Ertragssicherung: #REF!
Name EXT: #REF!
Name F_Doppeltür_PG1: #REF!
Name F_Doppeltür_PG2_3: #REF!
Name F_Doppeltür_PG4: #REF!
Name F_Klappe_PG1: #REF!
Name F_Klappe_PG2_3: #REF!
Name F_Klappe_PG4: #REF!
Name F_Platten_PG1: #REF!
Name F_Platten_PG2_3: #REF!
Name F_Platten_PG4: #REF!
Name F_Schublade_PG1: #REF!
Name F_Schublade_PG2_3: #REF!
Name F_Schublade_PG4: #REF!
Name F_Tür_PG1: #REF!
Name F_Tür_PG2_3: #REF!
Name F_Tür_PG4: #REF!
Name Freigabe: #REF!
Name Gewicht_Klappe: [7]Gewichte!$D$6
Name Gewicht_Platte: [7]Gewichte!$D$2
Name Gewicht_Profil: [7]Gewichte!$D$3
Name Gewicht_Scharnier: [7]Gewichte!$D$7
Name Gewicht_Schubkasten: [7]Gewichte!$D$5
Name Ideen: #REF!
Name Innovations__prozeß: #REF!
Name KDN: [7]Angebot!$H$7
Name KDName2: [7]Angebot!$A$10
Name Komminikation: #REF!
Name Kommunikation: #REF!
Name Kompetenz: #REF!
Name Konfektion: [5]Orga!$U$41:$AF$46
Name Konstruktion: #REF!
Name Kreativpotential: #REF!
Name LPU: #REF!
Name Ludwig: #REF!
Name Marketing: #REF!
Name Organisation: #REF!
Name Preisniveau: #REF!
Name Produkt__und_Preissystematik: #REF!
Name Rabatt: [7]Bestellvorlage_neu!$N$4
Name SkriptBeschreibung: #REF!
Name Telephonmarketing: #REF!
Name TEST: #REF!
Name Tiefe: [7]Bestellvorlage_neu!$D$4
Name Tiefe: [2]Bestellvorlage_neu!$C$4
Name Umsetzung: #REF!
Name Vertrieb: [5]Orga!$U$48:$AE$56
Name Vertriebs_steuerung: #REF!

Sheet Erkenntnisse
A1: Preisanalyse Artmodul vs. USM — Erkenntnisse & Handlungsempfehlungen
A2: Stand: Dynamisches Modell mit differenzierten Kategorie-Faktoren
A4: 1. Ausgangslage
A5: • | B5: Artmodul-Einzelteilpreise (PG1 MDF) wurden komponentenweise zu Konfigurationspreisen aufgebaut
A6: • | B6: Formel pro Element: 2× Boden + 2× Seite + 1× Rücken + 8× Würfel + 4× Profil (B/H/T) + ggf. Front
A7: • | B7: Verglichen mit USM-Bruttopreisen (inkl. MwSt), Artmodul + 19% MwSt
A8: • | B8: Vergleichsbasis: 32 Konfigurationspaare mit nächstliegenden Maßen (z.B. 420↔395, 580↔500, 780↔750 mm)
A9: • | B9: USM-Preismodell enthält nur noch vom Nutzer verifizierte/überarbeitete Konfigurationen
A11: 2. Kernerkenntnisse
A13: 2a. Gesamtvergleich bei Originalpreisen (Faktor 1,00)
A14: Kennzahl | B14: Artmodul Brutto | C14: USM Brutto | D14: Δ absolut | E14: Δ relativ
A15: Ø alle 32 Paare | B15: =Preisvergleich!F51 -> 674.73 | C15: =Preisvergleich!G51 -> 680.60531 | D15: =Preisvergleich!H51 -> -5.8753125 | E15: =Preisvergleich!I51 -> -0.0044009788
A17: 2b. Abweichung nach Front-Kategorie (differenzierte Faktoren)
A18: Kategorie | B18: Paare | C18: Ø Art. Brutto | D18: Ø USM Brutto | E18: Ø Δ absolut | F18: Ø Δ relativ | G18: Bewertung
A19: Offen | B19: =Preisvergleich!B47 -> (12 Paare) | C19: =Preisvergleich!F47 -> 494.24667 | D19: =Preisvergleich!G47 -> 481.25833 | E19: =Preisvergleich!H47 -> 12.988333 | F19: =Preisvergleich!I47 -> 0.025768333 | G19: ⚠️ Leicht teurer — Hebel bei Strukturbauteilen
A20: Klappe | B20: =Preisvergleich!B48 -> (9 Paare) | C20: =Preisvergleich!F48 -> 697.47222 | D20: =Preisvergleich!G48 -> 713.08 | E20: =Preisvergleich!H48 -> -15.607778 | F20: =Preisvergleich!I48 -> -0.023260989 | G20: ✅ Wettbewerbsfähig — im Schnitt günstiger
A21: Schublade | B21: =Preisvergleich!B49 -> (11 Paare) | C21: =Preisvergleich!F49 -> 853.01364 | D21: =Preisvergleich!G49 -> 871.50455 | E21: =Preisvergleich!H49 -> -18.490909 | F21: =Preisvergleich!I49 -> -0.021882038 | G21: ✅ Klar günstiger — stärkste Kategorie
A23: 2c. Warum sind offene Elemente teurer?
A24: • | B24: Bei offenen Elementen besteht der Preis nur aus Strukturbauteilen (Böden, Seiten, Rücken, Profile, Würfel).
A25: • | B25: USM-Preise beinhalten offenbar eine Quersubventionierung: offene Elemente sind relativ günstig, Front-Aufpreise relativ hoch.
A26: • | B26: Artmodul kalkuliert komponentenbasiert — ohne diese Quersubventionierung sind offene Elemente im Vergleich teurer.
A27: • | B27: Bei Fronten (Klappe, Schublade) wird dies ausgeglichen: Artmodul-Frontenpreise sind im Verhältnis moderater.
A28: • | B28: Die Tiefe 580 mm verschärft das Problem: größere Seitenplatten + Profile treiben den Strukturpreis überproportional.
A30: 3. Aktuelle Faktor-Konfiguration
A32: Bauteile-Gruppe | B32: Faktor | C32: Abschlag | D32: Begründung
A33: Strukturbauteile | B33: 0.75 | C33: =1-B33 -> 0.25 | D33: Stärkster Hebel — machen offene Elemente teuer
B34: Böden, Seiten, Rücken, Fachböden, Profile
A35: Zubehör & Kleinteile | B35: 0.8 | C35: =1-B35 -> 0.2 | D35: Mittelweg — geringer Preiseinfluss pro Element
B36: Würfel, Griffe, Schlösser, Hängeregister
A37: Klappen & Türen | B37: 0.88 | C37: =1-B37 -> 0.12 | D37: Bereits wettbewerbsfähig — moderater Abschlag genügt
B38: Klappe, Tür, Doppeltür
A39: Schubladen | B39: 0.9 | C39: =1-B39 -> 0.1 | D39: Stärkste Kategorie — nur minimaler Abschlag nötig
B40: Schublade, Schublade LB 1/2
A42: 4. Handlungsempfehlungen
A44: 🔴 Hoch | B44: Strukturbauteil-Kosten senken
B45: Böden, Seiten und Rücken machen bei offenen Elementen ~80% des Preises aus. Faktor 0,75 (−25%) bringt Offen-Elemente auf +2,6% vs. USM. Für volle Parität wäre ~0,70 nötig.
A47: 🟡 Mittel | B47: Differenzierte Preisgruppen etablieren
B48: Einheitlicher Abschlag passt nicht für alle Kategorien. Empfehlung: Strukturbauteile aggressiver bepreisen, Fronten moderater. Das aktuelle Modell mit 4 Faktor-Gruppen liefert eine ausgeglichene Preisstruktur.
A50: 🟢 Niedrig | B50: Schubladen als Verkaufsargument nutzen
B51: Schubladen-Konfigurationen sind im Schnitt 2,2% günstiger als USM. Bei großen Bestellungen mit Schubladenanteil kann Artmodul preislich überzeugen.
A53: 🟡 Mittel | B53: Tiefe-580-Konfigurationen separat bewerten
B54: T580-Elemente zeigen größere Abweichungen als T360 (+12% bei offenen B780/T580). Ggf. separater Tiefe-Aufschlag oder differenzierter Seiten-Faktor für 580mm.
A56: 🟢 Info | B56: Break-Even-Faktoren als Referenz
B57: Globaler Break-Even bei ~0,82. Differenziert: Offen ~0,75, Klappe ~0,82, Schublade ~0,85. Die aktuelle Konfiguration liegt nahe an diesen Werten.
A59: 5. Modell-Übersicht & Navigation
A61: Tabellenblatt | B61: Inhalt & Zweck
A62: Artmodul_Preislogik | B62: Einzelteilpreise mit dynamischen Kategorie-Faktoren (Spalte P = angepasste Preise, S-U = Steuerung)
A63: Preismodell_Artmodul_v2 | B63: Konfigurationspreise (Brutto) aus angepassten Einzelteilpreisen — reagiert auf Faktor-Änderungen
A64: Preismodell_USM | B64: USM-Bruttopreise (vom Nutzer überarbeitet, nur verfügbare Konfigurationen)
A65: Preisvergleich | B65: Detaillierter Brutto-Vergleich Artmodul v2 vs. USM mit Δ absolut & relativ (32 Paare)
A66: Annahmen & Aufschläge | B66: Ursprüngliche USM-Hochrechnungsformel und Kalibrierungsparameter

Sheet Preismodell_USM
A1: USM Haller – Vollständiges Preismodell (Netto €) | 🟢 Grüner Hintergrund = Konfigurator-Echtwert | Weißer/blauer Hintergrund = Hochrechnung
A3: Tiefe 350 mm
A4: Front | B4: Tiefe (mm) | C4: Breite (mm) | D4: H 100 mm | E4: H 175 mm | F4: H 250 mm | G4: H 350 mm | H4: H 395 mm | I4: H 500 mm
A5: Offen | B5: 350 | C5: 250 | D5: 407.82 | E5: 398.62 | F5: 411.69 | G5: 429.13 | H5: 436.97 | I5: 460.11
C6: 350 | D6: 401.89 | E6: 414.96 | F6: 428.04 | G6: 445.47 | H6: 453.32 | I6: 471.62
C7: 395 | D7: 409.25 | E7: 422.32 | F7: 435.39 | G7: 452.83 | H7: 460.67 | I7: 478.98
C8: 500 | D8: 426.41 | E8: 439.48 | F8: 452.56 | G8: 469.99 | H8: 477.84 | I8: 496.14
C9: 750 | D9: 476.81 | E9: 480.35 | F9: 493.43 | G9: 510.86 | H9: 518.7 | I9: 537.01
A11: Klappe | B11: 350 | C11: 250
C12: 350 | G12: 643.05
C13: 395 | G13: 673.36 | H13: 681.2
C14: 500 | G14: 690.52 | H14: 698.37
C15: 750 | G15: 731.39 | H15: 742.7
A17: Glastür | B17: 350 | C17: 250 | F17: 628.94
C18: 350 | F18: 675.26 | G18: 692.69 | H18: 700.54 | I18: 718.84
C19: 395 | F19: 682.62 | G19: 700.05 | H19: 707.89 | I19: 726.2
C20: 500 | F20: 699.78 | G20: 717.21 | H20: 725.06 | I20: 743.36
C21: 750 | F21: 740.65 | G21: 758.08 | H21: 765.92 | I21: 830.8
A23: Schublade | B23: 350 | C23: 250 | F23: 799.66 | G23: 817.1 | H23: 824.94
C24: 350 | F24: 816.01 | G24: 833.44 | H24: 841.29
C25: 395 | F25: 823.37 | G25: 840.8 | H25: 848.64 | I25: 823.93
C26: 500 | E26: 787.6 | F26: 840.53 | G26: 857.96 | H26: 865.81
C27: 750 | E27: 874.27 | F27: 881.4 | G27: 898.83 | H27: 910.15
A30: Tiefe 500 mm
A31: Front | B31: Tiefe (mm) | C31: Breite (mm) | D31: H 100 mm | E31: H 175 mm | F31: H 250 mm | G31: H 350 mm | H31: H 395 mm | I31: H 500 mm
A32: Offen | B32: 500 | C32: 250 | D32: 422.78 | E32: 435.86 | F32: 448.93 | G32: 466.37 | H32: 474.21 | I32: 492.52
C33: 350 | D33: 439.13 | E33: 452.2 | F33: 465.28 | G33: 482.71 | H33: 490.56 | I33: 508.86
C34: 395 | D34: 446.49 | E34: 459.56 | F34: 472.63 | G34: 490.07 | H34: 497.91 | I34: 516.22
C35: 500 | D35: 463.65 | E35: 476.72 | F35: 489.8 | G35: 507.23 | H35: 515.08 | I35: 533.38
C36: 750 | D36: 504.52 | E36: 517.59 | F36: 530.67 | G36: 548.1 | H36: 555.94 | I36: 574.25
A38: Klappe | B38: 500 | C38: 250 | D38: 643.31 | E38: 656.39 | F38: 669.46 | G38: 686.9 | H38: 694.74 | I38: 713.05
C39: 350 | D39: 659.66 | E39: 672.73 | F39: 685.81 | G39: 703.24 | H39: 711.09 | I39: 729.39
C40: 395 | D40: 667.01 | E40: 680.09 | F40: 693.16 | G40: 710.6 | H40: 718.44 | I40: 736.75
C41: 500 | D41: 684.18 | E41: 697.25 | F41: 710.33 | G41: 727.76 | H41: 735.61 | I41: 753.91
C42: 750 | D42: 725.05 | E42: 738.12 | F42: 751.2 | G42: 768.63 | H42: 776.47 | I42: 794.78
A44: Glastür | B44: 500 | C44: 250 | D44: 670 | E44: 683.08 | F44: 696.15 | G44: 713.59 | H44: 721.43 | I44: 739.74
C45: 350 | D45: 686.35 | E45: 699.42 | F45: 712.5 | G45: 729.93 | H45: 737.78 | I45: 756.08
C46: 395 | D46: 693.71 | E46: 706.78 | F46: 719.86 | G46: 737.29 | H46: 745.13 | I46: 763.44
C47: 500 | D47: 710.87 | E47: 723.94 | F47: 737.02 | G47: 754.45 | H47: 762.3 | I47: 780.6
C48: 750 | D48: 751.74 | E48: 764.81 | F48: 777.89 | G48: 795.32 | H48: 803.16 | I48: 821.47
A50: Schublade | B50: 500 | C50: 250 | D50: 810.75 | E50: 823.83 | F50: 836.9 | G50: 854.34 | H50: 862.18 | I50: 880.49
C51: 350 | D51: 827.1 | E51: 840.17 | F51: 853.25 | G51: 870.68 | H51: 878.53 | I51: 896.83
C52: 395 | D52: 834.46 | E52: 847.53 | F52: 860.61 | G52: 878.04 | H52: 885.88 | I52: 904.19
C53: 500 | D53: 851.62 | E53: 864.69 | F53: 877.77 | G53: 895.2 | H53: 903.05 | I53: 921.35
C54: 750 | D54: 892.49 | E54: 905.56 | F54: 918.64 | G54: 936.07 | H54: 943.91 | I54: 962.22

Sheet Annahmen & Aufschläge
A1: Hochrechnungsformel
A2: Preis (Netto) = Basis + α × (Breite − 395) + β × (Höhe − 175) + γ × (Tiefe − 350) + Frontenaufschlag
A4: Basisparameter (abgeleitet aus Echtwerten)
A5: Basispreis B=395 / H=175 / T=350 / Offen | B5: 422.32 | C5: € | D5: Echtwert
A6: α – Aufschlag je mm Breite | B6: 0.1635 | C6: €/mm | D6: aus Δ 395→750mm, H=175
A7: β – Aufschlag je mm Höhe | B7: 0.1743 | C7: €/mm | D7: aus Δ H350→H500, B=750
A8: γ – Aufschlag je mm Tiefe | B8: 0.2483 | C8: €/mm | D8: aus Δ T350→T500, B=750
A10: Frontenaufschläge (Referenz: B=750 / H=350 / T=350)
A11: Offen | B11: 0 | C11: € Aufschlag | D11: Echtwert 510.86 €
A12: Klappe | B12: 220.53 | C12: € Aufschlag | D12: Echtwert 731.39 €
A13: Glastür | B13: 247.22 | C13: € Aufschlag | D13: Echtwert 758.08 €
A14: Schublade | B14: 387.97 | C14: € Aufschlag | D14: Echtwert 898.83 €
A16: Diskrete Breitenaufschläge (je Stufe, Offen / T350 / H175)
A17: Breite 250 mm | B17: 0 | C17: € Δ zur Vorstufe | D17: absolut: 398.62 €
A18: Breite 350 mm | B18: 16.35 | C18: € Δ zur Vorstufe | D18: absolut: 414.96 €
A19: Breite 395 mm | B19: 7.36 | C19: € Δ zur Vorstufe | D19: absolut: 422.32 €
A20: Breite 500 mm | B20: 17.16 | C20: € Δ zur Vorstufe | D20: absolut: 439.48 €
A21: Breite 750 mm | B21: 40.87 | C21: € Δ zur Vorstufe | D21: absolut: 480.35 €
A23: Diskrete Höhenaufschläge (je Stufe, Offen / T350 / B395)
A24: Höhe 100 mm | B24: 0 | C24: € Δ zur Vorstufe
A25: Höhe 175 mm | B25: 13.07 | C25: € Δ zur Vorstufe
A26: Höhe 250 mm | B26: 13.07 | C26: € Δ zur Vorstufe
A27: Höhe 350 mm | B27: 17.43 | C27: € Δ zur Vorstufe
A28: Höhe 395 mm | B28: 7.84 | C28: € Δ zur Vorstufe
A29: Höhe 500 mm | B29: 18.3 | C29: € Δ zur Vorstufe
A31: Echtwerte (Grundlage der Kalibrierung)
A32: B=395 / H=175 / T=350 / Offen | B32: 422.32 | C32: € Netto | D32: Konfigurator
A33: B=750 / H=350 / T=350 / Offen | B33: 510.86 | C33: € Netto | D33: Konfigurator
A34: B=750 / H=500 / T=350 / Offen | B34: 537.01 | C34: € Netto | D34: Konfigurator
A35: B=750 / H=350 / T=500 / Offen | B35: 548.1 | C35: € Netto | D35: Konfigurator
A36: B=750 / H=350 / T=350 / Klappe | B36: 731.39 | C36: € Netto | D36: Konfigurator
A37: B=750 / H=350 / T=350 / Glastür | B37: 758.08 | C37: € Netto | D37: Konfigurator
A38: B=750 / H=350 / T=350 / Schublade | B38: 898.83 | C38: € Netto | D38: Konfigurator
A40: Hinweise & Einschränkungen
A41: • Frontenaufschlag ist größenunabhängig modelliert (Vereinfachung)
A42: • In Realität: größere Fronten wahrscheinlich teurer als kleine
A43: • Modell basiert auf 7 Echtwerten — Genauigkeit ±10-15% geschätzt
A44: • Farbe (15 USM-Farben) nicht modelliert — kann Aufpreis bedeuten
A45: • Preise Stand: Konfigurator-Screenshots (Datum unbekannt)
A46: • MwSt. 19% = Netto × 1,19 → Sheet 3

Sheet Brutto-Übersicht (T=350)
A1: Bruttopreise inkl. 19% MwSt. | Tiefe 350 mm | Grün = Basis Echtwert (Netto×1,19)
A3: Offen
A4: Breite (mm) | B4: H 100 mm | C4: H 175 mm | D4: H 250 mm | E4: H 350 mm | F4: H 395 mm | G4: H 500 mm
A5: 250 | B5: 458.79 | C5: 474.36 | D5: 489.91 | E5: 510.66 | F5: 519.99 | G5: 541.78
A6: 350 | B6: 478.25 | C6: 493.8 | D6: 509.37 | E6: 530.11 | F6: 539.45 | G6: 561.23
A7: 395 | B7: 487.01 | C7: 502.56 | D7: 518.11 | E7: 538.87 | F7: 548.2 | G7: 569.99
A8: 500 | B8: 507.43 | C8: 522.98 | D8: 538.55 | E8: 559.29 | F8: 568.63 | G8: 590.41
A9: 750 | B9: 556.06 | C9: 571.62 | D9: 587.18 | E9: 607.92 | F9: 617.25 | G9: 639.04
A12: Klappe
A13: Breite (mm) | B13: H 100 mm | C13: H 175 mm | D13: H 250 mm | E13: H 350 mm | F13: H 395 mm | G13: H 500 mm
A14: 250 | B14: 721.22 | C14: 736.79 | D14: 752.34 | E14: 773.1 | F14: 782.42 | G14: 804.21
A15: 350 | B15: 740.68 | C15: 756.23 | D15: 771.8 | E15: 792.54 | F15: 801.88 | G15: 823.66
A16: 395 | B16: 749.43 | C16: 764.99 | D16: 780.54 | E16: 801.3 | F16: 810.63 | G16: 832.42
A17: 500 | B17: 769.86 | C17: 785.41 | D17: 800.98 | E17: 821.72 | F17: 831.06 | G17: 852.84
A18: 750 | B18: 818.49 | C18: 834.05 | D18: 849.61 | E18: 870.35 | F18: 879.68 | G18: 901.47
A21: Glastür
A22: Breite (mm) | B22: H 100 mm | C22: H 175 mm | D22: H 250 mm | E22: H 350 mm | F22: H 395 mm | G22: H 500 mm
A23: 250 | B23: 752.98 | C23: 768.55 | D23: 784.1 | E23: 804.86 | F23: 814.19 | G23: 835.97
A24: 350 | B24: 772.44 | C24: 787.99 | D24: 803.56 | E24: 824.3 | F24: 833.64 | G24: 855.42
A25: 395 | B25: 781.2 | C25: 796.75 | D25: 812.32 | E25: 833.06 | F25: 842.39 | G25: 864.18
A26: 500 | B26: 801.62 | C26: 817.17 | D26: 832.74 | E26: 853.48 | F26: 862.82 | G26: 884.6
A27: 750 | B27: 850.25 | C27: 865.81 | D27: 881.37 | E27: 902.12 | F27: 911.44 | G27: 933.23
A30: Schublade
A31: Breite (mm) | B31: H 100 mm | C31: H 175 mm | D31: H 250 mm | E31: H 350 mm | F31: H 395 mm | G31: H 500 mm
A32: 250 | B32: 920.48 | C32: 936.04 | D32: 951.6 | E32: 972.35 | F32: 981.68 | G32: 1003.47
A33: 350 | B33: 939.93 | C33: 955.49 | D33: 971.05 | E33: 991.79 | F33: 1001.14 | G33: 1022.91
A34: 395 | B34: 948.69 | C34: 964.25 | D34: 979.81 | E34: 1000.55 | F34: 1009.88 | G34: 1031.67
A35: 500 | B35: 969.11 | C35: 984.67 | D35: 1000.23 | E35: 1020.97 | F35: 1030.31 | G35: 1052.09
A36: 750 | B36: 1017.75 | C36: 1033.3 | D36: 1048.87 | E36: 1069.61 | F36: 1078.94 | G36: 1100.73

Sheet Preismodell_Artmodul_alt
A1: Artmodul – Preismodell aus Einzelteilpreisen (PG1 MDF, Netto €)
A3: Tiefe 360 mm
A4: Front | B4: Tiefe (mm) | C4: Breite (mm) | D4: H 180 mm | E4: H 360 mm | F4: H 720 mm | G4: H 1080 mm | H4: H 1440 mm | I4: H 1800 mm
A5: Offen | B5: 360 | C5: 420 | D5: =2*Artmodul_Einzelteilpreise_alt!G3+2*Artmodul_Einzelteilpreise_alt!G18+Artmodul_Einzelteilpreise_alt!G67+8*Artmodul_Einzelteilpreise_alt!G263+4*Artmodul_Einzelteilpreise_alt!G273+4*Artmodul_Einzelteilpreise_alt!G271+4*Artmodul_Einzelteilpreise_alt!G272 -> 458 | E5: =2*Artmodul_Einzelteilpreise_alt!G3+2*Artmodul_Einzelteilpreise_alt!G19+Artmodul_Einzelteilpreise_alt!G72+8*Artmodul_Einzelteilpreise_alt!G263+4*Artmodul_Einzelteilpreise_alt!G273+4*Artmodul_Einzelteilpreise_alt!G272+4*Artmodul_Einzelteilpreise_alt!G272 -> 458 | F5: =2*Artmodul_Einzelteilpreise_alt!G3+2*Artmodul_Einzelteilpreise_alt!G20+Artmodul_Einzelteilpreise_alt!G77+8*Artmodul_Einzelteilpreise_alt!G263+4*Artmodul_Einzelteilpreise_alt!G273+4*Artmodul_Einzelteilpreise_alt!G276+4*Artmodul_Einzelteilpreise_alt!G272 -> 540 | G5: =2*Artmodul_Einzelteilpreise_alt!G3+2*Artmodul_Einzelteilpreise_alt!G21+Artmodul_Einzelteilpreise_alt!G82+8*Artmodul_Einzelteilpreise_alt!G263+4*Artmodul_Einzelteilpreise_alt!G273+4*Artmodul_Einzelteilpreise_alt!G279+4*Artmodul_Einzelteilpreise_alt!G272 -> 632 | H5: =2*Artmodul_Einzelteilpreise_alt!G3+2*Artmodul_Einzelteilpreise_alt!G22+Artmodul_Einzelteilpreise_alt!G87+8*Artmodul_Einzelteilpreise_alt!G263+4*Artmodul_Einzelteilpreise_alt!G273+4*Artmodul_Einzelteilpreise_alt!G280+4*Artmodul_Einzelteilpreise_alt!G272 -> 731 | I5: =2*Artmodul_Einzelteilpreise_alt!G3+2*Artmodul_Einzelteilpreise_alt!G23+Artmodul_Einzelteilpreise_alt!G92+8*Artmodul_Einzelteilpreise_alt!G263+4*Artmodul_Einzelteilpreise_alt!G273+4*Artmodul_Einzelteilpreise_alt!G281+4*Artmodul_Einzelteilpreise_alt!G272 -> 825
C6: 580 | D6: =2*Artmodul_Einzelteilpreise_alt!G4+2*Artmodul_Einzelteilpreise_alt!G18+Artmodul_Einzelteilpreise_alt!G68+8*Artmodul_Einzelteilpreise_alt!G263+4*Artmodul_Einzelteilpreise_alt!G274+4*Artmodul_Einzelteilpreise_alt!G271+4*Artmodul_Einzelteilpreise_alt!G272 -> 493 | E6: =2*Artmodul_Einzelteilpreise_alt!G4+2*Artmodul_Einzelteilpreise_alt!G19+Artmodul_Einzelteilpreise_alt!G73+8*Artmodul_Einzelteilpreise_alt!G263+4*Artmodul_Einzelteilpreise_alt!G274+4*Artmodul_Einzelteilpreise_alt!G272+4*Artmodul_Einzelteilpreise_alt!G272 -> 493 | F6: =2*Artmodul_Einzelteilpreise_alt!G4+2*Artmodul_Einzelteilpreise_alt!G20+Artmodul_Einzelteilpreise_alt!G78+8*Artmodul_Einzelteilpreise_alt!G263+4*Artmodul_Einzelteilpreise_alt!G274+4*Artmodul_Einzelteilpreise_alt!G276+4*Artmodul_Einzelteilpreise_alt!G272 -> 588 | G6: =2*Artmodul_Einzelteilpreise_alt!G4+2*Artmodul_Einzelteilpreise_alt!G21+Artmodul_Einzelteilpreise_alt!G83+8*Artmodul_Einzelteilpreise_alt!G263+4*Artmodul_Einzelteilpreise_alt!G274+4*Artmodul_Einzelteilpreise_alt!G279+4*Artmodul_Einzelteilpreise_alt!G272 -> 689 | H6: =2*Artmodul_Einzelteilpreise_alt!G4+2*Artmodul_Einzelteilpreise_alt!G22+Artmodul_Einzelteilpreise_alt!G88+8*Artmodul_Einzelteilpreise_alt!G263+4*Artmodul_Einzelteilpreise_alt!G274+4*Artmodul_Einzelteilpreise_alt!G280+4*Artmodul_Einzelteilpreise_alt!G272 -> 800 | I6: =2*Artmodul_Einzelteilpreise_alt!G4+2*Artmodul_Einzelteilpreise_alt!G23+Artmodul_Einzelteilpreise_alt!G93+8*Artmodul_Einzelteilpreise_alt!G263+4*Artmodul_Einzelteilpreise_alt!G274+4*Artmodul_Einzelteilpreise_alt!G281+4*Artmodul_Einzelteilpreise_alt!G272 -> 905
C7: 780 | D7: =2*Artmodul_Einzelteilpreise_alt!G5+2*Artmodul_Einzelteilpreise_alt!G18+Artmodul_Einzelteilpreise_alt!G69+8*Artmodul_Einzelteilpreise_alt!G263+4*Artmodul_Einzelteilpreise_alt!G277+4*Artmodul_Einzelteilpreise_alt!G271+4*Artmodul_Einzelteilpreise_alt!G272 -> 544 | E7: =2*Artmodul_Einzelteilpreise_alt!G5+2*Artmodul_Einzelteilpreise_alt!G19+Artmodul_Einzelteilpreise_alt!G74+8*Artmodul_Einzelteilpreise_alt!G263+4*Artmodul_Einzelteilpreise_alt!G277+4*Artmodul_Einzelteilpreise_alt!G272+4*Artmodul_Einzelteilpreise_alt!G272 -> 544 | F7: =2*Artmodul_Einzelteilpreise_alt!G5+2*Artmodul_Einzelteilpreise_alt!G20+Artmodul_Einzelteilpreise_alt!G79+8*Artmodul_Einzelteilpreise_alt!G263+4*Artmodul_Einzelteilpreise_alt!G277+4*Artmodul_Einzelteilpreise_alt!G276+4*Artmodul_Einzelteilpreise_alt!G272 -> 651 | G7: =2*Artmodul_Einzelteilpreise_alt!G5+2*Artmodul_Einzelteilpreise_alt!G21+Artmodul_Einzelteilpreise_alt!G84+8*Artmodul_Einzelteilpreise_alt!G263+4*Artmodul_Einzelteilpreise_alt!G277+4*Artmodul_Einzelteilpreise_alt!G279+4*Artmodul_Einzelteilpreise_alt!G272 -> 769 | H7: =2*Artmodul_Einzelteilpreise_alt!G5+2*Artmodul_Einzelteilpreise_alt!G22+Artmodul_Einzelteilpreise_alt!G89+8*Artmodul_Einzelteilpreise_alt!G263+4*Artmodul_Einzelteilpreise_alt!G277+4*Artmodul_Einzelteilpreise_alt!G280+4*Artmodul_Einzelteilpreise_alt!G272 -> 891 | I7: =2*Artmodul_Einzelteilpreise_alt!G5+2*Artmodul_Einzelteilpreise_alt!G23+Artmodul_Einzelteilpreise_alt!G94+8*Artmodul_Einzelteilpreise_alt!G263+4*Artmodul_Einzelteilpreise_alt!G277+4*Artmodul_Einzelteilpreise_alt!G281+4*Artmodul_Einzelteilpreise_alt!G272 -> 1010
C8: 980 | D8: =2*Artmodul_Einzelteilpreise_alt!G6+2*Artmodul_Einzelteilpreise_alt!G18+Artmodul_Einzelteilpreise_alt!G70+8*Artmodul_Einzelteilpreise_alt!G263+4*Artmodul_Einzelteilpreise_alt!G278+4*Artmodul_Einzelteilpreise_alt!G271+4*Artmodul_Einzelteilpreise_alt!G272 -> 594 | E8: =2*Artmodul_Einzelteilpreise_alt!G6+2*Artmodul_Einzelteilpreise_alt!G19+Artmodul_Einzelteilpreise_alt!G75+8*Artmodul_Einzelteilpreise_alt!G263+4*Artmodul_Einzelteilpreise_alt!G278+4*Artmodul_Einzelteilpreise_alt!G272+4*Artmodul_Einzelteilpreise_alt!G272 -> 594 | F8: =2*Artmodul_Einzelteilpreise_alt!G6+2*Artmodul_Einzelteilpreise_alt!G20+Artmodul_Einzelteilpreise_alt!G80+8*Artmodul_Einzelteilpreise_alt!G263+4*Artmodul_Einzelteilpreise_alt!G278+4*Artmodul_Einzelteilpreise_alt!G276+4*Artmodul_Einzelteilpreise_alt!G272 -> 714 | G8: =2*Artmodul_Einzelteilpreise_alt!G6+2*Artmodul_Einzelteilpreise_alt!G21+Artmodul_Einzelteilpreise_alt!G85+8*Artmodul_Einzelteilpreise_alt!G263+4*Artmodul_Einzelteilpreise_alt!G278+4*Artmodul_Einzelteilpreise_alt!G279+4*Artmodul_Einzelteilpreise_alt!G272 -> 844 | H8: =2*Artmodul_Einzelteilpreise_alt!G6+2*Artmodul_Einzelteilpreise_alt!G22+Artmodul_Einzelteilpreise_alt!G90+8*Artmodul_Einzelteilpreise_alt!G263+4*Artmodul_Einzelteilpreise_alt!G278+4*Artmodul_Einzelteilpreise_alt!G280+4*Artmodul_Einzelteilpreise_alt!G272 -> 980 | I8: =2*Artmodul_Einzelteilpreise_alt!G6+2*Artmodul_Einzelteilpreise_alt!G23+Artmodul_Einzelteilpreise_alt!G95+8*Artmodul_Einzelteilpreise_alt!G263+4*Artmodul_Einzelteilpreise_alt!G278+4*Artmodul_Einzelteilpreise_alt!G281+4*Artmodul_Einzelteilpreise_alt!G272 -> 1111
A10: Klappe | B10: 360 | C10: 420 | D10: =2*Artmodul_Einzelteilpreise_alt!G3+2*Artmodul_Einzelteilpreise_alt!G18+Artmodul_Einzelteilpreise_alt!G67+8*Artmodul_Einzelteilpreise_alt!G263+4*Artmodul_Einzelteilpreise_alt!G273+4*Artmodul_Einzelteilpreise_alt!G271+4*Artmodul_Einzelteilpreise_alt!G272+Artmodul_Einzelteilpreise_alt!G191 -> 627 | E10: =2*Artmodul_Einzelteilpreise_alt!G3+2*Artmodul_Einzelteilpreise_alt!G19+Artmodul_Einzelteilpreise_alt!G72+8*Artmodul_Einzelteilpreise_alt!G263+4*Artmodul_Einzelteilpreise_alt!G273+4*Artmodul_Einzelteilpreise_alt!G272+4*Artmodul_Einzelteilpreise_alt!G272+Artmodul_Einzelteilpreise_alt!G192 -> 627
C11: 580 | D11: =2*Artmodul_Einzelteilpreise_alt!G4+2*Artmodul_Einzelteilpreise_alt!G18+Artmodul_Einzelteilpreise_alt!G68+8*Artmodul_Einzelteilpreise_alt!G263+4*Artmodul_Einzelteilpreise_alt!G274+4*Artmodul_Einzelteilpreise_alt!G271+4*Artmodul_Einzelteilpreise_alt!G272+Artmodul_Einzelteilpreise_alt!G193 -> 677 | E11: =2*Artmodul_Einzelteilpreise_alt!G4+2*Artmodul_Einzelteilpreise_alt!G19+Artmodul_Einzelteilpreise_alt!G73+8*Artmodul_Einzelteilpreise_alt!G263+4*Artmodul_Einzelteilpreise_alt!G274+4*Artmodul_Einzelteilpreise_alt!G272+4*Artmodul_Einzelteilpreise_alt!G272+Artmodul_Einzelteilpreise_alt!G194 -> 677
C12: 780 | D12: =2*Artmodul_Einzelteilpreise_alt!G5+2*Artmodul_Einzelteilpreise_alt!G18+Artmodul_Einzelteilpreise_alt!G69+8*Artmodul_Einzelteilpreise_alt!G263+4*Artmodul_Einzelteilpreise_alt!G277+4*Artmodul_Einzelteilpreise_alt!G271+4*Artmodul_Einzelteilpreise_alt!G272+Artmodul_Einzelteilpreise_alt!G195 -> 742 | E12: =2*Artmodul_Einzelteilpreise_alt!G5+2*Artmodul_Einzelteilpreise_alt!G19+Artmodul_Einzelteilpreise_alt!G74+8*Artmodul_Einzelteilpreise_alt!G263+4*Artmodul_Einzelteilpreise_alt!G277+4*Artmodul_Einzelteilpreise_alt!G272+4*Artmodul_Einzelteilpreise_alt!G272+Artmodul_Einzelteilpreise_alt!G196 -> 742
C13: 980 | D13: =2*Artmodul_Einzelteilpreise_alt!G6+2*Artmodul_Einzelteilpreise_alt!G18+Artmodul_Einzelteilpreise_alt!G70+8*Artmodul_Einzelteilpreise_alt!G263+4*Artmodul_Einzelteilpreise_alt!G278+4*Artmodul_Einzelteilpreise_alt!G271+4*Artmodul_Einzelteilpreise_alt!G272+Artmodul_Einzelteilpreise_alt!G197 -> 844 | E13: =2*Artmodul_Einzelteilpreise_alt!G6+2*Artmodul_Einzelteilpreise_alt!G19+Artmodul_Einzelteilpreise_alt!G75+8*Artmodul_Einzelteilpreise_alt!G263+4*Artmodul_Einzelteilpreise_alt!G278+4*Artmodul_Einzelteilpreise_alt!G272+4*Artmodul_Einzelteilpreise_alt!G272+Artmodul_Einzelteilpreise_alt!G198 -> 844
A15: Tür | B15: 360 | C15: 420 | E15: =2*Artmodul_Einzelteilpreise_alt!G3+2*Artmodul_Einzelteilpreise_alt!G19+Artmodul_Einzelteilpreise_alt!G72+8*Artmodul_Einzelteilpreise_alt!G263+4*Artmodul_Einzelteilpreise_alt!G273+4*Artmodul_Einzelteilpreise_alt!G272+4*Artmodul_Einzelteilpreise_alt!G272+Artmodul_Einzelteilpreise_alt!G202 -> 594 | F15: =2*Artmodul_Einzelteilpreise_alt!G3+2*Artmodul_Einzelteilpreise_alt!G20+Artmodul_Einzelteilpreise_alt!G77+8*Artmodul_Einzelteilpreise_alt!G263+4*Artmodul_Einzelteilpreise_alt!G273+4*Artmodul_Einzelteilpreise_alt!G276+4*Artmodul_Einzelteilpreise_alt!G272+Artmodul_Einzelteilpreise_alt!G203 -> 699 | G15: =2*Artmodul_Einzelteilpreise_alt!G3+2*Artmodul_Einzelteilpreise_alt!G21+Artmodul_Einzelteilpreise_alt!G82+8*Artmodul_Einzelteilpreise_alt!G263+4*Artmodul_Einzelteilpreise_alt!G273+4*Artmodul_Einzelteilpreise_alt!G279+4*Artmodul_Einzelteilpreise_alt!G272+Artmodul_Einzelteilpreise_alt!G204 -> 867 | H15: =2*Artmodul_Einzelteilpreise_alt!G3+2*Artmodul_Einzelteilpreise_alt!G22+Artmodul_Einzelteilpreise_alt!G87+8*Artmodul_Einzelteilpreise_alt!G263+4*Artmodul_Einzelteilpreise_alt!G273+4*Artmodul_Einzelteilpreise_alt!G280+4*Artmodul_Einzelteilpreise_alt!G272+Artmodul_Einzelteilpreise_alt!G205 -> 988 | I15: =2*Artmodul_Einzelteilpreise_alt!G3+2*Artmodul_Einzelteilpreise_alt!G23+Artmodul_Einzelteilpreise_alt!G92+8*Artmodul_Einzelteilpreise_alt!G263+4*Artmodul_Einzelteilpreise_alt!G273+4*Artmodul_Einzelteilpreise_alt!G281+4*Artmodul_Einzelteilpreise_alt!G272+Artmodul_Einzelteilpreise_alt!G206 -> 1165
C16: 580 | E16: =2*Artmodul_Einzelteilpreise_alt!G4+2*Artmodul_Einzelteilpreise_alt!G19+Artmodul_Einzelteilpreise_alt!G73+8*Artmodul_Einzelteilpreise_alt!G263+4*Artmodul_Einzelteilpreise_alt!G274+4*Artmodul_Einzelteilpreise_alt!G272+4*Artmodul_Einzelteilpreise_alt!G272+Artmodul_Einzelteilpreise_alt!G207 -> 646 | F16: =2*Artmodul_Einzelteilpreise_alt!G4+2*Artmodul_Einzelteilpreise_alt!G20+Artmodul_Einzelteilpreise_alt!G78+8*Artmodul_Einzelteilpreise_alt!G263+4*Artmodul_Einzelteilpreise_alt!G274+4*Artmodul_Einzelteilpreise_alt!G276+4*Artmodul_Einzelteilpreise_alt!G272+Artmodul_Einzelteilpreise_alt!G208 -> 798 | G16: =2*Artmodul_Einzelteilpreise_alt!G4+2*Artmodul_Einzelteilpreise_alt!G21+Artmodul_Einzelteilpreise_alt!G83+8*Artmodul_Einzelteilpreise_alt!G263+4*Artmodul_Einzelteilpreise_alt!G274+4*Artmodul_Einzelteilpreise_alt!G279+4*Artmodul_Einzelteilpreise_alt!G272+Artmodul_Einzelteilpreise_alt!G209 -> 967 | H16: =2*Artmodul_Einzelteilpreise_alt!G4+2*Artmodul_Einzelteilpreise_alt!G22+Artmodul_Einzelteilpreise_alt!G88+8*Artmodul_Einzelteilpreise_alt!G263+4*Artmodul_Einzelteilpreise_alt!G274+4*Artmodul_Einzelteilpreise_alt!G280+4*Artmodul_Einzelteilpreise_alt!G272+Artmodul_Einzelteilpreise_alt!G210 -> 1137 | I16: =2*Artmodul_Einzelteilpreise_alt!G4+2*Artmodul_Einzelteilpreise_alt!G23+Artmodul_Einzelteilpreise_alt!G93+8*Artmodul_Einzelteilpreise_alt!G263+4*Artmodul_Einzelteilpreise_alt!G274+4*Artmodul_Einzelteilpreise_alt!G281+4*Artmodul_Einzelteilpreise_alt!G272+Artmodul_Einzelteilpreise_alt!G211 -> 1322
C17: 780 | E17: =2*Artmodul_Einzelteilpreise_alt!G5+2*Artmodul_Einzelteilpreise_alt!G19+Artmodul_Einzelteilpreise_alt!G74+8*Artmodul_Einzelteilpreise_alt!G263+4*Artmodul_Einzelteilpreise_alt!G277+4*Artmodul_Einzelteilpreise_alt!G272+4*Artmodul_Einzelteilpreise_alt!G272+Artmodul_Einzelteilpreise_alt!G214 -> 799 | F17: =2*Artmodul_Einzelteilpreise_alt!G5+2*Artmodul_Einzelteilpreise_alt!G20+Artmodul_Einzelteilpreise_alt!G79+8*Artmodul_Einzelteilpreise_alt!G263+4*Artmodul_Einzelteilpreise_alt!G277+4*Artmodul_Einzelteilpreise_alt!G276+4*Artmodul_Einzelteilpreise_alt!G272+Artmodul_Einzelteilpreise_alt!G216 -> 965 | G17: =2*Artmodul_Einzelteilpreise_alt!G5+2*Artmodul_Einzelteilpreise_alt!G21+Artmodul_Einzelteilpreise_alt!G84+8*Artmodul_Einzelteilpreise_alt!G263+4*Artmodul_Einzelteilpreise_alt!G277+4*Artmodul_Einzelteilpreise_alt!G279+4*Artmodul_Einzelteilpreise_alt!G272+Artmodul_Einzelteilpreise_alt!G217 -> 1233 | H17: =2*Artmodul_Einzelteilpreise_alt!G5+2*Artmodul_Einzelteilpreise_alt!G22+Artmodul_Einzelteilpreise_alt!G89+8*Artmodul_Einzelteilpreise_alt!G263+4*Artmodul_Einzelteilpreise_alt!G277+4*Artmodul_Einzelteilpreise_alt!G280+4*Artmodul_Einzelteilpreise_alt!G272+Artmodul_Einzelteilpreise_alt!G218 -> 1433 | I17: =2*Artmodul_Einzelteilpreise_alt!G5+2*Artmodul_Einzelteilpreise_alt!G23+Artmodul_Einzelteilpreise_alt!G94+8*Artmodul_Einzelteilpreise_alt!G263+4*Artmodul_Einzelteilpreise_alt!G277+4*Artmodul_Einzelteilpreise_alt!G281+4*Artmodul_Einzelteilpreise_alt!G272+Artmodul_Einzelteilpreise_alt!G219 -> 1678
C18: 980 | E18: =2*Artmodul_Einzelteilpreise_alt!G6+2*Artmodul_Einzelteilpreise_alt!G19+Artmodul_Einzelteilpreise_alt!G75+8*Artmodul_Einzelteilpreise_alt!G263+4*Artmodul_Einzelteilpreise_alt!G278+4*Artmodul_Einzelteilpreise_alt!G272+4*Artmodul_Einzelteilpreise_alt!G272+Artmodul_Einzelteilpreise_alt!G220 -> 863 | F18: =2*Artmodul_Einzelteilpreise_alt!G6+2*Artmodul_Einzelteilpreise_alt!G20+Artmodul_Einzelteilpreise_alt!G80+8*Artmodul_Einzelteilpreise_alt!G263+4*Artmodul_Einzelteilpreise_alt!G278+4*Artmodul_Einzelteilpreise_alt!G276+4*Artmodul_Einzelteilpreise_alt!G272+Artmodul_Einzelteilpreise_alt!G221 -> 1089 | G18: =2*Artmodul_Einzelteilpreise_alt!G6+2*Artmodul_Einzelteilpreise_alt!G21+Artmodul_Einzelteilpreise_alt!G85+8*Artmodul_Einzelteilpreise_alt!G263+4*Artmodul_Einzelteilpreise_alt!G278+4*Artmodul_Einzelteilpreise_alt!G279+4*Artmodul_Einzelteilpreise_alt!G272+Artmodul_Einzelteilpreise_alt!G222 -> 1367 | H18: =2*Artmodul_Einzelteilpreise_alt!G6+2*Artmodul_Einzelteilpreise_alt!G22+Artmodul_Einzelteilpreise_alt!G90+8*Artmodul_Einzelteilpreise_alt!G263+4*Artmodul_Einzelteilpreise_alt!G278+4*Artmodul_Einzelteilpreise_alt!G280+4*Artmodul_Einzelteilpreise_alt!G272+Artmodul_Einzelteilpreise_alt!G223 -> 1605 | I18: =2*Artmodul_Einzelteilpreise_alt!G6+2*Artmodul_Einzelteilpreise_alt!G23+Artmodul_Einzelteilpreise_alt!G95+8*Artmodul_Einzelteilpreise_alt!G263+4*Artmodul_Einzelteilpreise_alt!G278+4*Artmodul_Einzelteilpreise_alt!G281+4*Artmodul_Einzelteilpreise_alt!G272+Artmodul_Einzelteilpreise_alt!G224 -> 1880
A20: Schublade | B20: 360 | C20: 420 | D20: =2*Artmodul_Einzelteilpreise_alt!G3+2*Artmodul_Einzelteilpreise_alt!G18+Artmodul_Einzelteilpreise_alt!G67+8*Artmodul_Einzelteilpreise_alt!G263+4*Artmodul_Einzelteilpreise_alt!G273+4*Artmodul_Einzelteilpreise_alt!G271+4*Artmodul_Einzelteilpreise_alt!G272+Artmodul_Einzelteilpreise_alt!G225 -> 743 | E20: =2*Artmodul_Einzelteilpreise_alt!G3+2*Artmodul_Einzelteilpreise_alt!G19+Artmodul_Einzelteilpreise_alt!G72+8*Artmodul_Einzelteilpreise_alt!G263+4*Artmodul_Einzelteilpreise_alt!G273+4*Artmodul_Einzelteilpreise_alt!G272+4*Artmodul_Einzelteilpreise_alt!G272+Artmodul_Einzelteilpreise_alt!G226 -> 810
C21: 580 | D21: =2*Artmodul_Einzelteilpreise_alt!G4+2*Artmodul_Einzelteilpreise_alt!G18+Artmodul_Einzelteilpreise_alt!G68+8*Artmodul_Einzelteilpreise_alt!G263+4*Artmodul_Einzelteilpreise_alt!G274+4*Artmodul_Einzelteilpreise_alt!G271+4*Artmodul_Einzelteilpreise_alt!G272+Artmodul_Einzelteilpreise_alt!G227 -> 791 | E21: =2*Artmodul_Einzelteilpreise_alt!G4+2*Artmodul_Einzelteilpreise_alt!G19+Artmodul_Einzelteilpreise_alt!G73+8*Artmodul_Einzelteilpreise_alt!G263+4*Artmodul_Einzelteilpreise_alt!G274+4*Artmodul_Einzelteilpreise_alt!G272+4*Artmodul_Einzelteilpreise_alt!G272+Artmodul_Einzelteilpreise_alt!G228 -> 846
C22: 780 | D22: =2*Artmodul_Einzelteilpreise_alt!G5+2*Artmodul_Einzelteilpreise_alt!G18+Artmodul_Einzelteilpreise_alt!G69+8*Artmodul_Einzelteilpreise_alt!G263+4*Artmodul_Einzelteilpreise_alt!G277+4*Artmodul_Einzelteilpreise_alt!G271+4*Artmodul_Einzelteilpreise_alt!G272+Artmodul_Einzelteilpreise_alt!G229 -> 853 | E22: =2*Artmodul_Einzelteilpreise_alt!G5+2*Artmodul_Einzelteilpreise_alt!G19+Artmodul_Einzelteilpreise_alt!G74+8*Artmodul_Einzelteilpreise_alt!G263+4*Artmodul_Einzelteilpreise_alt!G277+4*Artmodul_Einzelteilpreise_alt!G272+4*Artmodul_Einzelteilpreise_alt!G272+Artmodul_Einzelteilpreise_alt!G230 -> 900
C23: 980 | D23: =2*Artmodul_Einzelteilpreise_alt!G6+2*Artmodul_Einzelteilpreise_alt!G18+Artmodul_Einzelteilpreise_alt!G70+8*Artmodul_Einzelteilpreise_alt!G263+4*Artmodul_Einzelteilpreise_alt!G278+4*Artmodul_Einzelteilpreise_alt!G271+4*Artmodul_Einzelteilpreise_alt!G272+Artmodul_Einzelteilpreise_alt!G231 -> 942 | E23: =2*Artmodul_Einzelteilpreise_alt!G6+2*Artmodul_Einzelteilpreise_alt!G19+Artmodul_Einzelteilpreise_alt!G75+8*Artmodul_Einzelteilpreise_alt!G263+4*Artmodul_Einzelteilpreise_alt!G278+4*Artmodul_Einzelteilpreise_alt!G272+4*Artmodul_Einzelteilpreise_alt!G272+Artmodul_Einzelteilpreise_alt!G232 -> 1023
A26: Tiefe 580 mm
A27: Front | B27: Tiefe (mm) | C27: Breite (mm) | D27: H 180 mm | E27: H 360 mm | F27: H 720 mm | G27: H 1080 mm | H27: H 1440 mm | I27: H 1800 mm
A28: Offen | B28: 580 | C28: 420 | D28: =2*Artmodul_Einzelteilpreise_alt!G8+2*Artmodul_Einzelteilpreise_alt!G24+Artmodul_Einzelteilpreise_alt!G67+8*Artmodul_Einzelteilpreise_alt!G263+4*Artmodul_Einzelteilpreise_alt!G273+4*Artmodul_Einzelteilpreise_alt!G271+4*Artmodul_Einzelteilpreise_alt!G274 -> 514 | E28: =2*Artmodul_Einzelteilpreise_alt!G8+2*Artmodul_Einzelteilpreise_alt!G25+Artmodul_Einzelteilpreise_alt!G72+8*Artmodul_Einzelteilpreise_alt!G263+4*Artmodul_Einzelteilpreise_alt!G273+4*Artmodul_Einzelteilpreise_alt!G272+4*Artmodul_Einzelteilpreise_alt!G274 -> 514 | F28: =2*Artmodul_Einzelteilpreise_alt!G8+2*Artmodul_Einzelteilpreise_alt!G26+Artmodul_Einzelteilpreise_alt!G77+8*Artmodul_Einzelteilpreise_alt!G263+4*Artmodul_Einzelteilpreise_alt!G273+4*Artmodul_Einzelteilpreise_alt!G276+4*Artmodul_Einzelteilpreise_alt!G274 -> 638 | G28: =2*Artmodul_Einzelteilpreise_alt!G8+2*Artmodul_Einzelteilpreise_alt!G27+Artmodul_Einzelteilpreise_alt!G82+8*Artmodul_Einzelteilpreise_alt!G263+4*Artmodul_Einzelteilpreise_alt!G273+4*Artmodul_Einzelteilpreise_alt!G279+4*Artmodul_Einzelteilpreise_alt!G274 -> 756 | H28: =2*Artmodul_Einzelteilpreise_alt!G8+2*Artmodul_Einzelteilpreise_alt!G28+Artmodul_Einzelteilpreise_alt!G87+8*Artmodul_Einzelteilpreise_alt!G263+4*Artmodul_Einzelteilpreise_alt!G273+4*Artmodul_Einzelteilpreise_alt!G280+4*Artmodul_Einzelteilpreise_alt!G274 -> 885 | I28: =2*Artmodul_Einzelteilpreise_alt!G8+2*Artmodul_Einzelteilpreise_alt!G29+Artmodul_Einzelteilpreise_alt!G92+8*Artmodul_Einzelteilpreise_alt!G263+4*Artmodul_Einzelteilpreise_alt!G273+4*Artmodul_Einzelteilpreise_alt!G281+4*Artmodul_Einzelteilpreise_alt!G274 -> 1007
C29: 580 | D29: =2*Artmodul_Einzelteilpreise_alt!G9+2*Artmodul_Einzelteilpreise_alt!G24+Artmodul_Einzelteilpreise_alt!G68+8*Artmodul_Einzelteilpreise_alt!G263+4*Artmodul_Einzelteilpreise_alt!G274+4*Artmodul_Einzelteilpreise_alt!G271+4*Artmodul_Einzelteilpreise_alt!G274 -> 567 | E29: =2*Artmodul_Einzelteilpreise_alt!G9+2*Artmodul_Einzelteilpreise_alt!G25+Artmodul_Einzelteilpreise_alt!G73+8*Artmodul_Einzelteilpreise_alt!G263+4*Artmodul_Einzelteilpreise_alt!G274+4*Artmodul_Einzelteilpreise_alt!G272+4*Artmodul_Einzelteilpreise_alt!G274 -> 567 | F29: =2*Artmodul_Einzelteilpreise_alt!G9+2*Artmodul_Einzelteilpreise_alt!G26+Artmodul_Einzelteilpreise_alt!G78+8*Artmodul_Einzelteilpreise_alt!G263+4*Artmodul_Einzelteilpreise_alt!G274+4*Artmodul_Einzelteilpreise_alt!G276+4*Artmodul_Einzelteilpreise_alt!G274 -> 704 | G29: =2*Artmodul_Einzelteilpreise_alt!G9+2*Artmodul_Einzelteilpreise_alt!G27+Artmodul_Einzelteilpreise_alt!G83+8*Artmodul_Einzelteilpreise_alt!G263+4*Artmodul_Einzelteilpreise_alt!G274+4*Artmodul_Einzelteilpreise_alt!G279+4*Artmodul_Einzelteilpreise_alt!G274 -> 831 | H29: =2*Artmodul_Einzelteilpreise_alt!G9+2*Artmodul_Einzelteilpreise_alt!G28+Artmodul_Einzelteilpreise_alt!G88+8*Artmodul_Einzelteilpreise_alt!G263+4*Artmodul_Einzelteilpreise_alt!G274+4*Artmodul_Einzelteilpreise_alt!G280+4*Artmodul_Einzelteilpreise_alt!G274 -> 972 | I29: =2*Artmodul_Einzelteilpreise_alt!G9+2*Artmodul_Einzelteilpreise_alt!G29+Artmodul_Einzelteilpreise_alt!G93+8*Artmodul_Einzelteilpreise_alt!G263+4*Artmodul_Einzelteilpreise_alt!G274+4*Artmodul_Einzelteilpreise_alt!G281+4*Artmodul_Einzelteilpreise_alt!G274 -> 1105
C30: 780 | D30: =2*Artmodul_Einzelteilpreise_alt!G10+2*Artmodul_Einzelteilpreise_alt!G24+Artmodul_Einzelteilpreise_alt!G69+8*Artmodul_Einzelteilpreise_alt!G263+4*Artmodul_Einzelteilpreise_alt!G277+4*Artmodul_Einzelteilpreise_alt!G271+4*Artmodul_Einzelteilpreise_alt!G274 -> 632 | E30: =2*Artmodul_Einzelteilpreise_alt!G10+2*Artmodul_Einzelteilpreise_alt!G25+Artmodul_Einzelteilpreise_alt!G74+8*Artmodul_Einzelteilpreise_alt!G263+4*Artmodul_Einzelteilpreise_alt!G277+4*Artmodul_Einzelteilpreise_alt!G272+4*Artmodul_Einzelteilpreise_alt!G274 -> 632 | F30: =2*Artmodul_Einzelteilpreise_alt!G10+2*Artmodul_Einzelteilpreise_alt!G26+Artmodul_Einzelteilpreise_alt!G79+8*Artmodul_Einzelteilpreise_alt!G263+4*Artmodul_Einzelteilpreise_alt!G277+4*Artmodul_Einzelteilpreise_alt!G276+4*Artmodul_Einzelteilpreise_alt!G274 -> 781 | G30: =2*Artmodul_Einzelteilpreise_alt!G10+2*Artmodul_Einzelteilpreise_alt!G27+Artmodul_Einzelteilpreise_alt!G84+8*Artmodul_Einzelteilpreise_alt!G263+4*Artmodul_Einzelteilpreise_alt!G277+4*Artmodul_Einzelteilpreise_alt!G279+4*Artmodul_Einzelteilpreise_alt!G274 -> 925 | H30: =2*Artmodul_Einzelteilpreise_alt!G10+2*Artmodul_Einzelteilpreise_alt!G28+Artmodul_Einzelteilpreise_alt!G89+8*Artmodul_Einzelteilpreise_alt!G263+4*Artmodul_Einzelteilpreise_alt!G277+4*Artmodul_Einzelteilpreise_alt!G280+4*Artmodul_Einzelteilpreise_alt!G274 -> 1077 | I30: =2*Artmodul_Einzelteilpreise_alt!G10+2*Artmodul_Einzelteilpreise_alt!G29+Artmodul_Einzelteilpreise_alt!G94+8*Artmodul_Einzelteilpreise_alt!G263+4*Artmodul_Einzelteilpreise_alt!G277+4*Artmodul_Einzelteilpreise_alt!G281+4*Artmodul_Einzelteilpreise_alt!G274 -> 1224
C31: 980 | D31: =2*Artmodul_Einzelteilpreise_alt!G11+2*Artmodul_Einzelteilpreise_alt!G24+Artmodul_Einzelteilpreise_alt!G70+8*Artmodul_Einzelteilpreise_alt!G263+4*Artmodul_Einzelteilpreise_alt!G278+4*Artmodul_Einzelteilpreise_alt!G271+4*Artmodul_Einzelteilpreise_alt!G274 -> 700 | E31: =2*Artmodul_Einzelteilpreise_alt!G11+2*Artmodul_Einzelteilpreise_alt!G25+Artmodul_Einzelteilpreise_alt!G75+8*Artmodul_Einzelteilpreise_alt!G263+4*Artmodul_Einzelteilpreise_alt!G278+4*Artmodul_Einzelteilpreise_alt!G272+4*Artmodul_Einzelteilpreise_alt!G274 -> 700 | F31: =2*Artmodul_Einzelteilpreise_alt!G11+2*Artmodul_Einzelteilpreise_alt!G26+Artmodul_Einzelteilpreise_alt!G80+8*Artmodul_Einzelteilpreise_alt!G263+4*Artmodul_Einzelteilpreise_alt!G278+4*Artmodul_Einzelteilpreise_alt!G276+4*Artmodul_Einzelteilpreise_alt!G274 -> 862 | G31: =2*Artmodul_Einzelteilpreise_alt!G11+2*Artmodul_Einzelteilpreise_alt!G27+Artmodul_Einzelteilpreise_alt!G85+8*Artmodul_Einzelteilpreise_alt!G263+4*Artmodul_Einzelteilpreise_alt!G278+4*Artmodul_Einzelteilpreise_alt!G279+4*Artmodul_Einzelteilpreise_alt!G274 -> 1018 | H31: =2*Artmodul_Einzelteilpreise_alt!G11+2*Artmodul_Einzelteilpreise_alt!G28+Artmodul_Einzelteilpreise_alt!G90+8*Artmodul_Einzelteilpreise_alt!G263+4*Artmodul_Einzelteilpreise_alt!G278+4*Artmodul_Einzelteilpreise_alt!G280+4*Artmodul_Einzelteilpreise_alt!G274 -> 1184 | I31: =2*Artmodul_Einzelteilpreise_alt!G11+2*Artmodul_Einzelteilpreise_alt!G29+Artmodul_Einzelteilpreise_alt!G95+8*Artmodul_Einzelteilpreise_alt!G263+4*Artmodul_Einzelteilpreise_alt!G278+4*Artmodul_Einzelteilpreise_alt!G281+4*Artmodul_Einzelteilpreise_alt!G274 -> 1343
A33: Klappe | B33: 580 | C33: 420 | D33: =2*Artmodul_Einzelteilpreise_alt!G8+2*Artmodul_Einzelteilpreise_alt!G24+Artmodul_Einzelteilpreise_alt!G67+8*Artmodul_Einzelteilpreise_alt!G263+4*Artmodul_Einzelteilpreise_alt!G273+4*Artmodul_Einzelteilpreise_alt!G271+4*Artmodul_Einzelteilpreise_alt!G274+Artmodul_Einzelteilpreise_alt!G191 -> 683 | E33: =2*Artmodul_Einzelteilpreise_alt!G8+2*Artmodul_Einzelteilpreise_alt!G25+Artmodul_Einzelteilpreise_alt!G72+8*Artmodul_Einzelteilpreise_alt!G263+4*Artmodul_Einzelteilpreise_alt!G273+4*Artmodul_Einzelteilpreise_alt!G272+4*Artmodul_Einzelteilpreise_alt!G274+Artmodul_Einzelteilpreise_alt!G192 -> 683
C34: 580 | D34: =2*Artmodul_Einzelteilpreise_alt!G9+2*Artmodul_Einzelteilpreise_alt!G24+Artmodul_Einzelteilpreise_alt!G68+8*Artmodul_Einzelteilpreise_alt!G263+4*Artmodul_Einzelteilpreise_alt!G274+4*Artmodul_Einzelteilpreise_alt!G271+4*Artmodul_Einzelteilpreise_alt!G274+Artmodul_Einzelteilpreise_alt!G193 -> 751 | E34: =2*Artmodul_Einzelteilpreise_alt!G9+2*Artmodul_Einzelteilpreise_alt!G25+Artmodul_Einzelteilpreise_alt!G73+8*Artmodul_Einzelteilpreise_alt!G263+4*Artmodul_Einzelteilpreise_alt!G274+4*Artmodul_Einzelteilpreise_alt!G272+4*Artmodul_Einzelteilpreise_alt!G274+Artmodul_Einzelteilpreise_alt!G194 -> 751
C35: 780 | D35: =2*Artmodul_Einzelteilpreise_alt!G10+2*Artmodul_Einzelteilpreise_alt!G24+Artmodul_Einzelteilpreise_alt!G69+8*Artmodul_Einzelteilpreise_alt!G263+4*Artmodul_Einzelteilpreise_alt!G277+4*Artmodul_Einzelteilpreise_alt!G271+4*Artmodul_Einzelteilpreise_alt!G274+Artmodul_Einzelteilpreise_alt!G195 -> 830 | E35: =2*Artmodul_Einzelteilpreise_alt!G10+2*Artmodul_Einzelteilpreise_alt!G25+Artmodul_Einzelteilpreise_alt!G74+8*Artmodul_Einzelteilpreise_alt!G263+4*Artmodul_Einzelteilpreise_alt!G277+4*Artmodul_Einzelteilpreise_alt!G272+4*Artmodul_Einzelteilpreise_alt!G274+Artmodul_Einzelteilpreise_alt!G196 -> 830
C36: 980 | D36: =2*Artmodul_Einzelteilpreise_alt!G11+2*Artmodul_Einzelteilpreise_alt!G24+Artmodul_Einzelteilpreise_alt!G70+8*Artmodul_Einzelteilpreise_alt!G263+4*Artmodul_Einzelteilpreise_alt!G278+4*Artmodul_Einzelteilpreise_alt!G271+4*Artmodul_Einzelteilpreise_alt!G274+Artmodul_Einzelteilpreise_alt!G197 -> 950 | E36: =2*Artmodul_Einzelteilpreise_alt!G11+2*Artmodul_Einzelteilpreise_alt!G25+Artmodul_Einzelteilpreise_alt!G75+8*Artmodul_Einzelteilpreise_alt!G263+4*Artmodul_Einzelteilpreise_alt!G278+4*Artmodul_Einzelteilpreise_alt!G272+4*Artmodul_Einzelteilpreise_alt!G274+Artmodul_Einzelteilpreise_alt!G198 -> 950
A38: Tür | B38: 580 | C38: 420 | E38: =2*Artmodul_Einzelteilpreise_alt!G8+2*Artmodul_Einzelteilpreise_alt!G25+Artmodul_Einzelteilpreise_alt!G72+8*Artmodul_Einzelteilpreise_alt!G263+4*Artmodul_Einzelteilpreise_alt!G273+4*Artmodul_Einzelteilpreise_alt!G272+4*Artmodul_Einzelteilpreise_alt!G274+Artmodul_Einzelteilpreise_alt!G202 -> 650 | F38: =2*Artmodul_Einzelteilpreise_alt!G8+2*Artmodul_Einzelteilpreise_alt!G26+Artmodul_Einzelteilpreise_alt!G77+8*Artmodul_Einzelteilpreise_alt!G263+4*Artmodul_Einzelteilpreise_alt!G273+4*Artmodul_Einzelteilpreise_alt!G276+4*Artmodul_Einzelteilpreise_alt!G274+Artmodul_Einzelteilpreise_alt!G203 -> 797 | G38: =2*Artmodul_Einzelteilpreise_alt!G8+2*Artmodul_Einzelteilpreise_alt!G27+Artmodul_Einzelteilpreise_alt!G82+8*Artmodul_Einzelteilpreise_alt!G263+4*Artmodul_Einzelteilpreise_alt!G273+4*Artmodul_Einzelteilpreise_alt!G279+4*Artmodul_Einzelteilpreise_alt!G274+Artmodul_Einzelteilpreise_alt!G204 -> 991 | H38: =2*Artmodul_Einzelteilpreise_alt!G8+2*Artmodul_Einzelteilpreise_alt!G28+Artmodul_Einzelteilpreise_alt!G87+8*Artmodul_Einzelteilpreise_alt!G263+4*Artmodul_Einzelteilpreise_alt!G273+4*Artmodul_Einzelteilpreise_alt!G280+4*Artmodul_Einzelteilpreise_alt!G274+Artmodul_Einzelteilpreise_alt!G205 -> 1142 | I38: =2*Artmodul_Einzelteilpreise_alt!G8+2*Artmodul_Einzelteilpreise_alt!G29+Artmodul_Einzelteilpreise_alt!G92+8*Artmodul_Einzelteilpreise_alt!G263+4*Artmodul_Einzelteilpreise_alt!G273+4*Artmodul_Einzelteilpreise_alt!G281+4*Artmodul_Einzelteilpreise_alt!G274+Artmodul_Einzelteilpreise_alt!G206 -> 1347
C39: 580 | E39: =2*Artmodul_Einzelteilpreise_alt!G9+2*Artmodul_Einzelteilpreise_alt!G25+Artmodul_Einzelteilpreise_alt!G73+8*Artmodul_Einzelteilpreise_alt!G263+4*Artmodul_Einzelteilpreise_alt!G274+4*Artmodul_Einzelteilpreise_alt!G272+4*Artmodul_Einzelteilpreise_alt!G274+Artmodul_Einzelteilpreise_alt!G207 -> 720 | F39: =2*Artmodul_Einzelteilpreise_alt!G9+2*Artmodul_Einzelteilpreise_alt!G26+Artmodul_Einzelteilpreise_alt!G78+8*Artmodul_Einzelteilpreise_alt!G263+4*Artmodul_Einzelteilpreise_alt!G274+4*Artmodul_Einzelteilpreise_alt!G276+4*Artmodul_Einzelteilpreise_alt!G274+Artmodul_Einzelteilpreise_alt!G208 -> 914 | G39: =2*Artmodul_Einzelteilpreise_alt!G9+2*Artmodul_Einzelteilpreise_alt!G27+Artmodul_Einzelteilpreise_alt!G83+8*Artmodul_Einzelteilpreise_alt!G263+4*Artmodul_Einzelteilpreise_alt!G274+4*Artmodul_Einzelteilpreise_alt!G279+4*Artmodul_Einzelteilpreise_alt!G274+Artmodul_Einzelteilpreise_alt!G209 -> 1109 | H39: =2*Artmodul_Einzelteilpreise_alt!G9+2*Artmodul_Einzelteilpreise_alt!G28+Artmodul_Einzelteilpreise_alt!G88+8*Artmodul_Einzelteilpreise_alt!G263+4*Artmodul_Einzelteilpreise_alt!G274+4*Artmodul_Einzelteilpreise_alt!G280+4*Artmodul_Einzelteilpreise_alt!G274+Artmodul_Einzelteilpreise_alt!G210 -> 1309 | I39: =2*Artmodul_Einzelteilpreise_alt!G9+2*Artmodul_Einzelteilpreise_alt!G29+Artmodul_Einzelteilpreise_alt!G93+8*Artmodul_Einzelteilpreise_alt!G263+4*Artmodul_Einzelteilpreise_alt!G274+4*Artmodul_Einzelteilpreise_alt!G281+4*Artmodul_Einzelteilpreise_alt!G274+Artmodul_Einzelteilpreise_alt!G211 -> 1522
C40: 780 | E40: =2*Artmodul_Einzelteilpreise_alt!G10+2*Artmodul_Einzelteilpreise_alt!G25+Artmodul_Einzelteilpreise_alt!G74+8*Artmodul_Einzelteilpreise_alt!G263+4*Artmodul_Einzelteilpreise_alt!G277+4*Artmodul_Einzelteilpreise_alt!G272+4*Artmodul_Einzelteilpreise_alt!G274+Artmodul_Einzelteilpreise_alt!G214 -> 887 | F40: =2*Artmodul_Einzelteilpreise_alt!G10+2*Artmodul_Einzelteilpreise_alt!G26+Artmodul_Einzelteilpreise_alt!G79+8*Artmodul_Einzelteilpreise_alt!G263+4*Artmodul_Einzelteilpreise_alt!G277+4*Artmodul_Einzelteilpreise_alt!G276+4*Artmodul_Einzelteilpreise_alt!G274+Artmodul_Einzelteilpreise_alt!G216 -> 1095 | G40: =2*Artmodul_Einzelteilpreise_alt!G10+2*Artmodul_Einzelteilpreise_alt!G27+Artmodul_Einzelteilpreise_alt!G84+8*Artmodul_Einzelteilpreise_alt!G263+4*Artmodul_Einzelteilpreise_alt!G277+4*Artmodul_Einzelteilpreise_alt!G279+4*Artmodul_Einzelteilpreise_alt!G274+Artmodul_Einzelteilpreise_alt!G217 -> 1389 | H40: =2*Artmodul_Einzelteilpreise_alt!G10+2*Artmodul_Einzelteilpreise_alt!G28+Artmodul_Einzelteilpreise_alt!G89+8*Artmodul_Einzelteilpreise_alt!G263+4*Artmodul_Einzelteilpreise_alt!G277+4*Artmodul_Einzelteilpreise_alt!G280+4*Artmodul_Einzelteilpreise_alt!G274+Artmodul_Einzelteilpreise_alt!G218 -> 1619 | I40: =2*Artmodul_Einzelteilpreise_alt!G10+2*Artmodul_Einzelteilpreise_alt!G29+Artmodul_Einzelteilpreise_alt!G94+8*Artmodul_Einzelteilpreise_alt!G263+4*Artmodul_Einzelteilpreise_alt!G277+4*Artmodul_Einzelteilpreise_alt!G281+4*Artmodul_Einzelteilpreise_alt!G274+Artmodul_Einzelteilpreise_alt!G219 -> 1892
C41: 980 | E41: =2*Artmodul_Einzelteilpreise_alt!G11+2*Artmodul_Einzelteilpreise_alt!G25+Artmodul_Einzelteilpreise_alt!G75+8*Artmodul_Einzelteilpreise_alt!G263+4*Artmodul_Einzelteilpreise_alt!G278+4*Artmodul_Einzelteilpreise_alt!G272+4*Artmodul_Einzelteilpreise_alt!G274+Artmodul_Einzelteilpreise_alt!G220 -> 969 | F41: =2*Artmodul_Einzelteilpreise_alt!G11+2*Artmodul_Einzelteilpreise_alt!G26+Artmodul_Einzelteilpreise_alt!G80+8*Artmodul_Einzelteilpreise_alt!G263+4*Artmodul_Einzelteilpreise_alt!G278+4*Artmodul_Einzelteilpreise_alt!G276+4*Artmodul_Einzelteilpreise_alt!G274+Artmodul_Einzelteilpreise_alt!G221 -> 1237 | G41: =2*Artmodul_Einzelteilpreise_alt!G11+2*Artmodul_Einzelteilpreise_alt!G27+Artmodul_Einzelteilpreise_alt!G85+8*Artmodul_Einzelteilpreise_alt!G263+4*Artmodul_Einzelteilpreise_alt!G278+4*Artmodul_Einzelteilpreise_alt!G279+4*Artmodul_Einzelteilpreise_alt!G274+Artmodul_Einzelteilpreise_alt!G222 -> 1541 | H41: =2*Artmodul_Einzelteilpreise_alt!G11+2*Artmodul_Einzelteilpreise_alt!G28+Artmodul_Einzelteilpreise_alt!G90+8*Artmodul_Einzelteilpreise_alt!G263+4*Artmodul_Einzelteilpreise_alt!G278+4*Artmodul_Einzelteilpreise_alt!G280+4*Artmodul_Einzelteilpreise_alt!G274+Artmodul_Einzelteilpreise_alt!G223 -> 1809 | I41: =2*Artmodul_Einzelteilpreise_alt!G11+2*Artmodul_Einzelteilpreise_alt!G29+Artmodul_Einzelteilpreise_alt!G95+8*Artmodul_Einzelteilpreise_alt!G263+4*Artmodul_Einzelteilpreise_alt!G278+4*Artmodul_Einzelteilpreise_alt!G281+4*Artmodul_Einzelteilpreise_alt!G274+Artmodul_Einzelteilpreise_alt!G224 -> 2112
A43: Schublade | B43: 580 | C43: 420 | D43: =2*Artmodul_Einzelteilpreise_alt!G8+2*Artmodul_Einzelteilpreise_alt!G24+Artmodul_Einzelteilpreise_alt!G67+8*Artmodul_Einzelteilpreise_alt!G263+4*Artmodul_Einzelteilpreise_alt!G273+4*Artmodul_Einzelteilpreise_alt!G271+4*Artmodul_Einzelteilpreise_alt!G274+Artmodul_Einzelteilpreise_alt!G225 -> 799 | E43: =2*Artmodul_Einzelteilpreise_alt!G8+2*Artmodul_Einzelteilpreise_alt!G25+Artmodul_Einzelteilpreise_alt!G72+8*Artmodul_Einzelteilpreise_alt!G263+4*Artmodul_Einzelteilpreise_alt!G273+4*Artmodul_Einzelteilpreise_alt!G272+4*Artmodul_Einzelteilpreise_alt!G274+Artmodul_Einzelteilpreise_alt!G226 -> 866
C44: 580 | D44: =2*Artmodul_Einzelteilpreise_alt!G9+2*Artmodul_Einzelteilpreise_alt!G24+Artmodul_Einzelteilpreise_alt!G68+8*Artmodul_Einzelteilpreise_alt!G263+4*Artmodul_Einzelteilpreise_alt!G274+4*Artmodul_Einzelteilpreise_alt!G271+4*Artmodul_Einzelteilpreise_alt!G274+Artmodul_Einzelteilpreise_alt!G227 -> 865 | E44: =2*Artmodul_Einzelteilpreise_alt!G9+2*Artmodul_Einzelteilpreise_alt!G25+Artmodul_Einzelteilpreise_alt!G73+8*Artmodul_Einzelteilpreise_alt!G263+4*Artmodul_Einzelteilpreise_alt!G274+4*Artmodul_Einzelteilpreise_alt!G272+4*Artmodul_Einzelteilpreise_alt!G274+Artmodul_Einzelteilpreise_alt!G228 -> 920
C45: 780 | D45: =2*Artmodul_Einzelteilpreise_alt!G10+2*Artmodul_Einzelteilpreise_alt!G24+Artmodul_Einzelteilpreise_alt!G69+8*Artmodul_Einzelteilpreise_alt!G263+4*Artmodul_Einzelteilpreise_alt!G277+4*Artmodul_Einzelteilpreise_alt!G271+4*Artmodul_Einzelteilpreise_alt!G274+Artmodul_Einzelteilpreise_alt!G229 -> 941 | E45: =2*Artmodul_Einzelteilpreise_alt!G10+2*Artmodul_Einzelteilpreise_alt!G25+Artmodul_Einzelteilpreise_alt!G74+8*Artmodul_Einzelteilpreise_alt!G263+4*Artmodul_Einzelteilpreise_alt!G277+4*Artmodul_Einzelteilpreise_alt!G272+4*Artmodul_Einzelteilpreise_alt!G274+Artmodul_Einzelteilpreise_alt!G230 -> 988
C46: 980 | D46: =2*Artmodul_Einzelteilpreise_alt!G11+2*Artmodul_Einzelteilpreise_alt!G24+Artmodul_Einzelteilpreise_alt!G70+8*Artmodul_Einzelteilpreise_alt!G263+4*Artmodul_Einzelteilpreise_alt!G278+4*Artmodul_Einzelteilpreise_alt!G271+4*Artmodul_Einzelteilpreise_alt!G274+Artmodul_Einzelteilpreise_alt!G231 -> 1048 | E46: =2*Artmodul_Einzelteilpreise_alt!G11+2*Artmodul_Einzelteilpreise_alt!G25+Artmodul_Einzelteilpreise_alt!G75+8*Artmodul_Einzelteilpreise_alt!G263+4*Artmodul_Einzelteilpreise_alt!G278+4*Artmodul_Einzelteilpreise_alt!G272+4*Artmodul_Einzelteilpreise_alt!G274+Artmodul_Einzelteilpreise_alt!G232 -> 1129

Sheet Artmodul_Einzelteilpreise_alt
A1: Art_Nr | B1: Typ | C1: Kategorie | D1: Bezeichnung | E1: Breite_mm | F1: Tiefe_mm | G1: PG1_MDF_EUR | H1: PG2_Alu_EUR | I1: PG3_Furnier_EUR | J1: PG4_Glas_EUR | K1: Warnung | L1: PG1_MDF_CHF | M1: PG2_Alu_CHF | N1: PG3_Furnier_CHF | O1: PG4_Glas_CHF | Q1: KONFIGURATOR EXPORT
A2: 3000 | B2: Platte | C2: Boden | D2: Boden (360x360) | E2: 360 | F2: 360 | G2: 34 | H2: 114 | I2: 89 | J2: 177 | L2: =IF(G2="","",ROUND(G2*1.15,0)) -> 39 | M2: =IF(H2="","",ROUND(H2*1.15,0)) -> 131 | N2: =IF(I2="","",ROUND(I2*1.15,0)) -> 102 | O2: =IF(J2="","",ROUND(J2*1.15,0)) -> 204 | Q2: Datei | R2: Verkaufspreise_V07.xlsx
A3: 3001 | B3: Platte | C3: Boden | D3: Boden (420x360) | E3: 420 | F3: 360 | G3: 34 | H3: 121 | I3: 92 | J3: 178 | L3: =IF(G3="","",ROUND(G3*1.15,0)) -> 39 | M3: =IF(H3="","",ROUND(H3*1.15,0)) -> 139 | N3: =IF(I3="","",ROUND(I3*1.15,0)) -> 106 | O3: =IF(J3="","",ROUND(J3*1.15,0)) -> 205 | Q3: Platten-Artikel | R3: =COUNTIF(B:B,"Platte") -> 258
A4: 3002 | B4: Platte | C4: Boden | D4: Boden (580x360) | E4: 580 | F4: 360 | G4: 43 | H4: 161 | I4: 130 | J4: 185 | L4: =IF(G4="","",ROUND(G4*1.15,0)) -> 49 | M4: =IF(H4="","",ROUND(H4*1.15,0)) -> 185 | N4: =IF(I4="","",ROUND(I4*1.15,0)) -> 150 | O4: =IF(J4="","",ROUND(J4*1.15,0)) -> 213 | Q4: Zubehör-Artikel | R4: =COUNTIF(B:B,"Zubehör") -> 47
A5: 3003 | B5: Platte | C5: Boden | D5: Boden (780x360) | E5: 780 | F5: 360 | G5: 56 | H5: 185 | I5: 144 | J5: 190 | L5: =IF(G5="","",ROUND(G5*1.15,0)) -> 64 | M5: =IF(H5="","",ROUND(H5*1.15,0)) -> 213 | N5: =IF(I5="","",ROUND(I5*1.15,0)) -> 166 | O5: =IF(J5="","",ROUND(J5*1.15,0)) -> 219 | Q5: Duplikate | R5: ✅ 0 – bereinigt
A6: 3004 | B6: Platte | C6: Boden | D6: Boden (980x360) | E6: 980 | F6: 360 | G6: 70 | H6: 223 | I6: 174 | J6: 209 | L6: =IF(G6="","",ROUND(G6*1.15,0)) -> 81 | M6: =IF(H6="","",ROUND(H6*1.15,0)) -> 256 | N6: =IF(I6="","",ROUND(I6*1.15,0)) -> 200 | O6: =IF(J6="","",ROUND(J6*1.15,0)) -> 240 | Q6: Warnungen | R6: =COUNTIF(K:K,"*nicht OK*") -> 10
A7: 3005 | B7: Platte | C7: Boden | D7: Boden (360x580) | E7: 360 | F7: 580 | G7: 43 | H7: 161 | I7: 130 | J7: 185 | L7: =IF(G7="","",ROUND(G7*1.15,0)) -> 49 | M7: =IF(H7="","",ROUND(H7*1.15,0)) -> 185 | N7: =IF(I7="","",ROUND(I7*1.15,0)) -> 150 | O7: =IF(J7="","",ROUND(J7*1.15,0)) -> 213 | Q7: CHF-Faktor | R7: 1.15
A8: 3006 | B8: Platte | C8: Boden | D8: Boden (420x580) | E8: 420 | F8: 580 | G8: 49 | H8: 181 | I8: 147 | J8: 186 | L8: =IF(G8="","",ROUND(G8*1.15,0)) -> 56 | M8: =IF(H8="","",ROUND(H8*1.15,0)) -> 208 | N8: =IF(I8="","",ROUND(I8*1.15,0)) -> 169 | O8: =IF(J8="","",ROUND(J8*1.15,0)) -> 214 | Q8: Preisgruppen | R8: PG1=MDF, PG2=Alu, PG3=Furnier, PG4=Glas
A9: 3007 | B9: Platte | C9: Boden | D9: Boden (580x580) | E9: 580 | F9: 580 | G9: 67 | H9: 228 | I9: 183 | J9: 191 | L9: =IF(G9="","",ROUND(G9*1.15,0)) -> 77 | M9: =IF(H9="","",ROUND(H9*1.15,0)) -> 262 | N9: =IF(I9="","",ROUND(I9*1.15,0)) -> 210 | O9: =IF(J9="","",ROUND(J9*1.15,0)) -> 220
A10: 3008 | B10: Platte | C10: Boden | D10: Boden (780x580) | E10: 780 | F10: 580 | G10: 87 | H10: 275 | I10: 225 | J10: 237 | L10: =IF(G10="","",ROUND(G10*1.15,0)) -> 100 | M10: =IF(H10="","",ROUND(H10*1.15,0)) -> 316 | N10: =IF(I10="","",ROUND(I10*1.15,0)) -> 259 | O10: =IF(J10="","",ROUND(J10*1.15,0)) -> 273
A11: 3009 | B11: Platte | C11: Boden | D11: Boden (980x580) | E11: 980 | F11: 580 | G11: 110 | H11: 355 | I11: 286 | J11: 276 | L11: =IF(G11="","",ROUND(G11*1.15,0)) -> 127 | M11: =IF(H11="","",ROUND(H11*1.15,0)) -> 408 | N11: =IF(I11="","",ROUND(I11*1.15,0)) -> 329 | O11: =IF(J11="","",ROUND(J11*1.15,0)) -> 317
A12: 3010 | B12: Platte | C12: Boden | D12: Boden (780x780) | E12: 780 | F12: 780 | G12: 113 | H12: 302 | I12: 272 | J12: 295 | L12: =IF(G12="","",ROUND(G12*1.15,0)) -> 130 | M12: =IF(H12="","",ROUND(H12*1.15,0)) -> 347 | N12: =IF(I12="","",ROUND(I12*1.15,0)) -> 313 | O12: =IF(J12="","",ROUND(J12*1.15,0)) -> 339
A13: 3011 | B13: Platte | C13: Boden | D13: Boden (980x780) | E13: 980 | F13: 780 | G13: 139 | H13: 416 | I13: 216 | J13: 406 | L13: =IF(G13="","",ROUND(G13*1.15,0)) -> 160 | M13: =IF(H13="","",ROUND(H13*1.15,0)) -> 478 | N13: =IF(I13="","",ROUND(I13*1.15,0)) -> 248 | O13: =IF(J13="","",ROUND(J13*1.15,0)) -> 467
A14: 3012 | B14: Platte | C14: Boden | D14: Boden (980x980) | E14: 980 | F14: 980 | G14: 180 | H14: 496 | I14: 257 | J14: 483 | L14: =IF(G14="","",ROUND(G14*1.15,0)) -> 207 | M14: =IF(H14="","",ROUND(H14*1.15,0)) -> 570 | N14: =IF(I14="","",ROUND(I14*1.15,0)) -> 296 | O14: =IF(J14="","",ROUND(J14*1.15,0)) -> 555
A15: 3013 | B15: Platte | C15: Boden | D15: Boden (420x780) | E15: 420 | F15: 780 | G15: 71 | H15: 219 | I15: 113 | J15: 213 | L15: =IF(G15="","",ROUND(G15*1.15,0)) -> 82 | M15: =IF(H15="","",ROUND(H15*1.15,0)) -> 252 | N15: =IF(I15="","",ROUND(I15*1.15,0)) -> 130 | O15: =IF(J15="","",ROUND(J15*1.15,0)) -> 245
A16: 3014 | B16: Platte | C16: Boden | D16: Boden (420x980) | E16: 420 | F16: 980 | G16: 88 | H16: 247 | I16: 128 | J16: 241 | L16: =IF(G16="","",ROUND(G16*1.15,0)) -> 101 | M16: =IF(H16="","",ROUND(H16*1.15,0)) -> 284 | N16: =IF(I16="","",ROUND(I16*1.15,0)) -> 147 | O16: =IF(J16="","",ROUND(J16*1.15,0)) -> 277
A17: S_0003 | B17: Platte | C17: Boden | D17: Boden (420x420) | E17: 420 | F17: 420 | G17: 56 | H17: 134 | I17: 69 | J17: 130 | L17: =IF(G17="","",ROUND(G17*1.15,0)) -> 64 | M17: =IF(H17="","",ROUND(H17*1.15,0)) -> 154 | N17: =IF(I17="","",ROUND(I17*1.15,0)) -> 79 | O17: =IF(J17="","",ROUND(J17*1.15,0)) -> 150
A18: 3100 | B18: Platte | C18: Seite außen | D18: Seite außen (360x180) | E18: 360 | F18: 180 | G18: 34 | H18: 114 | I18: 89 | J18: 201 | L18: =IF(G18="","",ROUND(G18*1.15,0)) -> 39 | M18: =IF(H18="","",ROUND(H18*1.15,0)) -> 131 | N18: =IF(I18="","",ROUND(I18*1.15,0)) -> 102 | O18: =IF(J18="","",ROUND(J18*1.15,0)) -> 231
A19: 3101 | B19: Platte | C19: Seite außen | D19: Seite außen (360x360) | E19: 360 | F19: 360 | G19: 34 | H19: 114 | I19: 89 | J19: 177 | L19: =IF(G19="","",ROUND(G19*1.15,0)) -> 39 | M19: =IF(H19="","",ROUND(H19*1.15,0)) -> 131 | N19: =IF(I19="","",ROUND(I19*1.15,0)) -> 102 | O19: =IF(J19="","",ROUND(J19*1.15,0)) -> 204
A20: 3102 | B20: Platte | C20: Seite außen | D20: Seite außen (360x720) | E20: 360 | F20: 720 | G20: 52 | H20: 181 | I20: 143 | J20: 212 | L20: =IF(G20="","",ROUND(G20*1.15,0)) -> 60 | M20: =IF(H20="","",ROUND(H20*1.15,0)) -> 208 | N20: =IF(I20="","",ROUND(I20*1.15,0)) -> 164 | O20: =IF(J20="","",ROUND(J20*1.15,0)) -> 244
A21: 3103 | B21: Platte | C21: Seite außen | D21: Seite außen (360x1080) | E21: 360 | F21: 1080 | G21: 76 | H21: 267 | I21: 222 | J21: 240 | L21: =IF(G21="","",ROUND(G21*1.15,0)) -> 87 | M21: =IF(H21="","",ROUND(H21*1.15,0)) -> 307 | N21: =IF(I21="","",ROUND(I21*1.15,0)) -> 255 | O21: =IF(J21="","",ROUND(J21*1.15,0)) -> 276
A22: 3104 | B22: Platte | C22: Seite außen | D22: Seite außen (360x1440) | E22: 360 | F22: 1440 | G22: 100 | H22: 336 | I22: 281 | J22: 529 | L22: =IF(G22="","",ROUND(G22*1.15,0)) -> 115 | M22: =IF(H22="","",ROUND(H22*1.15,0)) -> 386 | N22: =IF(I22="","",ROUND(I22*1.15,0)) -> 323 | O22: =IF(J22="","",ROUND(J22*1.15,0)) -> 608
A23: 3105 | B23: Platte | C23: Seite außen | D23: Seite außen (360x1800) | E23: 360 | F23: 1800 | G23: 125 | H23: 246 | I23: 343 | J23: 645 | L23: =IF(G23="","",ROUND(G23*1.15,0)) -> 144 | M23: =IF(H23="","",ROUND(H23*1.15,0)) -> 283 | N23: =IF(I23="","",ROUND(I23*1.15,0)) -> 394 | O23: =IF(J23="","",ROUND(J23*1.15,0)) -> 742
A24: 3106 | B24: Platte | C24: Seite außen | D24: Seite außen (580x180) | E24: 580 | F24: 180 | G24: 43 | H24: 161 | I24: 130 | J24: 208 | L24: =IF(G24="","",ROUND(G24*1.15,0)) -> 49 | M24: =IF(H24="","",ROUND(H24*1.15,0)) -> 185 | N24: =IF(I24="","",ROUND(I24*1.15,0)) -> 150 | O24: =IF(J24="","",ROUND(J24*1.15,0)) -> 239
A25: 3107 | B25: Platte | C25: Seite außen | D25: Seite außen (580x360) | E25: 580 | F25: 360 | G25: 43 | H25: 161 | I25: 130 | J25: 185 | L25: =IF(G25="","",ROUND(G25*1.15,0)) -> 49 | M25: =IF(H25="","",ROUND(H25*1.15,0)) -> 185 | N25: =IF(I25="","",ROUND(I25*1.15,0)) -> 150 | O25: =IF(J25="","",ROUND(J25*1.15,0)) -> 213
A26: 3108 | B26: Platte | C26: Seite außen | D26: Seite außen (580x720) | E26: 580 | F26: 720 | G26: 82 | H26: 262 | I26: 216 | J26: 245 | L26: =IF(G26="","",ROUND(G26*1.15,0)) -> 94 | M26: =IF(H26="","",ROUND(H26*1.15,0)) -> 301 | N26: =IF(I26="","",ROUND(I26*1.15,0)) -> 248 | O26: =IF(J26="","",ROUND(J26*1.15,0)) -> 282
A27: 3109 | B27: Platte | C27: Seite außen | D27: Seite außen (580x1080) | E27: 580 | F27: 1080 | G27: 119 | H27: 377 | I27: 300 | J27: 307 | L27: =IF(G27="","",ROUND(G27*1.15,0)) -> 137 | M27: =IF(H27="","",ROUND(H27*1.15,0)) -> 434 | N27: =IF(I27="","",ROUND(I27*1.15,0)) -> 345 | O27: =IF(J27="","",ROUND(J27*1.15,0)) -> 353
A28: 3110 | B28: Platte | C28: Seite außen | D28: Seite außen (580x1440) | E28: 580 | F28: 1440 | G28: 158 | H28: 484 | I28: 400 | J28: 752 | L28: =IF(G28="","",ROUND(G28*1.15,0)) -> 182 | M28: =IF(H28="","",ROUND(H28*1.15,0)) -> 557 | N28: =IF(I28="","",ROUND(I28*1.15,0)) -> 460 | O28: =IF(J28="","",ROUND(J28*1.15,0)) -> 865
A29: 3111 | B29: Platte | C29: Seite außen | D29: Seite außen (580x1800) | E29: 580 | F29: 1800 | G29: 197 | H29: 388 | I29: 467 | J29: 879 | L29: =IF(G29="","",ROUND(G29*1.15,0)) -> 227 | M29: =IF(H29="","",ROUND(H29*1.15,0)) -> 446 | N29: =IF(I29="","",ROUND(I29*1.15,0)) -> 537 | O29: =IF(J29="","",ROUND(J29*1.15,0)) -> 1011
... A42: 3124 | B42: Platte | C42: Seite außen | D42: Seite außen (580x580) | E42: 580 | F42: 580 | G42: 67 | H42: 228 | I42: 183 | J42: 191 | L42: =IF(G42="","",ROUND(G42*1.15,0)) -> 77 | M42: =IF(H42="","",ROUND(H42*1.15,0)) -> 262 | N42: =IF(I42="","",ROUND(I42*1.15,0)) -> 210 | O42: =IF(J42="","",ROUND(J42*1.15,0)) -> 220
A43: S_0020 | B43: Platte | C43: Seite außen | D43: Seite außen (660x360) | E43: 660 | F43: 360 | G43: 162 | H43: 319 | I43: 165 | J43: 310 | L43: =IF(G43="","",ROUND(G43*1.15,0)) -> 186 | M43: =IF(H43="","",ROUND(H43*1.15,0)) -> 367 | N43: =IF(I43="","",ROUND(I43*1.15,0)) -> 190 | O43: =IF(J43="","",ROUND(J43*1.15,0)) -> 357
A44: 3200 | B44: Platte | C44: Seite außen SY32 | D44: Seite außen SY32 (360x360) | E44: 360 | F44: 360 | G44: 34 | H44: 114 | I44: 89 | J44: 177 | L44: =IF(G44="","",ROUND(G44*1.15,0)) -> 39 | M44: =IF(H44="","",ROUND(H44*1.15,0)) -> 131 | N44: =IF(I44="","",ROUND(I44*1.15,0)) -> 102 | O44: =IF(J44="","",ROUND(J44*1.15,0)) -> 204
A45: 3201 | B45: Platte | C45: Seite außen SY32 | D45: Seite außen SY32 (360x720) | E45: 360 | F45: 720 | G45: 52 | H45: 181 | I45: 143 | J45: 212 | L45: =IF(G45="","",ROUND(G45*1.15,0)) -> 60 | M45: =IF(H45="","",ROUND(H45*1.15,0)) -> 208 | N45: =IF(I45="","",ROUND(I45*1.15,0)) -> 164 | O45: =IF(J45="","",ROUND(J45*1.15,0)) -> 244
A46: 3202 | B46: Platte | C46: Seite außen SY32 | D46: Seite außen SY32 (360x1080) | E46: 360 | F46: 1080 | G46: 76 | H46: 267 | I46: 222 | J46: 240 | L46: =IF(G46="","",ROUND(G46*1.15,0)) -> 87 | M46: =IF(H46="","",ROUND(H46*1.15,0)) -> 307 | N46: =IF(I46="","",ROUND(I46*1.15,0)) -> 255 | O46: =IF(J46="","",ROUND(J46*1.15,0)) -> 276
A47: 3203 | B47: Platte | C47: Seite außen SY32 | D47: Seite außen SY32 (360x1440) | E47: 360 | F47: 1440 | G47: 100 | H47: 336 | I47: 281 | J47: 529 | L47: =IF(G47="","",ROUND(G47*1.15,0)) -> 115 | M47: =IF(H47="","",ROUND(H47*1.15,0)) -> 386 | N47: =IF(I47="","",ROUND(I47*1.15,0)) -> 323 | O47: =IF(J47="","",ROUND(J47*1.15,0)) -> 608
A48: 3204 | B48: Platte | C48: Seite außen SY32 | D48: Seite außen SY32 (360x1800) | E48: 360 | F48: 1800 | G48: 125 | H48: 246 | I48: 343 | J48: 645 | L48: =IF(G48="","",ROUND(G48*1.15,0)) -> 144 | M48: =IF(H48="","",ROUND(H48*1.15,0)) -> 283 | N48: =IF(I48="","",ROUND(I48*1.15,0)) -> 394 | O48: =IF(J48="","",ROUND(J48*1.15,0)) -> 742
A49: 3205 | B49: Platte | C49: Seite außen SY32 | D49: Seite außen SY32 (580x360) | E49: 580 | F49: 360 | G49: 43 | H49: 161 | I49: 130 | J49: 185 | L49: =IF(G49="","",ROUND(G49*1.15,0)) -> 49 | M49: =IF(H49="","",ROUND(H49*1.15,0)) -> 185 | N49: =IF(I49="","",ROUND(I49*1.15,0)) -> 150 | O49: =IF(J49="","",ROUND(J49*1.15,0)) -> 213
A50: 3206 | B50: Platte | C50: Seite außen SY32 | D50: Seite außen SY32 (580x720) | E50: 580 | F50: 720 | G50: 82 | H50: 262 | I50: 216 | J50: 245 | L50: =IF(G50="","",ROUND(G50*1.15,0)) -> 94 | M50: =IF(H50="","",ROUND(H50*1.15,0)) -> 301 | N50: =IF(I50="","",ROUND(I50*1.15,0)) -> 248 | O50: =IF(J50="","",ROUND(J50*1.15,0)) -> 282
A51: 3207 | B51: Platte | C51: Seite außen SY32 | D51: Seite außen SY32 (580x1080) | E51: 580 | F51: 1080 | G51: 119 | H51: 377 | I51: 300 | J51: 307 | L51: =IF(G51="","",ROUND(G51*1.15,0)) -> 137 | M51: =IF(H51="","",ROUND(H51*1.15,0)) -> 434 | N51: =IF(I51="","",ROUND(I51*1.15,0)) -> 345 | O51: =IF(J51="","",ROUND(J51*1.15,0)) -> 353
A52: 3208 | B52: Platte | C52: Seite außen SY32 | D52: Seite außen SY32 (580x1440) | E52: 580 | F52: 1440 | G52: 158 | H52: 484 | I52: 400 | J52: 752 | L52: =IF(G52="","",ROUND(G52*1.15,0)) -> 182 | M52: =IF(H52="","",ROUND(H52*1.15,0)) -> 557 | N52: =IF(I52="","",ROUND(I52*1.15,0)) -> 460 | O52: =IF(J52="","",ROUND(J52*1.15,0)) -> 865
A53: 3209 | B53: Platte | C53: Seite außen SY32 | D53: Seite außen SY32 (580x1800) | E53: 580 | F53: 1800 | G53: 197 | H53: 388 | I53: 467 | J53: 879 | L53: =IF(G53="","",ROUND(G53*1.15,0)) -> 227 | M53: =IF(H53="","",ROUND(H53*1.15,0)) -> 446 | N53: =IF(I53="","",ROUND(I53*1.15,0)) -> 537 | O53: =IF(J53="","",ROUND(J53*1.15,0)) -> 1011
A54: 3210 | B54: Platte | C54: Seite außen SY32 | D54: Seite außen SY32 (180x780) | E54: 180 | F54: 780 | G54: 56 | H54: 185 | I54: 144 | J54: 212 | L54: =IF(G54="","",ROUND(G54*1.15,0)) -> 64 | M54: =IF(H54="","",ROUND(H54*1.15,0)) -> 213 | N54: =IF(I54="","",ROUND(I54*1.15,0)) -> 166 | O54: =IF(J54="","",ROUND(J54*1.15,0)) -> 244
A55: 3211 | B55: Platte | C55: Seite außen SY32 | D55: Seite außen SY32 (180x980) | E55: 180 | F55: 980 | G55: 70 | H55: 223 | I55: 174 | J55: 229 | L55: =IF(G55="","",ROUND(G55*1.15,0)) -> 81 | M55: =IF(H55="","",ROUND(H55*1.15,0)) -> 256 | N55: =IF(I55="","",ROUND(I55*1.15,0)) -> 200 | O55: =IF(J55="","",ROUND(J55*1.15,0)) -> 263
... A159: 3710 | B159: Platte | C159: Fachboden klein | D159: Fachboden klein (780x780) | E159: 780 | F159: 780 | G159: 110 | H159: 302 | I159: 272 | J159: 295 | L159: =IF(G159="","",ROUND(G159*1.15,0)) -> 127 | M159: =IF(H159="","",ROUND(H159*1.15,0)) -> 347 | N159: =IF(I159="","",ROUND(I159*1.15,0)) -> 313 | O159: =IF(J159="","",ROUND(J159*1.15,0)) -> 339
A160: 3711 | B160: Platte | C160: Fachboden klein | D160: Fachboden klein (980x780) | E160: 980 | F160: 780 | G160: 138 | H160: 272 | L160: =IF(G160="","",ROUND(G160*1.15,0)) -> 159 | M160: =IF(H160="","",ROUND(H160*1.15,0)) -> 313 | N160: =IF(I160="","",ROUND(I160*1.15,0)) | O160: =IF(J160="","",ROUND(J160*1.15,0))
A161: 3712 | B161: Platte | C161: Fachboden klein | D161: Fachboden klein (980x980) | E161: 980 | F161: 980 | G161: 166 | H161: 327 | L161: =IF(G161="","",ROUND(G161*1.15,0)) -> 191 | M161: =IF(H161="","",ROUND(H161*1.15,0)) -> 376 | N161: =IF(I161="","",ROUND(I161*1.15,0)) | O161: =IF(J161="","",ROUND(J161*1.15,0))
A162: 3750 | B162: Platte | C162: Fachboden groß | D162: Fachboden groß (360x360) | E162: 360 | F162: 360 | G162: 34 | H162: 114 | I162: 89 | J162: 177 | L162: =IF(G162="","",ROUND(G162*1.15,0)) -> 39 | M162: =IF(H162="","",ROUND(H162*1.15,0)) -> 131 | N162: =IF(I162="","",ROUND(I162*1.15,0)) -> 102 | O162: =IF(J162="","",ROUND(J162*1.15,0)) -> 204
A163: 3751 | B163: Platte | C163: Fachboden groß | D163: Fachboden groß (420x360) | E163: 420 | F163: 360 | G163: 34 | H163: 121 | I163: 92 | J163: 178 | L163: =IF(G163="","",ROUND(G163*1.15,0)) -> 39 | M163: =IF(H163="","",ROUND(H163*1.15,0)) -> 139 | N163: =IF(I163="","",ROUND(I163*1.15,0)) -> 106 | O163: =IF(J163="","",ROUND(J163*1.15,0)) -> 205
A164: 3752 | B164: Platte | C164: Fachboden groß | D164: Fachboden groß (580x360) | E164: 580 | F164: 360 | G164: 43 | H164: 161 | I164: 130 | J164: 185 | L164: =IF(G164="","",ROUND(G164*1.15,0)) -> 49 | M164: =IF(H164="","",ROUND(H164*1.15,0)) -> 185 | N164: =IF(I164="","",ROUND(I164*1.15,0)) -> 150 | O164: =IF(J164="","",ROUND(J164*1.15,0)) -> 213
A165: 3753 | B165: Platte | C165: Fachboden groß | D165: Fachboden groß (780x360) | E165: 780 | F165: 360 | G165: 56 | H165: 185 | I165: 144 | J165: 190 | L165: =IF(G165="","",ROUND(G165*1.15,0)) -> 64 | M165: =IF(H165="","",ROUND(H165*1.15,0)) -> 213 | N165: =IF(I165="","",ROUND(I165*1.15,0)) -> 166 | O165: =IF(J165="","",ROUND(J165*1.15,0)) -> 219
A166: 3754 | B166: Platte | C166: Fachboden groß | D166: Fachboden groß (980x360) | E166: 980 | F166: 360 | G166: 70 | H166: 223 | I166: 174 | J166: 209 | L166: =IF(G166="","",ROUND(G166*1.15,0)) -> 81 | M166: =IF(H166="","",ROUND(H166*1.15,0)) -> 256 | N166: =IF(I166="","",ROUND(I166*1.15,0)) -> 200 | O166: =IF(J166="","",ROUND(J166*1.15,0)) -> 240
A167: 3755 | B167: Platte | C167: Fachboden groß | D167: Fachboden groß (360x580) | E167: 360 | F167: 580 | G167: 43 | H167: 161 | I167: 130 | J167: 185 | L167: =IF(G167="","",ROUND(G167*1.15,0)) -> 49 | M167: =IF(H167="","",ROUND(H167*1.15,0)) -> 185 | N167: =IF(I167="","",ROUND(I167*1.15,0)) -> 150 | O167: =IF(J167="","",ROUND(J167*1.15,0)) -> 213
A168: 3756 | B168: Platte | C168: Fachboden groß | D168: Fachboden groß (420x580) | E168: 420 | F168: 580 | G168: 49 | H168: 181 | I168: 147 | J168: 186 | L168: =IF(G168="","",ROUND(G168*1.15,0)) -> 56 | M168: =IF(H168="","",ROUND(H168*1.15,0)) -> 208 | N168: =IF(I168="","",ROUND(I168*1.15,0)) -> 169 | O168: =IF(J168="","",ROUND(J168*1.15,0)) -> 214
A169: 3757 | B169: Platte | C169: Fachboden groß | D169: Fachboden groß (580x580) | E169: 580 | F169: 580 | G169: 67 | H169: 228 | I169: 183 | J169: 191 | L169: =IF(G169="","",ROUND(G169*1.15,0)) -> 77 | M169: =IF(H169="","",ROUND(H169*1.15,0)) -> 262 | N169: =IF(I169="","",ROUND(I169*1.15,0)) -> 210 | O169: =IF(J169="","",ROUND(J169*1.15,0)) -> 220
A170: 3758 | B170: Platte | C170: Fachboden groß | D170: Fachboden groß (780x580) | E170: 780 | F170: 580 | G170: 87 | H170: 275 | I170: 225 | J170: 237 | L170: =IF(G170="","",ROUND(G170*1.15,0)) -> 100 | M170: =IF(H170="","",ROUND(H170*1.15,0)) -> 316 | N170: =IF(I170="","",ROUND(I170*1.15,0)) -> 259 | O170: =IF(J170="","",ROUND(J170*1.15,0)) -> 273
A171: 3759 | B171: Platte | C171: Fachboden groß | D171: Fachboden groß (980x580) | E171: 980 | F171: 580 | G171: 110 | H171: 355 | I171: 286 | J171: 276 | L171: =IF(G171="","",ROUND(G171*1.15,0)) -> 127 | M171: =IF(H171="","",ROUND(H171*1.15,0)) -> 408 | N171: =IF(I171="","",ROUND(I171*1.15,0)) -> 329 | O171: =IF(J171="","",ROUND(J171*1.15,0)) -> 317
A172: 3760 | B172: Platte | C172: Fachboden groß | D172: Fachboden groß (780x780) | E172: 780 | F172: 780 | G172: 126 | H172: 302 | I172: 272 | J172: 295 | L172: =IF(G172="","",ROUND(G172*1.15,0)) -> 145 | M172: =IF(H172="","",ROUND(H172*1.15,0)) -> 347 | N172: =IF(I172="","",ROUND(I172*1.15,0)) -> 313 | O172: =IF(J172="","",ROUND(J172*1.15,0)) -> 339
A173: 3761 | B173: Platte | C173: Fachboden groß | D173: Fachboden groß (980x780) | E173: 980 | F173: 780 | G173: 139 | H173: 416 | L173: =IF(G173="","",ROUND(G173*1.15,0)) -> 160 | M173: =IF(H173="","",ROUND(H173*1.15,0)) -> 478 | N173: =IF(I173="","",ROUND(I173*1.15,0)) | O173: =IF(J173="","",ROUND(J173*1.15,0))
A174: 3762 | B174: Platte | C174: Fachboden groß | D174: Fachboden groß (980x980) | E174: 980 | F174: 980 | G174: 180 | H174: 354 | L174: =IF(G174="","",ROUND(G174*1.15,0)) -> 207 | M174: =IF(H174="","",ROUND(H174*1.15,0)) -> 407 | N174: =IF(I174="","",ROUND(I174*1.15,0)) | O174: =IF(J174="","",ROUND(J174*1.15,0))
A175: 3800 | B175: Platte | C175: Klappenboden | D175: Klappenboden (360x360) | E175: 360 | F175: 360 | G175: 34 | H175: 114 | I175: 89 | J175: 177 | L175: =IF(G175="","",ROUND(G175*1.15,0)) -> 39 | M175: =IF(H175="","",ROUND(H175*1.15,0)) -> 131 | N175: =IF(I175="","",ROUND(I175*1.15,0)) -> 102 | O175: =IF(J175="","",ROUND(J175*1.15,0)) -> 204
A176: 3801 | B176: Platte | C176: Klappenboden | D176: Klappenboden (420x360) | E176: 420 | F176: 360 | G176: 34 | H176: 121 | I176: 92 | J176: 178 | L176: =IF(G176="","",ROUND(G176*1.15,0)) -> 39 | M176: =IF(H176="","",ROUND(H176*1.15,0)) -> 139 | N176: =IF(I176="","",ROUND(I176*1.15,0)) -> 106 | O176: =IF(J176="","",ROUND(J176*1.15,0)) -> 205
A177: 3802 | B177: Platte | C177: Klappenboden | D177: Klappenboden (580x360) | E177: 580 | F177: 360 | G177: 43 | H177: 161 | I177: 130 | J177: 185 | L177: =IF(G177="","",ROUND(G177*1.15,0)) -> 49 | M177: =IF(H177="","",ROUND(H177*1.15,0)) -> 185 | N177: =IF(I177="","",ROUND(I177*1.15,0)) -> 150 | O177: =IF(J177="","",ROUND(J177*1.15,0)) -> 213
A178: 3803 | B178: Platte | C178: Klappenboden | D178: Klappenboden (780x360) | E178: 780 | F178: 360 | G178: 56 | H178: 185 | I178: 144 | J178: 190 | L178: =IF(G178="","",ROUND(G178*1.15,0)) -> 64 | M178: =IF(H178="","",ROUND(H178*1.15,0)) -> 213 | N178: =IF(I178="","",ROUND(I178*1.15,0)) -> 166 | O178: =IF(J178="","",ROUND(J178*1.15,0)) -> 219
A179: 3804 | B179: Platte | C179: Klappenboden | D179: Klappenboden (980x360) | E179: 980 | F179: 360 | G179: 70 | H179: 223 | I179: 174 | J179: 209 | L179: =IF(G179="","",ROUND(G179*1.15,0)) -> 81 | M179: =IF(H179="","",ROUND(H179*1.15,0)) -> 256 | N179: =IF(I179="","",ROUND(I179*1.15,0)) -> 200 | O179: =IF(J179="","",ROUND(J179*1.15,0)) -> 240
A180: 3805 | B180: Platte | C180: Klappenboden | D180: Klappenboden (360x580) | E180: 360 | F180: 580 | G180: 43 | H180: 161 | I180: 130 | J180: 185 | L180: =IF(G180="","",ROUND(G180*1.15,0)) -> 49 | M180: =IF(H180="","",ROUND(H180*1.15,0)) -> 185 | N180: =IF(I180="","",ROUND(I180*1.15,0)) -> 150 | O180: =IF(J180="","",ROUND(J180*1.15,0)) -> 213
A181: 3806 | B181: Platte | C181: Klappenboden | D181: Klappenboden (420x580) | E181: 420 | F181: 580 | G181: 49 | H181: 181 | I181: 147 | J181: 186 | L181: =IF(G181="","",ROUND(G181*1.15,0)) -> 56 | M181: =IF(H181="","",ROUND(H181*1.15,0)) -> 208 | N181: =IF(I181="","",ROUND(I181*1.15,0)) -> 169 | O181: =IF(J181="","",ROUND(J181*1.15,0)) -> 214
A182: 3807 | B182: Platte | C182: Klappenboden | D182: Klappenboden (580x580) | E182: 580 | F182: 580 | G182: 67 | H182: 228 | I182: 183 | J182: 191 | L182: =IF(G182="","",ROUND(G182*1.15,0)) -> 77 | M182: =IF(H182="","",ROUND(H182*1.15,0)) -> 262 | N182: =IF(I182="","",ROUND(I182*1.15,0)) -> 210 | O182: =IF(J182="","",ROUND(J182*1.15,0)) -> 220
A183: 3808 | B183: Platte | C183: Klappenboden | D183: Klappenboden (780x580) | E183: 780 | F183: 580 | G183: 87 | H183: 275 | I183: 225 | J183: 237 | L183: =IF(G183="","",ROUND(G183*1.15,0)) -> 100 | M183: =IF(H183="","",ROUND(H183*1.15,0)) -> 316 | N183: =IF(I183="","",ROUND(I183*1.15,0)) -> 259 | O183: =IF(J183="","",ROUND(J183*1.15,0)) -> 273
A184: 3809 | B184: Platte | C184: Klappenboden | D184: Klappenboden (980x580) | E184: 980 | F184: 580 | G184: 110 | H184: 355 | I184: 286 | J184: 276 | L184: =IF(G184="","",ROUND(G184*1.15,0)) -> 127 | M184: =IF(H184="","",ROUND(H184*1.15,0)) -> 408 | N184: =IF(I184="","",ROUND(I184*1.15,0)) -> 329 | O184: =IF(J184="","",ROUND(J184*1.15,0)) -> 317
A185: 3810 | B185: Platte | C185: Klappenboden | D185: Klappenboden (420x780) | E185: 420 | F185: 780 | G185: 65 | H185: 128 | L185: =IF(G185="","",ROUND(G185*1.15,0)) -> 75 | M185: =IF(H185="","",ROUND(H185*1.15,0)) -> 147 | N185: =IF(I185="","",ROUND(I185*1.15,0)) | O185: =IF(J185="","",ROUND(J185*1.15,0))
A186: 3811 | B186: Platte | C186: Klappenboden | D186: Klappenboden (420x980) | E186: 420 | F186: 980 | G186: 79 | H186: 155 | L186: =IF(G186="","",ROUND(G186*1.15,0)) -> 91 | M186: =IF(H186="","",ROUND(H186*1.15,0)) -> 178 | N186: =IF(I186="","",ROUND(I186*1.15,0)) | O186: =IF(J186="","",ROUND(J186*1.15,0))
A187: 3812 | B187: Platte | C187: Klappenboden | D187: Klappenboden (780x780) | E187: 780 | F187: 780 | G187: 126 | H187: 302 | I187: 272 | J187: 295 | L187: =IF(G187="","",ROUND(G187*1.15,0)) -> 145 | M187: =IF(H187="","",ROUND(H187*1.15,0)) -> 347 | N187: =IF(I187="","",ROUND(I187*1.15,0)) -> 313 | O187: =IF(J187="","",ROUND(J187*1.15,0)) -> 339
A188: 3813 | B188: Platte | C188: Klappenboden | D188: Klappenboden (780x980) | E188: 780 | F188: 980 | G188: 139 | H188: 416 | L188: =IF(G188="","",ROUND(G188*1.15,0)) -> 160 | M188: =IF(H188="","",ROUND(H188*1.15,0)) -> 478 | N188: =IF(I188="","",ROUND(I188*1.15,0)) | O188: =IF(J188="","",ROUND(J188*1.15,0))
A189: 3814 | B189: Platte | C189: Klappenboden | D189: Klappenboden (980x780) | E189: 980 | F189: 780 | G189: 139 | H189: 416 | L189: =IF(G189="","",ROUND(G189*1.15,0)) -> 160 | M189: =IF(H189="","",ROUND(H189*1.15,0)) -> 478 | N189: =IF(I189="","",ROUND(I189*1.15,0)) | O189: =IF(J189="","",ROUND(J189*1.15,0))
A190: 3815 | B190: Platte | C190: Klappenboden | D190: Klappenboden (980x980) | E190: 980 | F190: 980 | G190: 180 | H190: 354 | L190: =IF(G190="","",ROUND(G190*1.15,0)) -> 207 | M190: =IF(H190="","",ROUND(H190*1.15,0)) -> 407 | N190: =IF(I190="","",ROUND(I190*1.15,0)) | O190: =IF(J190="","",ROUND(J190*1.15,0))
A191: 5000 | B191: Platte | C191: Klappe | D191: Klappe (420x180) | E191: 420 | F191: 180 | G191: 169 | H191: 255 | I191: 237 | J191: 446 | L191: =IF(G191="","",ROUND(G191*1.15,0)) -> 194 | M191: =IF(H191="","",ROUND(H191*1.15,0)) -> 293 | N191: =IF(I191="","",ROUND(I191*1.15,0)) -> 273 | O191: =IF(J191="","",ROUND(J191*1.15,0)) -> 513
A192: 5001 | B192: Platte | C192: Klappe | D192: Klappe (420x360) | E192: 420 | F192: 360 | G192: 169 | H192: 255 | I192: 237 | J192: 446 | L192: =IF(G192="","",ROUND(G192*1.15,0)) -> 194 | M192: =IF(H192="","",ROUND(H192*1.15,0)) -> 293 | N192: =IF(I192="","",ROUND(I192*1.15,0)) -> 273 | O192: =IF(J192="","",ROUND(J192*1.15,0)) -> 513
A193: 5002 | B193: Platte | C193: Klappe | D193: Klappe (580x180) | E193: 580 | F193: 180 | G193: 184 | H193: 283 | I193: 259 | J193: 487 | L193: =IF(G193="","",ROUND(G193*1.15,0)) -> 212 | M193: =IF(H193="","",ROUND(H193*1.15,0)) -> 325 | N193: =IF(I193="","",ROUND(I193*1.15,0)) -> 298 | O193: =IF(J193="","",ROUND(J193*1.15,0)) -> 560
A194: 5003 | B194: Platte | C194: Klappe | D194: Klappe (580x360) | E194: 580 | F194: 360 | G194: 184 | H194: 283 | I194: 259 | J194: 487 | L194: =IF(G194="","",ROUND(G194*1.15,0)) -> 212 | M194: =IF(H194="","",ROUND(H194*1.15,0)) -> 325 | N194: =IF(I194="","",ROUND(I194*1.15,0)) -> 298 | O194: =IF(J194="","",ROUND(J194*1.15,0)) -> 560
A195: 5004 | B195: Platte | C195: Klappe | D195: Klappe (780x180) | E195: 780 | F195: 180 | G195: 198 | H195: 310 | I195: 280 | J195: 527 | L195: =IF(G195="","",ROUND(G195*1.15,0)) -> 228 | M195: =IF(H195="","",ROUND(H195*1.15,0)) -> 357 | N195: =IF(I195="","",ROUND(I195*1.15,0)) -> 322 | O195: =IF(J195="","",ROUND(J195*1.15,0)) -> 606
A196: 5005 | B196: Platte | C196: Klappe | D196: Klappe (780x360) | E196: 780 | F196: 360 | G196: 198 | H196: 310 | I196: 280 | J196: 527 | L196: =IF(G196="","",ROUND(G196*1.15,0)) -> 228 | M196: =IF(H196="","",ROUND(H196*1.15,0)) -> 357 | N196: =IF(I196="","",ROUND(I196*1.15,0)) -> 322 | O196: =IF(J196="","",ROUND(J196*1.15,0)) -> 606
A197: 5006 | B197: Platte | C197: Klappe | D197: Klappe (980x180) | E197: 980 | F197: 180 | G197: 250 | H197: 369 | I197: 345 | J197: 649 | L197: =IF(G197="","",ROUND(G197*1.15,0)) -> 288 | M197: =IF(H197="","",ROUND(H197*1.15,0)) -> 424 | N197: =IF(I197="","",ROUND(I197*1.15,0)) -> 397 | O197: =IF(J197="","",ROUND(J197*1.15,0)) -> 746
A198: 5007 | B198: Platte | C198: Klappe | D198: Klappe (980x360) | E198: 980 | F198: 360 | G198: 250 | H198: 369 | I198: 345 | J198: 649 | L198: =IF(G198="","",ROUND(G198*1.15,0)) -> 288 | M198: =IF(H198="","",ROUND(H198*1.15,0)) -> 424 | N198: =IF(I198="","",ROUND(I198*1.15,0)) -> 397 | O198: =IF(J198="","",ROUND(J198*1.15,0)) -> 746
A199: 5009 | B199: Platte | C199: Klappe | D199: Klappe (360x180) | E199: 360 | F199: 180 | G199: 169 | H199: 333 | I199: 345 | J199: 649 | L199: =IF(G199="","",ROUND(G199*1.15,0)) -> 194 | M199: =IF(H199="","",ROUND(H199*1.15,0)) -> 383 | N199: =IF(I199="","",ROUND(I199*1.15,0)) -> 397 | O199: =IF(J199="","",ROUND(J199*1.15,0)) -> 746
A200: 5008 | B200: Platte | C200: Klappe | D200: Klappe (360x360) | E200: 360 | F200: 360 | G200: 169 | H200: 333 | I200: 345 | J200: 649 | L200: =IF(G200="","",ROUND(G200*1.15,0)) -> 194 | M200: =IF(H200="","",ROUND(H200*1.15,0)) -> 383 | N200: =IF(I200="","",ROUND(I200*1.15,0)) -> 397 | O200: =IF(J200="","",ROUND(J200*1.15,0)) -> 746
A201: S_0046 | B201: Platte | C201: Klappe | D201: Klappe (980x420) | E201: 980 | F201: 420 | G201: 255 | H201: 502 | I201: 345 | J201: 649 | L201: =IF(G201="","",ROUND(G201*1.15,0)) -> 293 | M201: =IF(H201="","",ROUND(H201*1.15,0)) -> 577 | N201: =IF(I201="","",ROUND(I201*1.15,0)) -> 397 | O201: =IF(J201="","",ROUND(J201*1.15,0)) -> 746
A202: 5100 | B202: Platte | C202: Tür | D202: Tür (420x360) | E202: 420 | F202: 360 | G202: 136 | H202: 205 | I202: 182 | J202: 479 | L202: =IF(G202="","",ROUND(G202*1.15,0)) -> 156 | M202: =IF(H202="","",ROUND(H202*1.15,0)) -> 236 | N202: =IF(I202="","",ROUND(I202*1.15,0)) -> 209 | O202: =IF(J202="","",ROUND(J202*1.15,0)) -> 551
A203: 5101 | B203: Platte | C203: Tür | D203: Tür (420x720) | E203: 420 | F203: 720 | G203: 159 | H203: 270 | I203: 230 | J203: 544 | L203: =IF(G203="","",ROUND(G203*1.15,0)) -> 183 | M203: =IF(H203="","",ROUND(H203*1.15,0)) -> 311 | N203: =IF(I203="","",ROUND(I203*1.15,0)) -> 265 | O203: =IF(J203="","",ROUND(J203*1.15,0)) -> 626
A204: 5102 | B204: Platte | C204: Tür | D204: Tür (420x1080) | E204: 420 | F204: 1080 | G204: 235 | H204: 373 | I204: 339 | J204: 643 | L204: =IF(G204="","",ROUND(G204*1.15,0)) -> 270 | M204: =IF(H204="","",ROUND(H204*1.15,0)) -> 429 | N204: =IF(I204="","",ROUND(I204*1.15,0)) -> 390 | O204: =IF(J204="","",ROUND(J204*1.15,0)) -> 739
A205: 5103 | B205: Platte | C205: Tür | D205: Tür (420x1440) | E205: 420 | F205: 1440 | G205: 257 | H205: 472 | I205: 402 | J205: 712 | L205: =IF(G205="","",ROUND(G205*1.15,0)) -> 296 | M205: =IF(H205="","",ROUND(H205*1.15,0)) -> 543 | N205: =IF(I205="","",ROUND(I205*1.15,0)) -> 462 | O205: =IF(J205="","",ROUND(J205*1.15,0)) -> 819
A206: 5104 | B206: Platte | C206: Tür | D206: Tür (420x1800) | E206: 420 | F206: 1800 | G206: 340 | H206: 669 | I206: 494 | J206: 834 | L206: =IF(G206="","",ROUND(G206*1.15,0)) -> 391 | M206: =IF(H206="","",ROUND(H206*1.15,0)) -> 769 | N206: =IF(I206="","",ROUND(I206*1.15,0)) -> 568 | O206: =IF(J206="","",ROUND(J206*1.15,0)) -> 959
A207: 5105 | B207: Platte | C207: Tür | D207: Tür (580x360) | E207: 580 | F207: 360 | G207: 153 | H207: 228 | I207: 208 | J207: 509 | L207: =IF(G207="","",ROUND(G207*1.15,0)) -> 176 | M207: =IF(H207="","",ROUND(H207*1.15,0)) -> 262 | N207: =IF(I207="","",ROUND(I207*1.15,0)) -> 239 | O207: =IF(J207="","",ROUND(J207*1.15,0)) -> 585
A208: 5106 | B208: Platte | C208: Tür | D208: Tür (580x720) | E208: 580 | F208: 720 | G208: 210 | H208: 332 | I208: 306 | J208: 585 | L208: =IF(G208="","",ROUND(G208*1.15,0)) -> 242 | M208: =IF(H208="","",ROUND(H208*1.15,0)) -> 382 | N208: =IF(I208="","",ROUND(I208*1.15,0)) -> 352 | O208: =IF(J208="","",ROUND(J208*1.15,0)) -> 673
A209: 5107 | B209: Platte | C209: Tür | D209: Tür (580x1080) | E209: 580 | F209: 1080 | G209: 278 | H209: 459 | I209: 415 | J209: 709 | L209: =IF(G209="","",ROUND(G209*1.15,0)) -> 320 | M209: =IF(H209="","",ROUND(H209*1.15,0)) -> 528 | N209: =IF(I209="","",ROUND(I209*1.15,0)) -> 477 | O209: =IF(J209="","",ROUND(J209*1.15,0)) -> 815
A210: 5108 | B210: Platte | C210: Tür | D210: Tür (580x1440) | E210: 580 | F210: 1440 | G210: 337 | H210: 560 | I210: 503 | J210: 946 | L210: =IF(G210="","",ROUND(G210*1.15,0)) -> 388 | M210: =IF(H210="","",ROUND(H210*1.15,0)) -> 644 | N210: =IF(I210="","",ROUND(I210*1.15,0)) -> 578 | O210: =IF(J210="","",ROUND(J210*1.15,0)) -> 1088
A211: 5109 | B211: Platte | C211: Tür | D211: Tür (580x1800) | E211: 580 | F211: 1800 | G211: 417 | H211: 821 | I211: 619 | J211: 1164 | L211: =IF(G211="","",ROUND(G211*1.15,0)) -> 480 | M211: =IF(H211="","",ROUND(H211*1.15,0)) -> 944 | N211: =IF(I211="","",ROUND(I211*1.15,0)) -> 712 | O211: =IF(J211="","",ROUND(J211*1.15,0)) -> 1339
A212: 5110 | B212: Platte | C212: Tür | D212: Tür (360x360) | E212: 360 | F212: 360 | G212: 136 | H212: 268 | I212: 237 | J212: 446 | L212: =IF(G212="","",ROUND(G212*1.15,0)) -> 156 | M212: =IF(H212="","",ROUND(H212*1.15,0)) -> 308 | N212: =IF(I212="","",ROUND(I212*1.15,0)) -> 273 | O212: =IF(J212="","",ROUND(J212*1.15,0)) -> 513
A213: 5111 | B213: Platte | C213: Tür | D213: Tür (780x360) | E213: 780 | F213: 360 | I213: 259 | J213: 487 | L213: =IF(G213="","",ROUND(G213*1.15,0)) | M213: =IF(H213="","",ROUND(H213*1.15,0)) | N213: =IF(I213="","",ROUND(I213*1.15,0)) -> 298 | O213: =IF(J213="","",ROUND(J213*1.15,0)) -> 560
A214: 5200 | B214: Platte | C214: Doppeltür | D214: Doppeltür (780x360) | E214: 780 | F214: 360 | G214: 255 | H214: 367 | I214: 334 | J214: 867 | L214: =IF(G214="","",ROUND(G214*1.15,0)) -> 293 | M214: =IF(H214="","",ROUND(H214*1.15,0)) -> 422 | N214: =IF(I214="","",ROUND(I214*1.15,0)) -> 384 | O214: =IF(J214="","",ROUND(J214*1.15,0)) -> 997
A215: 5210 | B215: Platte | C215: Doppeltür | D215: Doppeltür (780x660) | E215: 780 | F215: 660 | G215: 314 | H215: 618 | I215: 423 | J215: 796 | L215: =IF(G215="","",ROUND(G215*1.15,0)) -> 361 | M215: =IF(H215="","",ROUND(H215*1.15,0)) -> 711 | N215: =IF(I215="","",ROUND(I215*1.15,0)) -> 486 | O215: =IF(J215="","",ROUND(J215*1.15,0)) -> 915
...

Sheet Größentabelle
A1: Klappe
A2: K | B2: 420 | C2: 580 | D2: 780 | E2: 980 | I2: Tiefe
A3: 360 | B3: K | C3: K | D3: K | E3: K | I3: 360
A4: 180 | B4: K | C4: K | D4: K | E4: K | I4: 580
A6: Schublade | H6: Tiefe | I6: Höhe | J6: Breite
A7: S | B7: 420 | C7: 580 | D7: 780 | E7: 980 | H7: 360 | I7: 180 | J7: 420
A8: 360 | B8: S | C8: S | D8: S | E8: S | H8: 580 | I8: 360 | J8: 580
A9: 180 | B9: S | C9: S | D9: S | E9: S | I9: 720 | J9: 780
I10: 1080 | J10: 980
I11: 1440
A12: Tür rechts | I12: 1880
A13: TR | B13: 420 | C13: 580
A14: 360 | B14: T | C14: T
A15: 720 | B15: T | C15: T
A16: 1080 | B16: T | C16: T
A17: 1440 | B17: T | C17: T
A18: 1800 | B18: T | C18: T
A21: Tür links
A22: TL | B22: 420 | C22: 580
A23: 360 | B23: T | C23: T
A24: 720 | B24: T | C24: T
A25: 1080 | B25: T | C25: T
A26: 1440 | B26: T | C26: T
A27: 1800 | B27: T | C27: T
A28: Doppeltür
A30: DT | B30: 780 | C30: 980
A31: 360 | B31: DT | C31: DT
A32: 660 | B32: DT | C32: DT
A33: 720 | B33: DT | C33: DT
A34: 1080 | B34: DT | C34: DT
A35: 1440 | B35: DT | C35: DT
A36: 1800 | B36: DT

Sheet Preismodell_Artmodul_v2
A1: Artmodul – Preismodell v2 mit dynamischen Faktoren (PG1 MDF, Brutto €)
A3: Tiefe 360 mm
A4: Front | B4: Tiefe (mm) | C4: Breite (mm) | D4: H 180 mm | E4: H 360 mm | F4: H 720 mm | G4: H 1080 mm | H4: H 1440 mm | I4: H 1800 mm
A5: Offen | B5: 360 | C5: 420 | D5: =(2*Artmodul_Preislogik!P3+2*Artmodul_Preislogik!P18+Artmodul_Preislogik!P67+8*Artmodul_Preislogik!P263+4*Artmodul_Preislogik!P273+4*Artmodul_Preislogik!P271+4*Artmodul_Preislogik!P272)*1.19 -> 426.02 | E5: =(2*Artmodul_Preislogik!P3+2*Artmodul_Preislogik!P19+Artmodul_Preislogik!P72+8*Artmodul_Preislogik!P263+4*Artmodul_Preislogik!P273+4*Artmodul_Preislogik!P272+4*Artmodul_Preislogik!P272)*1.19 -> 426.02 | F5: =(2*Artmodul_Preislogik!P3+2*Artmodul_Preislogik!P20+Artmodul_Preislogik!P77+8*Artmodul_Preislogik!P263+4*Artmodul_Preislogik!P273+4*Artmodul_Preislogik!P276+4*Artmodul_Preislogik!P272)*1.19 -> 498.61 | G5: =(2*Artmodul_Preislogik!P3+2*Artmodul_Preislogik!P21+Artmodul_Preislogik!P82+8*Artmodul_Preislogik!P263+4*Artmodul_Preislogik!P273+4*Artmodul_Preislogik!P279+4*Artmodul_Preislogik!P272)*1.19 -> 580.72 | H5: =(2*Artmodul_Preislogik!P3+2*Artmodul_Preislogik!P22+Artmodul_Preislogik!P87+8*Artmodul_Preislogik!P263+4*Artmodul_Preislogik!P273+4*Artmodul_Preislogik!P280+4*Artmodul_Preislogik!P272)*1.19 -> 666.4 | I5: =(2*Artmodul_Preislogik!P3+2*Artmodul_Preislogik!P23+Artmodul_Preislogik!P92+8*Artmodul_Preislogik!P263+4*Artmodul_Preislogik!P273+4*Artmodul_Preislogik!P281+4*Artmodul_Preislogik!P272)*1.19 -> 750.89
C6: 580 | D6: =(2*Artmodul_Preislogik!P4+2*Artmodul_Preislogik!P18+Artmodul_Preislogik!P68+8*Artmodul_Preislogik!P263+4*Artmodul_Preislogik!P274+4*Artmodul_Preislogik!P271+4*Artmodul_Preislogik!P272)*1.19 -> 456.96 | E6: =(2*Artmodul_Preislogik!P4+2*Artmodul_Preislogik!P19+Artmodul_Preislogik!P73+8*Artmodul_Preislogik!P263+4*Artmodul_Preislogik!P274+4*Artmodul_Preislogik!P272+4*Artmodul_Preislogik!P272)*1.19 -> 456.96 | F6: =(2*Artmodul_Preislogik!P4+2*Artmodul_Preislogik!P20+Artmodul_Preislogik!P78+8*Artmodul_Preislogik!P263+4*Artmodul_Preislogik!P274+4*Artmodul_Preislogik!P276+4*Artmodul_Preislogik!P272)*1.19 -> 542.64 | G6: =(2*Artmodul_Preislogik!P4+2*Artmodul_Preislogik!P21+Artmodul_Preislogik!P83+8*Artmodul_Preislogik!P263+4*Artmodul_Preislogik!P274+4*Artmodul_Preislogik!P279+4*Artmodul_Preislogik!P272)*1.19 -> 631.89 | H6: =(2*Artmodul_Preislogik!P4+2*Artmodul_Preislogik!P22+Artmodul_Preislogik!P88+8*Artmodul_Preislogik!P263+4*Artmodul_Preislogik!P274+4*Artmodul_Preislogik!P280+4*Artmodul_Preislogik!P272)*1.19 -> 729.47 | I6: =(2*Artmodul_Preislogik!P4+2*Artmodul_Preislogik!P23+Artmodul_Preislogik!P93+8*Artmodul_Preislogik!P263+4*Artmodul_Preislogik!P274+4*Artmodul_Preislogik!P281+4*Artmodul_Preislogik!P272)*1.19 -> 823.48
C7: 780 | D7: =(2*Artmodul_Preislogik!P5+2*Artmodul_Preislogik!P18+Artmodul_Preislogik!P69+8*Artmodul_Preislogik!P263+4*Artmodul_Preislogik!P277+4*Artmodul_Preislogik!P271+4*Artmodul_Preislogik!P272)*1.19 -> 502.18 | E7: =(2*Artmodul_Preislogik!P5+2*Artmodul_Preislogik!P19+Artmodul_Preislogik!P74+8*Artmodul_Preislogik!P263+4*Artmodul_Preislogik!P277+4*Artmodul_Preislogik!P272+4*Artmodul_Preislogik!P272)*1.19 -> 502.18 | F7: =(2*Artmodul_Preislogik!P5+2*Artmodul_Preislogik!P20+Artmodul_Preislogik!P79+8*Artmodul_Preislogik!P263+4*Artmodul_Preislogik!P277+4*Artmodul_Preislogik!P276+4*Artmodul_Preislogik!P272)*1.19 -> 597.38 | G7: =(2*Artmodul_Preislogik!P5+2*Artmodul_Preislogik!P21+Artmodul_Preislogik!P84+8*Artmodul_Preislogik!P263+4*Artmodul_Preislogik!P277+4*Artmodul_Preislogik!P279+4*Artmodul_Preislogik!P272)*1.19 -> 703.29 | H7: =(2*Artmodul_Preislogik!P5+2*Artmodul_Preislogik!P22+Artmodul_Preislogik!P89+8*Artmodul_Preislogik!P263+4*Artmodul_Preislogik!P277+4*Artmodul_Preislogik!P280+4*Artmodul_Preislogik!P272)*1.19 -> 809.2 | I7: =(2*Artmodul_Preislogik!P5+2*Artmodul_Preislogik!P23+Artmodul_Preislogik!P94+8*Artmodul_Preislogik!P263+4*Artmodul_Preislogik!P277+4*Artmodul_Preislogik!P281+4*Artmodul_Preislogik!P272)*1.19 -> 916.3
C8: 980 | D8: =(2*Artmodul_Preislogik!P6+2*Artmodul_Preislogik!P18+Artmodul_Preislogik!P70+8*Artmodul_Preislogik!P263+4*Artmodul_Preislogik!P278+4*Artmodul_Preislogik!P271+4*Artmodul_Preislogik!P272)*1.19 -> 546.21 | E8: =(2*Artmodul_Preislogik!P6+2*Artmodul_Preislogik!P19+Artmodul_Preislogik!P75+8*Artmodul_Preislogik!P263+4*Artmodul_Preislogik!P278+4*Artmodul_Preislogik!P272+4*Artmodul_Preislogik!P272)*1.19 -> 546.21 | F8: =(2*Artmodul_Preislogik!P6+2*Artmodul_Preislogik!P20+Artmodul_Preislogik!P80+8*Artmodul_Preislogik!P263+4*Artmodul_Preislogik!P278+4*Artmodul_Preislogik!P276+4*Artmodul_Preislogik!P272)*1.19 -> 653.31 | G8: =(2*Artmodul_Preislogik!P6+2*Artmodul_Preislogik!P21+Artmodul_Preislogik!P85+8*Artmodul_Preislogik!P263+4*Artmodul_Preislogik!P278+4*Artmodul_Preislogik!P279+4*Artmodul_Preislogik!P272)*1.19 -> 768.74 | H8: =(2*Artmodul_Preislogik!P6+2*Artmodul_Preislogik!P22+Artmodul_Preislogik!P90+8*Artmodul_Preislogik!P263+4*Artmodul_Preislogik!P278+4*Artmodul_Preislogik!P280+4*Artmodul_Preislogik!P272)*1.19 -> 887.74 | I8: =(2*Artmodul_Preislogik!P6+2*Artmodul_Preislogik!P23+Artmodul_Preislogik!P95+8*Artmodul_Preislogik!P263+4*Artmodul_Preislogik!P278+4*Artmodul_Preislogik!P281+4*Artmodul_Preislogik!P272)*1.19 -> 1005.55
A10: Klappe | B10: 360 | C10: 420 | D10: =(2*Artmodul_Preislogik!P3+2*Artmodul_Preislogik!P18+Artmodul_Preislogik!P67+8*Artmodul_Preislogik!P263+4*Artmodul_Preislogik!P273+4*Artmodul_Preislogik!P271+4*Artmodul_Preislogik!P272+Artmodul_Preislogik!P191)*1.19 -> 603.33 | E10: =(2*Artmodul_Preislogik!P3+2*Artmodul_Preislogik!P19+Artmodul_Preislogik!P72+8*Artmodul_Preislogik!P263+4*Artmodul_Preislogik!P273+4*Artmodul_Preislogik!P272+4*Artmodul_Preislogik!P272+Artmodul_Preislogik!P192)*1.19 -> 603.33
C11: 580 | D11: =(2*Artmodul_Preislogik!P4+2*Artmodul_Preislogik!P18+Artmodul_Preislogik!P68+8*Artmodul_Preislogik!P263+4*Artmodul_Preislogik!P274+4*Artmodul_Preislogik!P271+4*Artmodul_Preislogik!P272+Artmodul_Preislogik!P193)*1.19 -> 649.74 | E11: =(2*Artmodul_Preislogik!P4+2*Artmodul_Preislogik!P19+Artmodul_Preislogik!P73+8*Artmodul_Preislogik!P263+4*Artmodul_Preislogik!P274+4*Artmodul_Preislogik!P272+4*Artmodul_Preislogik!P272+Artmodul_Preislogik!P194)*1.19 -> 649.74
C12: 780 | D12: =(2*Artmodul_Preislogik!P5+2*Artmodul_Preislogik!P18+Artmodul_Preislogik!P69+8*Artmodul_Preislogik!P263+4*Artmodul_Preislogik!P277+4*Artmodul_Preislogik!P271+4*Artmodul_Preislogik!P272+Artmodul_Preislogik!P195)*1.19 -> 709.24 | E12: =(2*Artmodul_Preislogik!P5+2*Artmodul_Preislogik!P19+Artmodul_Preislogik!P74+8*Artmodul_Preislogik!P263+4*Artmodul_Preislogik!P277+4*Artmodul_Preislogik!P272+4*Artmodul_Preislogik!P272+Artmodul_Preislogik!P196)*1.19 -> 709.24
C13: 980 | D13: =(2*Artmodul_Preislogik!P6+2*Artmodul_Preislogik!P18+Artmodul_Preislogik!P70+8*Artmodul_Preislogik!P263+4*Artmodul_Preislogik!P278+4*Artmodul_Preislogik!P271+4*Artmodul_Preislogik!P272+Artmodul_Preislogik!P197)*1.19 -> 808.01 | E13: =(2*Artmodul_Preislogik!P6+2*Artmodul_Preislogik!P19+Artmodul_Preislogik!P75+8*Artmodul_Preislogik!P263+4*Artmodul_Preislogik!P278+4*Artmodul_Preislogik!P272+4*Artmodul_Preislogik!P272+Artmodul_Preislogik!P198)*1.19 -> 808.01
A15: Tür | B15: 360 | C15: 420 | E15: =(2*Artmodul_Preislogik!P3+2*Artmodul_Preislogik!P19+Artmodul_Preislogik!P72+8*Artmodul_Preislogik!P263+4*Artmodul_Preislogik!P273+4*Artmodul_Preislogik!P272+4*Artmodul_Preislogik!P272+Artmodul_Preislogik!P202)*1.19 -> 568.82 | F15: =(2*Artmodul_Preislogik!P3+2*Artmodul_Preislogik!P20+Artmodul_Preislogik!P77+8*Artmodul_Preislogik!P263+4*Artmodul_Preislogik!P273+4*Artmodul_Preislogik!P276+4*Artmodul_Preislogik!P272+Artmodul_Preislogik!P203)*1.19 -> 665.21 | G15: =(2*Artmodul_Preislogik!P3+2*Artmodul_Preislogik!P21+Artmodul_Preislogik!P82+8*Artmodul_Preislogik!P263+4*Artmodul_Preislogik!P273+4*Artmodul_Preislogik!P279+4*Artmodul_Preislogik!P272+Artmodul_Preislogik!P204)*1.19 -> 827.05 | H15: =(2*Artmodul_Preislogik!P3+2*Artmodul_Preislogik!P22+Artmodul_Preislogik!P87+8*Artmodul_Preislogik!P263+4*Artmodul_Preislogik!P273+4*Artmodul_Preislogik!P280+4*Artmodul_Preislogik!P272+Artmodul_Preislogik!P205)*1.19 -> 935.34 | I15: =(2*Artmodul_Preislogik!P3+2*Artmodul_Preislogik!P23+Artmodul_Preislogik!P92+8*Artmodul_Preislogik!P263+4*Artmodul_Preislogik!P273+4*Artmodul_Preislogik!P281+4*Artmodul_Preislogik!P272+Artmodul_Preislogik!P206)*1.19 -> 1106.7
C16: 580 | E16: =(2*Artmodul_Preislogik!P4+2*Artmodul_Preislogik!P19+Artmodul_Preislogik!P73+8*Artmodul_Preislogik!P263+4*Artmodul_Preislogik!P274+4*Artmodul_Preislogik!P272+4*Artmodul_Preislogik!P272+Artmodul_Preislogik!P207)*1.19 -> 617.61 | F16: =(2*Artmodul_Preislogik!P4+2*Artmodul_Preislogik!P20+Artmodul_Preislogik!P78+8*Artmodul_Preislogik!P263+4*Artmodul_Preislogik!P274+4*Artmodul_Preislogik!P276+4*Artmodul_Preislogik!P272+Artmodul_Preislogik!P208)*1.19 -> 762.79 | G16: =(2*Artmodul_Preislogik!P4+2*Artmodul_Preislogik!P21+Artmodul_Preislogik!P83+8*Artmodul_Preislogik!P263+4*Artmodul_Preislogik!P274+4*Artmodul_Preislogik!P279+4*Artmodul_Preislogik!P272+Artmodul_Preislogik!P209)*1.19 -> 923.44 | H16: =(2*Artmodul_Preislogik!P4+2*Artmodul_Preislogik!P22+Artmodul_Preislogik!P88+8*Artmodul_Preislogik!P263+4*Artmodul_Preislogik!P274+4*Artmodul_Preislogik!P280+4*Artmodul_Preislogik!P272+Artmodul_Preislogik!P210)*1.19 -> 1082.9 | I16: =(2*Artmodul_Preislogik!P4+2*Artmodul_Preislogik!P23+Artmodul_Preislogik!P93+8*Artmodul_Preislogik!P263+4*Artmodul_Preislogik!P274+4*Artmodul_Preislogik!P281+4*Artmodul_Preislogik!P272+Artmodul_Preislogik!P211)*1.19 -> 1260.21
C17: 780 | E17: =(2*Artmodul_Preislogik!P5+2*Artmodul_Preislogik!P19+Artmodul_Preislogik!P74+8*Artmodul_Preislogik!P263+4*Artmodul_Preislogik!P277+4*Artmodul_Preislogik!P272+4*Artmodul_Preislogik!P272+Artmodul_Preislogik!P214)*1.19 -> 768.74 | F17: =(2*Artmodul_Preislogik!P5+2*Artmodul_Preislogik!P20+Artmodul_Preislogik!P79+8*Artmodul_Preislogik!P263+4*Artmodul_Preislogik!P277+4*Artmodul_Preislogik!P276+4*Artmodul_Preislogik!P272+Artmodul_Preislogik!P216)*1.19 -> 925.82 | G17: =(2*Artmodul_Preislogik!P5+2*Artmodul_Preislogik!P21+Artmodul_Preislogik!P84+8*Artmodul_Preislogik!P263+4*Artmodul_Preislogik!P277+4*Artmodul_Preislogik!P279+4*Artmodul_Preislogik!P272+Artmodul_Preislogik!P217)*1.19 -> 1188.81 | H17: =(2*Artmodul_Preislogik!P5+2*Artmodul_Preislogik!P22+Artmodul_Preislogik!P89+8*Artmodul_Preislogik!P263+4*Artmodul_Preislogik!P277+4*Artmodul_Preislogik!P280+4*Artmodul_Preislogik!P272+Artmodul_Preislogik!P218)*1.19 -> 1376.83 | I17: =(2*Artmodul_Preislogik!P5+2*Artmodul_Preislogik!P23+Artmodul_Preislogik!P94+8*Artmodul_Preislogik!P263+4*Artmodul_Preislogik!P277+4*Artmodul_Preislogik!P281+4*Artmodul_Preislogik!P272+Artmodul_Preislogik!P219)*1.19 -> 1616.02
C18: 980 | E18: =(2*Artmodul_Preislogik!P6+2*Artmodul_Preislogik!P19+Artmodul_Preislogik!P75+8*Artmodul_Preislogik!P263+4*Artmodul_Preislogik!P278+4*Artmodul_Preislogik!P272+4*Artmodul_Preislogik!P272+Artmodul_Preislogik!P220)*1.19 -> 828.24 | F18: =(2*Artmodul_Preislogik!P6+2*Artmodul_Preislogik!P20+Artmodul_Preislogik!P80+8*Artmodul_Preislogik!P263+4*Artmodul_Preislogik!P278+4*Artmodul_Preislogik!P276+4*Artmodul_Preislogik!P272+Artmodul_Preislogik!P221)*1.19 -> 1046.01 | G18: =(2*Artmodul_Preislogik!P6+2*Artmodul_Preislogik!P21+Artmodul_Preislogik!P85+8*Artmodul_Preislogik!P263+4*Artmodul_Preislogik!P278+4*Artmodul_Preislogik!P279+4*Artmodul_Preislogik!P272+Artmodul_Preislogik!P222)*1.19 -> 1316.14 | H18: =(2*Artmodul_Preislogik!P6+2*Artmodul_Preislogik!P22+Artmodul_Preislogik!P90+8*Artmodul_Preislogik!P263+4*Artmodul_Preislogik!P278+4*Artmodul_Preislogik!P280+4*Artmodul_Preislogik!P272+Artmodul_Preislogik!P223)*1.19 -> 1542.24 | I18: =(2*Artmodul_Preislogik!P6+2*Artmodul_Preislogik!P23+Artmodul_Preislogik!P95+8*Artmodul_Preislogik!P263+4*Artmodul_Preislogik!P278+4*Artmodul_Preislogik!P281+4*Artmodul_Preislogik!P272+Artmodul_Preislogik!P224)*1.19 -> 1811.18
A20: Schublade | B20: 360 | C20: 420 | D20: =(2*Artmodul_Preislogik!P3+2*Artmodul_Preislogik!P18+Artmodul_Preislogik!P67+8*Artmodul_Preislogik!P263+4*Artmodul_Preislogik!P273+4*Artmodul_Preislogik!P271+4*Artmodul_Preislogik!P272+Artmodul_Preislogik!P225)*1.19 -> 731.85 | E20: =(2*Artmodul_Preislogik!P3+2*Artmodul_Preislogik!P19+Artmodul_Preislogik!P72+8*Artmodul_Preislogik!P263+4*Artmodul_Preislogik!P273+4*Artmodul_Preislogik!P272+4*Artmodul_Preislogik!P272+Artmodul_Preislogik!P226)*1.19 -> 803.25
C21: 580 | D21: =(2*Artmodul_Preislogik!P4+2*Artmodul_Preislogik!P18+Artmodul_Preislogik!P68+8*Artmodul_Preislogik!P263+4*Artmodul_Preislogik!P274+4*Artmodul_Preislogik!P271+4*Artmodul_Preislogik!P272+Artmodul_Preislogik!P227)*1.19 -> 775.88 | E21: =(2*Artmodul_Preislogik!P4+2*Artmodul_Preislogik!P19+Artmodul_Preislogik!P73+8*Artmodul_Preislogik!P263+4*Artmodul_Preislogik!P274+4*Artmodul_Preislogik!P272+4*Artmodul_Preislogik!P272+Artmodul_Preislogik!P228)*1.19 -> 835.38
C22: 780 | D22: =(2*Artmodul_Preislogik!P5+2*Artmodul_Preislogik!P18+Artmodul_Preislogik!P69+8*Artmodul_Preislogik!P263+4*Artmodul_Preislogik!P277+4*Artmodul_Preislogik!P271+4*Artmodul_Preislogik!P272+Artmodul_Preislogik!P229)*1.19 -> 833 | E22: =(2*Artmodul_Preislogik!P5+2*Artmodul_Preislogik!P19+Artmodul_Preislogik!P74+8*Artmodul_Preislogik!P263+4*Artmodul_Preislogik!P277+4*Artmodul_Preislogik!P272+4*Artmodul_Preislogik!P272+Artmodul_Preislogik!P230)*1.19 -> 882.98
C23: 980 | D23: =(2*Artmodul_Preislogik!P6+2*Artmodul_Preislogik!P18+Artmodul_Preislogik!P70+8*Artmodul_Preislogik!P263+4*Artmodul_Preislogik!P278+4*Artmodul_Preislogik!P271+4*Artmodul_Preislogik!P272+Artmodul_Preislogik!P231)*1.19 -> 918.68 | E23: =(2*Artmodul_Preislogik!P6+2*Artmodul_Preislogik!P19+Artmodul_Preislogik!P75+8*Artmodul_Preislogik!P263+4*Artmodul_Preislogik!P278+4*Artmodul_Preislogik!P272+4*Artmodul_Preislogik!P272+Artmodul_Preislogik!P232)*1.19 -> 1005.55
A26: Tiefe 580 mm
A27: Front | B27: Tiefe (mm) | C27: Breite (mm) | D27: H 180 mm | E27: H 360 mm | F27: H 720 mm | G27: H 1080 mm | H27: H 1440 mm | I27: H 1800 mm
A28: Offen | B28: 580 | C28: 420 | D28: =(2*Artmodul_Preislogik!P8+2*Artmodul_Preislogik!P24+Artmodul_Preislogik!P67+8*Artmodul_Preislogik!P263+4*Artmodul_Preislogik!P273+4*Artmodul_Preislogik!P271+4*Artmodul_Preislogik!P274)*1.19 -> 476 | E28: =(2*Artmodul_Preislogik!P8+2*Artmodul_Preislogik!P25+Artmodul_Preislogik!P72+8*Artmodul_Preislogik!P263+4*Artmodul_Preislogik!P273+4*Artmodul_Preislogik!P272+4*Artmodul_Preislogik!P274)*1.19 -> 476 | F28: =(2*Artmodul_Preislogik!P8+2*Artmodul_Preislogik!P26+Artmodul_Preislogik!P77+8*Artmodul_Preislogik!P263+4*Artmodul_Preislogik!P273+4*Artmodul_Preislogik!P276+4*Artmodul_Preislogik!P274)*1.19 -> 589.05 | G28: =(2*Artmodul_Preislogik!P8+2*Artmodul_Preislogik!P27+Artmodul_Preislogik!P82+8*Artmodul_Preislogik!P263+4*Artmodul_Preislogik!P273+4*Artmodul_Preislogik!P279+4*Artmodul_Preislogik!P274)*1.19 -> 692.58 | H28: =(2*Artmodul_Preislogik!P8+2*Artmodul_Preislogik!P28+Artmodul_Preislogik!P87+8*Artmodul_Preislogik!P263+4*Artmodul_Preislogik!P273+4*Artmodul_Preislogik!P280+4*Artmodul_Preislogik!P274)*1.19 -> 806.82 | I28: =(2*Artmodul_Preislogik!P8+2*Artmodul_Preislogik!P29+Artmodul_Preislogik!P92+8*Artmodul_Preislogik!P263+4*Artmodul_Preislogik!P273+4*Artmodul_Preislogik!P281+4*Artmodul_Preislogik!P274)*1.19 -> 915.11
C29: 580 | D29: =(2*Artmodul_Preislogik!P9+2*Artmodul_Preislogik!P24+Artmodul_Preislogik!P68+8*Artmodul_Preislogik!P263+4*Artmodul_Preislogik!P274+4*Artmodul_Preislogik!P271+4*Artmodul_Preislogik!P274)*1.19 -> 523.6 | E29: =(2*Artmodul_Preislogik!P9+2*Artmodul_Preislogik!P25+Artmodul_Preislogik!P73+8*Artmodul_Preislogik!P263+4*Artmodul_Preislogik!P274+4*Artmodul_Preislogik!P272+4*Artmodul_Preislogik!P274)*1.19 -> 523.6 | F29: =(2*Artmodul_Preislogik!P9+2*Artmodul_Preislogik!P26+Artmodul_Preislogik!P78+8*Artmodul_Preislogik!P263+4*Artmodul_Preislogik!P274+4*Artmodul_Preislogik!P276+4*Artmodul_Preislogik!P274)*1.19 -> 649.74 | G29: =(2*Artmodul_Preislogik!P9+2*Artmodul_Preislogik!P27+Artmodul_Preislogik!P83+8*Artmodul_Preislogik!P263+4*Artmodul_Preislogik!P274+4*Artmodul_Preislogik!P279+4*Artmodul_Preislogik!P274)*1.19 -> 760.41 | H29: =(2*Artmodul_Preislogik!P9+2*Artmodul_Preislogik!P28+Artmodul_Preislogik!P88+8*Artmodul_Preislogik!P263+4*Artmodul_Preislogik!P274+4*Artmodul_Preislogik!P280+4*Artmodul_Preislogik!P274)*1.19 -> 886.55 | I29: =(2*Artmodul_Preislogik!P9+2*Artmodul_Preislogik!P29+Artmodul_Preislogik!P93+8*Artmodul_Preislogik!P263+4*Artmodul_Preislogik!P274+4*Artmodul_Preislogik!P281+4*Artmodul_Preislogik!P274)*1.19 -> 1004.36
C30: 780 | D30: =(2*Artmodul_Preislogik!P10+2*Artmodul_Preislogik!P24+Artmodul_Preislogik!P69+8*Artmodul_Preislogik!P263+4*Artmodul_Preislogik!P277+4*Artmodul_Preislogik!P271+4*Artmodul_Preislogik!P274)*1.19 -> 580.72 | E30: =(2*Artmodul_Preislogik!P10+2*Artmodul_Preislogik!P25+Artmodul_Preislogik!P74+8*Artmodul_Preislogik!P263+4*Artmodul_Preislogik!P277+4*Artmodul_Preislogik!P272+4*Artmodul_Preislogik!P274)*1.19 -> 580.72 | F30: =(2*Artmodul_Preislogik!P10+2*Artmodul_Preislogik!P26+Artmodul_Preislogik!P79+8*Artmodul_Preislogik!P263+4*Artmodul_Preislogik!P277+4*Artmodul_Preislogik!P276+4*Artmodul_Preislogik!P274)*1.19 -> 716.38 | G30: =(2*Artmodul_Preislogik!P10+2*Artmodul_Preislogik!P27+Artmodul_Preislogik!P84+8*Artmodul_Preislogik!P263+4*Artmodul_Preislogik!P277+4*Artmodul_Preislogik!P279+4*Artmodul_Preislogik!P274)*1.19 -> 843.71 | H30: =(2*Artmodul_Preislogik!P10+2*Artmodul_Preislogik!P28+Artmodul_Preislogik!P89+8*Artmodul_Preislogik!P263+4*Artmodul_Preislogik!P277+4*Artmodul_Preislogik!P280+4*Artmodul_Preislogik!P274)*1.19 -> 978.18 | I30: =(2*Artmodul_Preislogik!P10+2*Artmodul_Preislogik!P29+Artmodul_Preislogik!P94+8*Artmodul_Preislogik!P263+4*Artmodul_Preislogik!P277+4*Artmodul_Preislogik!P281+4*Artmodul_Preislogik!P274)*1.19 -> 1109.08
C31: 980 | D31: =(2*Artmodul_Preislogik!P11+2*Artmodul_Preislogik!P24+Artmodul_Preislogik!P70+8*Artmodul_Preislogik!P263+4*Artmodul_Preislogik!P278+4*Artmodul_Preislogik!P271+4*Artmodul_Preislogik!P274)*1.19 -> 641.41 | E31: =(2*Artmodul_Preislogik!P11+2*Artmodul_Preislogik!P25+Artmodul_Preislogik!P75+8*Artmodul_Preislogik!P263+4*Artmodul_Preislogik!P278+4*Artmodul_Preislogik!P272+4*Artmodul_Preislogik!P274)*1.19 -> 641.41 | F31: =(2*Artmodul_Preislogik!P11+2*Artmodul_Preislogik!P26+Artmodul_Preislogik!P80+8*Artmodul_Preislogik!P263+4*Artmodul_Preislogik!P278+4*Artmodul_Preislogik!P276+4*Artmodul_Preislogik!P274)*1.19 -> 788.97 | G31: =(2*Artmodul_Preislogik!P11+2*Artmodul_Preislogik!P27+Artmodul_Preislogik!P85+8*Artmodul_Preislogik!P263+4*Artmodul_Preislogik!P278+4*Artmodul_Preislogik!P279+4*Artmodul_Preislogik!P274)*1.19 -> 925.82 | H31: =(2*Artmodul_Preislogik!P11+2*Artmodul_Preislogik!P28+Artmodul_Preislogik!P90+8*Artmodul_Preislogik!P263+4*Artmodul_Preislogik!P278+4*Artmodul_Preislogik!P280+4*Artmodul_Preislogik!P274)*1.19 -> 1073.38 | I31: =(2*Artmodul_Preislogik!P11+2*Artmodul_Preislogik!P29+Artmodul_Preislogik!P95+8*Artmodul_Preislogik!P263+4*Artmodul_Preislogik!P278+4*Artmodul_Preislogik!P281+4*Artmodul_Preislogik!P274)*1.19 -> 1214.99
A33: Klappe | B33: 580 | C33: 420 | D33: =(2*Artmodul_Preislogik!P8+2*Artmodul_Preislogik!P24+Artmodul_Preislogik!P67+8*Artmodul_Preislogik!P263+4*Artmodul_Preislogik!P273+4*Artmodul_Preislogik!P271+4*Artmodul_Preislogik!P274+Artmodul_Preislogik!P191)*1.19 -> 653.31 | E33: =(2*Artmodul_Preislogik!P8+2*Artmodul_Preislogik!P25+Artmodul_Preislogik!P72+8*Artmodul_Preislogik!P263+4*Artmodul_Preislogik!P273+4*Artmodul_Preislogik!P272+4*Artmodul_Preislogik!P274+Artmodul_Preislogik!P192)*1.19 -> 653.31
C34: 580 | D34: =(2*Artmodul_Preislogik!P9+2*Artmodul_Preislogik!P24+Artmodul_Preislogik!P68+8*Artmodul_Preislogik!P263+4*Artmodul_Preislogik!P274+4*Artmodul_Preislogik!P271+4*Artmodul_Preislogik!P274+Artmodul_Preislogik!P193)*1.19 -> 716.38 | E34: =(2*Artmodul_Preislogik!P9+2*Artmodul_Preislogik!P25+Artmodul_Preislogik!P73+8*Artmodul_Preislogik!P263+4*Artmodul_Preislogik!P274+4*Artmodul_Preislogik!P272+4*Artmodul_Preislogik!P274+Artmodul_Preislogik!P194)*1.19 -> 716.38
C35: 780 | D35: =(2*Artmodul_Preislogik!P10+2*Artmodul_Preislogik!P24+Artmodul_Preislogik!P69+8*Artmodul_Preislogik!P263+4*Artmodul_Preislogik!P277+4*Artmodul_Preislogik!P271+4*Artmodul_Preislogik!P274+Artmodul_Preislogik!P195)*1.19 -> 787.78 | E35: =(2*Artmodul_Preislogik!P10+2*Artmodul_Preislogik!P25+Artmodul_Preislogik!P74+8*Artmodul_Preislogik!P263+4*Artmodul_Preislogik!P277+4*Artmodul_Preislogik!P272+4*Artmodul_Preislogik!P274+Artmodul_Preislogik!P196)*1.19 -> 787.78
C36: 980 | D36: =(2*Artmodul_Preislogik!P11+2*Artmodul_Preislogik!P24+Artmodul_Preislogik!P70+8*Artmodul_Preislogik!P263+4*Artmodul_Preislogik!P278+4*Artmodul_Preislogik!P271+4*Artmodul_Preislogik!P274+Artmodul_Preislogik!P197)*1.19 -> 903.21 | E36: =(2*Artmodul_Preislogik!P11+2*Artmodul_Preislogik!P25+Artmodul_Preislogik!P75+8*Artmodul_Preislogik!P263+4*Artmodul_Preislogik!P278+4*Artmodul_Preislogik!P272+4*Artmodul_Preislogik!P274+Artmodul_Preislogik!P198)*1.19 -> 903.21
A38: Tür | B38: 580 | C38: 420 | E38: =(2*Artmodul_Preislogik!P8+2*Artmodul_Preislogik!P25+Artmodul_Preislogik!P72+8*Artmodul_Preislogik!P263+4*Artmodul_Preislogik!P273+4*Artmodul_Preislogik!P272+4*Artmodul_Preislogik!P274+Artmodul_Preislogik!P202)*1.19 -> 618.8 | F38: =(2*Artmodul_Preislogik!P8+2*Artmodul_Preislogik!P26+Artmodul_Preislogik!P77+8*Artmodul_Preislogik!P263+4*Artmodul_Preislogik!P273+4*Artmodul_Preislogik!P276+4*Artmodul_Preislogik!P274+Artmodul_Preislogik!P203)*1.19 -> 755.65 | G38: =(2*Artmodul_Preislogik!P8+2*Artmodul_Preislogik!P27+Artmodul_Preislogik!P82+8*Artmodul_Preislogik!P263+4*Artmodul_Preislogik!P273+4*Artmodul_Preislogik!P279+4*Artmodul_Preislogik!P274+Artmodul_Preislogik!P204)*1.19 -> 938.91 | H38: =(2*Artmodul_Preislogik!P8+2*Artmodul_Preislogik!P28+Artmodul_Preislogik!P87+8*Artmodul_Preislogik!P263+4*Artmodul_Preislogik!P273+4*Artmodul_Preislogik!P280+4*Artmodul_Preislogik!P274+Artmodul_Preislogik!P205)*1.19 -> 1075.76 | I38: =(2*Artmodul_Preislogik!P8+2*Artmodul_Preislogik!P29+Artmodul_Preislogik!P92+8*Artmodul_Preislogik!P263+4*Artmodul_Preislogik!P273+4*Artmodul_Preislogik!P281+4*Artmodul_Preislogik!P274+Artmodul_Preislogik!P206)*1.19 -> 1270.92
C39: 580 | E39: =(2*Artmodul_Preislogik!P9+2*Artmodul_Preislogik!P25+Artmodul_Preislogik!P73+8*Artmodul_Preislogik!P263+4*Artmodul_Preislogik!P274+4*Artmodul_Preislogik!P272+4*Artmodul_Preislogik!P274+Artmodul_Preislogik!P207)*1.19 -> 684.25 | F39: =(2*Artmodul_Preislogik!P9+2*Artmodul_Preislogik!P26+Artmodul_Preislogik!P78+8*Artmodul_Preislogik!P263+4*Artmodul_Preislogik!P274+4*Artmodul_Preislogik!P276+4*Artmodul_Preislogik!P274+Artmodul_Preislogik!P208)*1.19 -> 869.89 | G39: =(2*Artmodul_Preislogik!P9+2*Artmodul_Preislogik!P27+Artmodul_Preislogik!P83+8*Artmodul_Preislogik!P263+4*Artmodul_Preislogik!P274+4*Artmodul_Preislogik!P279+4*Artmodul_Preislogik!P274+Artmodul_Preislogik!P209)*1.19 -> 1051.96 | H39: =(2*Artmodul_Preislogik!P9+2*Artmodul_Preislogik!P28+Artmodul_Preislogik!P88+8*Artmodul_Preislogik!P263+4*Artmodul_Preislogik!P274+4*Artmodul_Preislogik!P280+4*Artmodul_Preislogik!P274+Artmodul_Preislogik!P210)*1.19 -> 1239.98 | I39: =(2*Artmodul_Preislogik!P9+2*Artmodul_Preislogik!P29+Artmodul_Preislogik!P93+8*Artmodul_Preislogik!P263+4*Artmodul_Preislogik!P274+4*Artmodul_Preislogik!P281+4*Artmodul_Preislogik!P274+Artmodul_Preislogik!P211)*1.19 -> 1441.09
C40: 780 | E40: =(2*Artmodul_Preislogik!P10+2*Artmodul_Preislogik!P25+Artmodul_Preislogik!P74+8*Artmodul_Preislogik!P263+4*Artmodul_Preislogik!P277+4*Artmodul_Preislogik!P272+4*Artmodul_Preislogik!P274+Artmodul_Preislogik!P214)*1.19 -> 847.28 | F40: =(2*Artmodul_Preislogik!P10+2*Artmodul_Preislogik!P26+Artmodul_Preislogik!P79+8*Artmodul_Preislogik!P263+4*Artmodul_Preislogik!P277+4*Artmodul_Preislogik!P276+4*Artmodul_Preislogik!P274+Artmodul_Preislogik!P216)*1.19 -> 1044.82 | G40: =(2*Artmodul_Preislogik!P10+2*Artmodul_Preislogik!P27+Artmodul_Preislogik!P84+8*Artmodul_Preislogik!P263+4*Artmodul_Preislogik!P277+4*Artmodul_Preislogik!P279+4*Artmodul_Preislogik!P274+Artmodul_Preislogik!P217)*1.19 -> 1329.23 | H40: =(2*Artmodul_Preislogik!P10+2*Artmodul_Preislogik!P28+Artmodul_Preislogik!P89+8*Artmodul_Preislogik!P263+4*Artmodul_Preislogik!P277+4*Artmodul_Preislogik!P280+4*Artmodul_Preislogik!P274+Artmodul_Preislogik!P218)*1.19 -> 1545.81 | I40: =(2*Artmodul_Preislogik!P10+2*Artmodul_Preislogik!P29+Artmodul_Preislogik!P94+8*Artmodul_Preislogik!P263+4*Artmodul_Preislogik!P277+4*Artmodul_Preislogik!P281+4*Artmodul_Preislogik!P274+Artmodul_Preislogik!P219)*1.19 -> 1808.8
C41: 980 | E41: =(2*Artmodul_Preislogik!P11+2*Artmodul_Preislogik!P25+Artmodul_Preislogik!P75+8*Artmodul_Preislogik!P263+4*Artmodul_Preislogik!P278+4*Artmodul_Preislogik!P272+4*Artmodul_Preislogik!P274+Artmodul_Preislogik!P220)*1.19 -> 923.44 | F41: =(2*Artmodul_Preislogik!P11+2*Artmodul_Preislogik!P26+Artmodul_Preislogik!P80+8*Artmodul_Preislogik!P263+4*Artmodul_Preislogik!P278+4*Artmodul_Preislogik!P276+4*Artmodul_Preislogik!P274+Artmodul_Preislogik!P221)*1.19 -> 1181.67 | G41: =(2*Artmodul_Preislogik!P11+2*Artmodul_Preislogik!P27+Artmodul_Preislogik!P85+8*Artmodul_Preislogik!P263+4*Artmodul_Preislogik!P278+4*Artmodul_Preislogik!P279+4*Artmodul_Preislogik!P274+Artmodul_Preislogik!P222)*1.19 -> 1473.22 | H41: =(2*Artmodul_Preislogik!P11+2*Artmodul_Preislogik!P28+Artmodul_Preislogik!P90+8*Artmodul_Preislogik!P263+4*Artmodul_Preislogik!P278+4*Artmodul_Preislogik!P280+4*Artmodul_Preislogik!P274+Artmodul_Preislogik!P223)*1.19 -> 1727.88 | I41: =(2*Artmodul_Preislogik!P11+2*Artmodul_Preislogik!P29+Artmodul_Preislogik!P95+8*Artmodul_Preislogik!P263+4*Artmodul_Preislogik!P278+4*Artmodul_Preislogik!P281+4*Artmodul_Preislogik!P274+Artmodul_Preislogik!P224)*1.19 -> 2020.62
A43: Schublade | B43: 580 | C43: 420 | D43: =(2*Artmodul_Preislogik!P8+2*Artmodul_Preislogik!P24+Artmodul_Preislogik!P67+8*Artmodul_Preislogik!P263+4*Artmodul_Preislogik!P273+4*Artmodul_Preislogik!P271+4*Artmodul_Preislogik!P274+Artmodul_Preislogik!P225)*1.19 -> 781.83 | E43: =(2*Artmodul_Preislogik!P8+2*Artmodul_Preislogik!P25+Artmodul_Preislogik!P72+8*Artmodul_Preislogik!P263+4*Artmodul_Preislogik!P273+4*Artmodul_Preislogik!P272+4*Artmodul_Preislogik!P274+Artmodul_Preislogik!P226)*1.19 -> 853.23
C44: 580 | D44: =(2*Artmodul_Preislogik!P9+2*Artmodul_Preislogik!P24+Artmodul_Preislogik!P68+8*Artmodul_Preislogik!P263+4*Artmodul_Preislogik!P274+4*Artmodul_Preislogik!P271+4*Artmodul_Preislogik!P274+Artmodul_Preislogik!P227)*1.19 -> 842.52 | E44: =(2*Artmodul_Preislogik!P9+2*Artmodul_Preislogik!P25+Artmodul_Preislogik!P73+8*Artmodul_Preislogik!P263+4*Artmodul_Preislogik!P274+4*Artmodul_Preislogik!P272+4*Artmodul_Preislogik!P274+Artmodul_Preislogik!P228)*1.19 -> 902.02
C45: 780 | D45: =(2*Artmodul_Preislogik!P10+2*Artmodul_Preislogik!P24+Artmodul_Preislogik!P69+8*Artmodul_Preislogik!P263+4*Artmodul_Preislogik!P277+4*Artmodul_Preislogik!P271+4*Artmodul_Preislogik!P274+Artmodul_Preislogik!P229)*1.19 -> 911.54 | E45: =(2*Artmodul_Preislogik!P10+2*Artmodul_Preislogik!P25+Artmodul_Preislogik!P74+8*Artmodul_Preislogik!P263+4*Artmodul_Preislogik!P277+4*Artmodul_Preislogik!P272+4*Artmodul_Preislogik!P274+Artmodul_Preislogik!P230)*1.19 -> 961.52
C46: 980 | D46: =(2*Artmodul_Preislogik!P11+2*Artmodul_Preislogik!P24+Artmodul_Preislogik!P70+8*Artmodul_Preislogik!P263+4*Artmodul_Preislogik!P278+4*Artmodul_Preislogik!P271+4*Artmodul_Preislogik!P274+Artmodul_Preislogik!P231)*1.19 -> 1013.88 | E46: =(2*Artmodul_Preislogik!P11+2*Artmodul_Preislogik!P25+Artmodul_Preislogik!P75+8*Artmodul_Preislogik!P263+4*Artmodul_Preislogik!P278+4*Artmodul_Preislogik!P272+4*Artmodul_Preislogik!P274+Artmodul_Preislogik!P232)*1.19 -> 1100.75

Sheet Artmodul_Preislogik
A1: Art_Nr | B1: Typ | C1: Kategorie | D1: Bezeichnung | E1: Breite_mm | F1: Tiefe_mm | G1: PG1_MDF_EUR | H1: PG2_Alu_EUR | I1: PG3_Furnier_EUR | J1: PG4_Glas_EUR | K1: Warnung | L1: PG1_MDF_CHF | M1: PG2_Alu_CHF | N1: PG3_Furnier_CHF | O1: PG4_Glas_CHF | P1: PG1_Angepasst | Q1: KONFIGURATOR EXPORT | S1: ⚙️ PREISSTEUERUNG
A2: 3000 | B2: Platte | C2: Boden | D2: Boden (360x360) | E2: 360 | F2: 360 | G2: 34 | H2: 114 | I2: 89 | J2: 177 | L2: =IF(G2="","",ROUND(G2*1.15,0)) -> 39 | M2: =IF(H2="","",ROUND(H2*1.15,0)) -> 131 | N2: =IF(I2="","",ROUND(I2*1.15,0)) -> 102 | O2: =IF(J2="","",ROUND(J2*1.15,0)) -> 204 | P2: =IF(G2="","",ROUND(G2*$T$3*IFERROR(VLOOKUP(C2,$S$6:$T$27,2,FALSE),1),0)) -> 26 | Q2: Datei | R2: Verkaufspreise_V07.xlsx
A3: 3001 | B3: Platte | C3: Boden | D3: Boden (420x360) | E3: 420 | F3: 360 | G3: 34 | H3: 121 | I3: 92 | J3: 178 | L3: =IF(G3="","",ROUND(G3*1.15,0)) -> 39 | M3: =IF(H3="","",ROUND(H3*1.15,0)) -> 139 | N3: =IF(I3="","",ROUND(I3*1.15,0)) -> 106 | O3: =IF(J3="","",ROUND(J3*1.15,0)) -> 205 | P3: =IF(G3="","",ROUND(G3*$T$3*IFERROR(VLOOKUP(C3,$S$6:$T$27,2,FALSE),1),0)) -> 26 | Q3: Platten-Artikel | R3: =COUNTIF(B:B,"Platte") -> 258 | S3: Globaler Faktor | T3: 1 | U3: ← Eingabe (z.B. 0.85 = -15%)
A4: 3002 | B4: Platte | C4: Boden | D4: Boden (580x360) | E4: 580 | F4: 360 | G4: 43 | H4: 161 | I4: 130 | J4: 185 | L4: =IF(G4="","",ROUND(G4*1.15,0)) -> 49 | M4: =IF(H4="","",ROUND(H4*1.15,0)) -> 185 | N4: =IF(I4="","",ROUND(I4*1.15,0)) -> 150 | O4: =IF(J4="","",ROUND(J4*1.15,0)) -> 213 | P4: =IF(G4="","",ROUND(G4*$T$3*IFERROR(VLOOKUP(C4,$S$6:$T$27,2,FALSE),1),0)) -> 32 | Q4: Zubehör-Artikel | R4: =COUNTIF(B:B,"Zubehör") -> 47
A5: 3003 | B5: Platte | C5: Boden | D5: Boden (780x360) | E5: 780 | F5: 360 | G5: 56 | H5: 185 | I5: 144 | J5: 190 | L5: =IF(G5="","",ROUND(G5*1.15,0)) -> 64 | M5: =IF(H5="","",ROUND(H5*1.15,0)) -> 213 | N5: =IF(I5="","",ROUND(I5*1.15,0)) -> 166 | O5: =IF(J5="","",ROUND(J5*1.15,0)) -> 219 | P5: =IF(G5="","",ROUND(G5*$T$3*IFERROR(VLOOKUP(C5,$S$6:$T$27,2,FALSE),1),0)) -> 42 | Q5: Duplikate | R5: ✅ 0 – bereinigt | S5: Kategorie | T5: Faktor | U5: Effektiver Faktor
A6: 3004 | B6: Platte | C6: Boden | D6: Boden (980x360) | E6: 980 | F6: 360 | G6: 70 | H6: 223 | I6: 174 | J6: 209 | L6: =IF(G6="","",ROUND(G6*1.15,0)) -> 81 | M6: =IF(H6="","",ROUND(H6*1.15,0)) -> 256 | N6: =IF(I6="","",ROUND(I6*1.15,0)) -> 200 | O6: =IF(J6="","",ROUND(J6*1.15,0)) -> 240 | P6: =IF(G6="","",ROUND(G6*$T$3*IFERROR(VLOOKUP(C6,$S$6:$T$27,2,FALSE),1),0)) -> 53 | Q6: Warnungen | R6: =COUNTIF(K:K,"*nicht OK*") -> 10 | S6: Boden | T6: 0.75 | U6: =$T$3*T6 -> 0.75
A7: 3005 | B7: Platte | C7: Boden | D7: Boden (360x580) | E7: 360 | F7: 580 | G7: 43 | H7: 161 | I7: 130 | J7: 185 | L7: =IF(G7="","",ROUND(G7*1.15,0)) -> 49 | M7: =IF(H7="","",ROUND(H7*1.15,0)) -> 185 | N7: =IF(I7="","",ROUND(I7*1.15,0)) -> 150 | O7: =IF(J7="","",ROUND(J7*1.15,0)) -> 213 | P7: =IF(G7="","",ROUND(G7*$T$3*IFERROR(VLOOKUP(C7,$S$6:$T$27,2,FALSE),1),0)) -> 32 | Q7: CHF-Faktor | R7: 1.15 | S7: Seite außen | T7: 0.75 | U7: =$T$3*T7 -> 0.75
A8: 3006 | B8: Platte | C8: Boden | D8: Boden (420x580) | E8: 420 | F8: 580 | G8: 49 | H8: 181 | I8: 147 | J8: 186 | L8: =IF(G8="","",ROUND(G8*1.15,0)) -> 56 | M8: =IF(H8="","",ROUND(H8*1.15,0)) -> 208 | N8: =IF(I8="","",ROUND(I8*1.15,0)) -> 169 | O8: =IF(J8="","",ROUND(J8*1.15,0)) -> 214 | P8: =IF(G8="","",ROUND(G8*$T$3*IFERROR(VLOOKUP(C8,$S$6:$T$27,2,FALSE),1),0)) -> 37 | Q8: Preisgruppen | R8: PG1=MDF, PG2=Alu, PG3=Furnier, PG4=Glas | S8: Seite außen SY32 | T8: 0.75 | U8: =$T$3*T8 -> 0.75
A9: 3007 | B9: Platte | C9: Boden | D9: Boden (580x580) | E9: 580 | F9: 580 | G9: 67 | H9: 228 | I9: 183 | J9: 191 | L9: =IF(G9="","",ROUND(G9*1.15,0)) -> 77 | M9: =IF(H9="","",ROUND(H9*1.15,0)) -> 262 | N9: =IF(I9="","",ROUND(I9*1.15,0)) -> 210 | O9: =IF(J9="","",ROUND(J9*1.15,0)) -> 220 | P9: =IF(G9="","",ROUND(G9*$T$3*IFERROR(VLOOKUP(C9,$S$6:$T$27,2,FALSE),1),0)) -> 50 | S9: Rücken | T9: 0.75 | U9: =$T$3*T9 -> 0.75
A10: 3008 | B10: Platte | C10: Boden | D10: Boden (780x580) | E10: 780 | F10: 580 | G10: 87 | H10: 275 | I10: 225 | J10: 237 | L10: =IF(G10="","",ROUND(G10*1.15,0)) -> 100 | M10: =IF(H10="","",ROUND(H10*1.15,0)) -> 316 | N10: =IF(I10="","",ROUND(I10*1.15,0)) -> 259 | O10: =IF(J10="","",ROUND(J10*1.15,0)) -> 273 | P10: =IF(G10="","",ROUND(G10*$T$3*IFERROR(VLOOKUP(C10,$S$6:$T$27,2,FALSE),1),0)) -> 65 | S10: Seite innen | T10: 0.75 | U10: =$T$3*T10 -> 0.75
A11: 3009 | B11: Platte | C11: Boden | D11: Boden (980x580) | E11: 980 | F11: 580 | G11: 110 | H11: 355 | I11: 286 | J11: 276 | L11: =IF(G11="","",ROUND(G11*1.15,0)) -> 127 | M11: =IF(H11="","",ROUND(H11*1.15,0)) -> 408 | N11: =IF(I11="","",ROUND(I11*1.15,0)) -> 329 | O11: =IF(J11="","",ROUND(J11*1.15,0)) -> 317 | P11: =IF(G11="","",ROUND(G11*$T$3*IFERROR(VLOOKUP(C11,$S$6:$T$27,2,FALSE),1),0)) -> 83 | S11: Seite innen SY32 | T11: 0.75 | U11: =$T$3*T11 -> 0.75
A12: 3010 | B12: Platte | C12: Boden | D12: Boden (780x780) | E12: 780 | F12: 780 | G12: 113 | H12: 302 | I12: 272 | J12: 295 | L12: =IF(G12="","",ROUND(G12*1.15,0)) -> 130 | M12: =IF(H12="","",ROUND(H12*1.15,0)) -> 347 | N12: =IF(I12="","",ROUND(I12*1.15,0)) -> 313 | O12: =IF(J12="","",ROUND(J12*1.15,0)) -> 339 | P12: =IF(G12="","",ROUND(G12*$T$3*IFERROR(VLOOKUP(C12,$S$6:$T$27,2,FALSE),1),0)) -> 85 | S12: Seite innen SY32 DB | T12: 0.75 | U12: =$T$3*T12 -> 0.75
A13: 3011 | B13: Platte | C13: Boden | D13: Boden (980x780) | E13: 980 | F13: 780 | G13: 139 | H13: 416 | I13: 216 | J13: 406 | L13: =IF(G13="","",ROUND(G13*1.15,0)) -> 160 | M13: =IF(H13="","",ROUND(H13*1.15,0)) -> 478 | N13: =IF(I13="","",ROUND(I13*1.15,0)) -> 248 | O13: =IF(J13="","",ROUND(J13*1.15,0)) -> 467 | P13: =IF(G13="","",ROUND(G13*$T$3*IFERROR(VLOOKUP(C13,$S$6:$T$27,2,FALSE),1),0)) -> 104 | S13: Fachboden klein | T13: 0.75 | U13: =$T$3*T13 -> 0.75
A14: 3012 | B14: Platte | C14: Boden | D14: Boden (980x980) | E14: 980 | F14: 980 | G14: 180 | H14: 496 | I14: 257 | J14: 483 | L14: =IF(G14="","",ROUND(G14*1.15,0)) -> 207 | M14: =IF(H14="","",ROUND(H14*1.15,0)) -> 570 | N14: =IF(I14="","",ROUND(I14*1.15,0)) -> 296 | O14: =IF(J14="","",ROUND(J14*1.15,0)) -> 555 | P14: =IF(G14="","",ROUND(G14*$T$3*IFERROR(VLOOKUP(C14,$S$6:$T$27,2,FALSE),1),0)) -> 135 | S14: Fachboden groß | T14: 0.75 | U14: =$T$3*T14 -> 0.75
A15: 3013 | B15: Platte | C15: Boden | D15: Boden (420x780) | E15: 420 | F15: 780 | G15: 71 | H15: 219 | I15: 113 | J15: 213 | L15: =IF(G15="","",ROUND(G15*1.15,0)) -> 82 | M15: =IF(H15="","",ROUND(H15*1.15,0)) -> 252 | N15: =IF(I15="","",ROUND(I15*1.15,0)) -> 130 | O15: =IF(J15="","",ROUND(J15*1.15,0)) -> 245 | P15: =IF(G15="","",ROUND(G15*$T$3*IFERROR(VLOOKUP(C15,$S$6:$T$27,2,FALSE),1),0)) -> 53 | S15: Klappenboden | T15: 0.75 | U15: =$T$3*T15 -> 0.75
A16: 3014 | B16: Platte | C16: Boden | D16: Boden (420x980) | E16: 420 | F16: 980 | G16: 88 | H16: 247 | I16: 128 | J16: 241 | L16: =IF(G16="","",ROUND(G16*1.15,0)) -> 101 | M16: =IF(H16="","",ROUND(H16*1.15,0)) -> 284 | N16: =IF(I16="","",ROUND(I16*1.15,0)) -> 147 | O16: =IF(J16="","",ROUND(J16*1.15,0)) -> 277 | P16: =IF(G16="","",ROUND(G16*$T$3*IFERROR(VLOOKUP(C16,$S$6:$T$27,2,FALSE),1),0)) -> 66 | S16: Klappe | T16: 0.88 | U16: =$T$3*T16 -> 0.88
A17: S_0003 | B17: Platte | C17: Boden | D17: Boden (420x420) | E17: 420 | F17: 420 | G17: 56 | H17: 134 | I17: 69 | J17: 130 | L17: =IF(G17="","",ROUND(G17*1.15,0)) -> 64 | M17: =IF(H17="","",ROUND(H17*1.15,0)) -> 154 | N17: =IF(I17="","",ROUND(I17*1.15,0)) -> 79 | O17: =IF(J17="","",ROUND(J17*1.15,0)) -> 150 | P17: =IF(G17="","",ROUND(G17*$T$3*IFERROR(VLOOKUP(C17,$S$6:$T$27,2,FALSE),1),0)) -> 42 | S17: Tür | T17: 0.88 | U17: =$T$3*T17 -> 0.88
A18: 3100 | B18: Platte | C18: Seite außen | D18: Seite außen (360x180) | E18: 360 | F18: 180 | G18: 34 | H18: 114 | I18: 89 | J18: 201 | L18: =IF(G18="","",ROUND(G18*1.15,0)) -> 39 | M18: =IF(H18="","",ROUND(H18*1.15,0)) -> 131 | N18: =IF(I18="","",ROUND(I18*1.15,0)) -> 102 | O18: =IF(J18="","",ROUND(J18*1.15,0)) -> 231 | P18: =IF(G18="","",ROUND(G18*$T$3*IFERROR(VLOOKUP(C18,$S$6:$T$27,2,FALSE),1),0)) -> 26 | S18: Doppeltür | T18: 0.88 | U18: =$T$3*T18 -> 0.88
A19: 3101 | B19: Platte | C19: Seite außen | D19: Seite außen (360x360) | E19: 360 | F19: 360 | G19: 34 | H19: 114 | I19: 89 | J19: 177 | L19: =IF(G19="","",ROUND(G19*1.15,0)) -> 39 | M19: =IF(H19="","",ROUND(H19*1.15,0)) -> 131 | N19: =IF(I19="","",ROUND(I19*1.15,0)) -> 102 | O19: =IF(J19="","",ROUND(J19*1.15,0)) -> 204 | P19: =IF(G19="","",ROUND(G19*$T$3*IFERROR(VLOOKUP(C19,$S$6:$T$27,2,FALSE),1),0)) -> 26 | S19: Schublade | T19: 0.9 | U19: =$T$3*T19 -> 0.9
A20: 3102 | B20: Platte | C20: Seite außen | D20: Seite außen (360x720) | E20: 360 | F20: 720 | G20: 52 | H20: 181 | I20: 143 | J20: 212 | L20: =IF(G20="","",ROUND(G20*1.15,0)) -> 60 | M20: =IF(H20="","",ROUND(H20*1.15,0)) -> 208 | N20: =IF(I20="","",ROUND(I20*1.15,0)) -> 164 | O20: =IF(J20="","",ROUND(J20*1.15,0)) -> 244 | P20: =IF(G20="","",ROUND(G20*$T$3*IFERROR(VLOOKUP(C20,$S$6:$T$27,2,FALSE),1),0)) -> 39 | S20: Schublade LB 1 | T20: 0.9 | U20: =$T$3*T20 -> 0.9
A21: 3103 | B21: Platte | C21: Seite außen | D21: Seite außen (360x1080) | E21: 360 | F21: 1080 | G21: 76 | H21: 267 | I21: 222 | J21: 240 | L21: =IF(G21="","",ROUND(G21*1.15,0)) -> 87 | M21: =IF(H21="","",ROUND(H21*1.15,0)) -> 307 | N21: =IF(I21="","",ROUND(I21*1.15,0)) -> 255 | O21: =IF(J21="","",ROUND(J21*1.15,0)) -> 276 | P21: =IF(G21="","",ROUND(G21*$T$3*IFERROR(VLOOKUP(C21,$S$6:$T$27,2,FALSE),1),0)) -> 57 | S21: Schublade LB 2 | T21: 0.9 | U21: =$T$3*T21 -> 0.9
A22: 3104 | B22: Platte | C22: Seite außen | D22: Seite außen (360x1440) | E22: 360 | F22: 1440 | G22: 100 | H22: 336 | I22: 281 | J22: 529 | L22: =IF(G22="","",ROUND(G22*1.15,0)) -> 115 | M22: =IF(H22="","",ROUND(H22*1.15,0)) -> 386 | N22: =IF(I22="","",ROUND(I22*1.15,0)) -> 323 | O22: =IF(J22="","",ROUND(J22*1.15,0)) -> 608 | P22: =IF(G22="","",ROUND(G22*$T$3*IFERROR(VLOOKUP(C22,$S$6:$T$27,2,FALSE),1),0)) -> 75 | S22: Profil | T22: 0.75 | U22: =$T$3*T22 -> 0.75
A23: 3105 | B23: Platte | C23: Seite außen | D23: Seite außen (360x1800) | E23: 360 | F23: 1800 | G23: 125 | H23: 246 | I23: 343 | J23: 645 | L23: =IF(G23="","",ROUND(G23*1.15,0)) -> 144 | M23: =IF(H23="","",ROUND(H23*1.15,0)) -> 283 | N23: =IF(I23="","",ROUND(I23*1.15,0)) -> 394 | O23: =IF(J23="","",ROUND(J23*1.15,0)) -> 742 | P23: =IF(G23="","",ROUND(G23*$T$3*IFERROR(VLOOKUP(C23,$S$6:$T$27,2,FALSE),1),0)) -> 94 | S23: Schlösser | T23: 0.8 | U23: =$T$3*T23 -> 0.8
A24: 3106 | B24: Platte | C24: Seite außen | D24: Seite außen (580x180) | E24: 580 | F24: 180 | G24: 43 | H24: 161 | I24: 130 | J24: 208 | L24: =IF(G24="","",ROUND(G24*1.15,0)) -> 49 | M24: =IF(H24="","",ROUND(H24*1.15,0)) -> 185 | N24: =IF(I24="","",ROUND(I24*1.15,0)) -> 150 | O24: =IF(J24="","",ROUND(J24*1.15,0)) -> 239 | P24: =IF(G24="","",ROUND(G24*$T$3*IFERROR(VLOOKUP(C24,$S$6:$T$27,2,FALSE),1),0)) -> 32 | S24: Griff | T24: 0.8 | U24: =$T$3*T24 -> 0.8
A25: 3107 | B25: Platte | C25: Seite außen | D25: Seite außen (580x360) | E25: 580 | F25: 360 | G25: 43 | H25: 161 | I25: 130 | J25: 185 | L25: =IF(G25="","",ROUND(G25*1.15,0)) -> 49 | M25: =IF(H25="","",ROUND(H25*1.15,0)) -> 185 | N25: =IF(I25="","",ROUND(I25*1.15,0)) -> 150 | O25: =IF(J25="","",ROUND(J25*1.15,0)) -> 213 | P25: =IF(G25="","",ROUND(G25*$T$3*IFERROR(VLOOKUP(C25,$S$6:$T$27,2,FALSE),1),0)) -> 32 | S25: Hängeregister | T25: 0.8 | U25: =$T$3*T25 -> 0.8
A26: 3108 | B26: Platte | C26: Seite außen | D26: Seite außen (580x720) | E26: 580 | F26: 720 | G26: 82 | H26: 262 | I26: 216 | J26: 245 | L26: =IF(G26="","",ROUND(G26*1.15,0)) -> 94 | M26: =IF(H26="","",ROUND(H26*1.15,0)) -> 301 | N26: =IF(I26="","",ROUND(I26*1.15,0)) -> 248 | O26: =IF(J26="","",ROUND(J26*1.15,0)) -> 282 | P26: =IF(G26="","",ROUND(G26*$T$3*IFERROR(VLOOKUP(C26,$S$6:$T$27,2,FALSE),1),0)) -> 62 | S26: Zubehör & Sonstiges | T26: 0.8 | U26: =$T$3*T26 -> 0.8
A27: 3109 | B27: Platte | C27: Seite außen | D27: Seite außen (580x1080) | E27: 580 | F27: 1080 | G27: 119 | H27: 377 | I27: 300 | J27: 307 | L27: =IF(G27="","",ROUND(G27*1.15,0)) -> 137 | M27: =IF(H27="","",ROUND(H27*1.15,0)) -> 434 | N27: =IF(I27="","",ROUND(I27*1.15,0)) -> 345 | O27: =IF(J27="","",ROUND(J27*1.15,0)) -> 353 | P27: =IF(G27="","",ROUND(G27*$T$3*IFERROR(VLOOKUP(C27,$S$6:$T$27,2,FALSE),1),0)) -> 89 | S27: Kleinteile | T27: 0.8 | U27: =$T$3*T27 -> 0.8
A28: 3110 | B28: Platte | C28: Seite außen | D28: Seite außen (580x1440) | E28: 580 | F28: 1440 | G28: 158 | H28: 484 | I28: 400 | J28: 752 | L28: =IF(G28="","",ROUND(G28*1.15,0)) -> 182 | M28: =IF(H28="","",ROUND(H28*1.15,0)) -> 557 | N28: =IF(I28="","",ROUND(I28*1.15,0)) -> 460 | O28: =IF(J28="","",ROUND(J28*1.15,0)) -> 865 | P28: =IF(G28="","",ROUND(G28*$T$3*IFERROR(VLOOKUP(C28,$S$6:$T$27,2,FALSE),1),0)) -> 119
A29: 3111 | B29: Platte | C29: Seite außen | D29: Seite außen (580x1800) | E29: 580 | F29: 1800 | G29: 197 | H29: 388 | I29: 467 | J29: 879 | L29: =IF(G29="","",ROUND(G29*1.15,0)) -> 227 | M29: =IF(H29="","",ROUND(H29*1.15,0)) -> 446 | N29: =IF(I29="","",ROUND(I29*1.15,0)) -> 537 | O29: =IF(J29="","",ROUND(J29*1.15,0)) -> 1011 | P29: =IF(G29="","",ROUND(G29*$T$3*IFERROR(VLOOKUP(C29,$S$6:$T$27,2,FALSE),1),0)) -> 148 | S29: 💡 Faktor 1.00 = Originalpreis
A30: 3112 | B30: Platte | C30: Seite außen | D30: Seite außen (180x780) | E30: 180 | F30: 780 | G30: 56 | H30: 185 | I30: 144 | J30: 212 | L30: =IF(G30="","",ROUND(G30*1.15,0)) -> 64 | M30: =IF(H30="","",ROUND(H30*1.15,0)) -> 213 | N30: =IF(I30="","",ROUND(I30*1.15,0)) -> 166 | O30: =IF(J30="","",ROUND(J30*1.15,0)) -> 244 | P30: =IF(G30="","",ROUND(G30*$T$3*IFERROR(VLOOKUP(C30,$S$6:$T$27,2,FALSE),1),0)) -> 42 | S30: 💡 Faktor 0.80 = -20%, Faktor 1.15 = +15%
A31: 3113 | B31: Platte | C31: Seite außen | D31: Seite außen (180x980) | E31: 180 | F31: 980 | G31: 70 | H31: 223 | I31: 174 | J31: 229 | L31: =IF(G31="","",ROUND(G31*1.15,0)) -> 81 | M31: =IF(H31="","",ROUND(H31*1.15,0)) -> 256 | N31: =IF(I31="","",ROUND(I31*1.15,0)) -> 200 | O31: =IF(J31="","",ROUND(J31*1.15,0)) -> 263 | P31: =IF(G31="","",ROUND(G31*$T$3*IFERROR(VLOOKUP(C31,$S$6:$T$27,2,FALSE),1),0)) -> 53 | S31: 💡 Effektiv = Global × Kategorie
A32: 3114 | B32: Platte | C32: Seite außen | D32: Seite außen (360x780) | E32: 360 | F32: 780 | G32: 56 | H32: 185 | I32: 144 | J32: 190 | L32: =IF(G32="","",ROUND(G32*1.15,0)) -> 64 | M32: =IF(H32="","",ROUND(H32*1.15,0)) -> 213 | N32: =IF(I32="","",ROUND(I32*1.15,0)) -> 166 | O32: =IF(J32="","",ROUND(J32*1.15,0)) -> 219 | P32: =IF(G32="","",ROUND(G32*$T$3*IFERROR(VLOOKUP(C32,$S$6:$T$27,2,FALSE),1),0)) -> 42
A33: 3115 | B33: Platte | C33: Seite außen | D33: Seite außen (360x980) | E33: 360 | F33: 980 | G33: 70 | H33: 223 | I33: 174 | J33: 209 | L33: =IF(G33="","",ROUND(G33*1.15,0)) -> 81 | M33: =IF(H33="","",ROUND(H33*1.15,0)) -> 256 | N33: =IF(I33="","",ROUND(I33*1.15,0)) -> 200 | O33: =IF(J33="","",ROUND(J33*1.15,0)) -> 240 | P33: =IF(G33="","",ROUND(G33*$T$3*IFERROR(VLOOKUP(C33,$S$6:$T$27,2,FALSE),1),0)) -> 53
A34: 3116 | B34: Platte | C34: Seite außen | D34: Seite außen (720x780) | E34: 720 | F34: 780 | G34: 107 | H34: 355 | I34: 277 | J34: 268 | L34: =IF(G34="","",ROUND(G34*1.15,0)) -> 123 | M34: =IF(H34="","",ROUND(H34*1.15,0)) -> 408 | N34: =IF(I34="","",ROUND(I34*1.15,0)) -> 319 | O34: =IF(J34="","",ROUND(J34*1.15,0)) -> 308 | P34: =IF(G34="","",ROUND(G34*$T$3*IFERROR(VLOOKUP(C34,$S$6:$T$27,2,FALSE),1),0)) -> 80
A35: 3117 | B35: Platte | C35: Seite außen | D35: Seite außen (720x980) | E35: 720 | F35: 980 | G35: 134 | H35: 406 | I35: 320 | J35: 329 | L35: =IF(G35="","",ROUND(G35*1.15,0)) -> 154 | M35: =IF(H35="","",ROUND(H35*1.15,0)) -> 467 | N35: =IF(I35="","",ROUND(I35*1.15,0)) -> 368 | O35: =IF(J35="","",ROUND(J35*1.15,0)) -> 378 | P35: =IF(G35="","",ROUND(G35*$T$3*IFERROR(VLOOKUP(C35,$S$6:$T$27,2,FALSE),1),0)) -> 101
A36: 3118 | B36: Platte | C36: Seite außen | D36: Seite außen (1080x780) | E36: 1080 | F36: 780 | G36: 161 | H36: 517 | I36: 409 | J36: 385 | L36: =IF(G36="","",ROUND(G36*1.15,0)) -> 185 | M36: =IF(H36="","",ROUND(H36*1.15,0)) -> 595 | N36: =IF(I36="","",ROUND(I36*1.15,0)) -> 470 | O36: =IF(J36="","",ROUND(J36*1.15,0)) -> 443 | P36: =IF(G36="","",ROUND(G36*$T$3*IFERROR(VLOOKUP(C36,$S$6:$T$27,2,FALSE),1),0)) -> 121
A37: 3119 | B37: Platte | C37: Seite außen | D37: Seite außen (1080x980) | E37: 1080 | F37: 980 | G37: 200 | H37: 626 | I37: 474 | J37: 431 | L37: =IF(G37="","",ROUND(G37*1.15,0)) -> 230 | M37: =IF(H37="","",ROUND(H37*1.15,0)) -> 720 | N37: =IF(I37="","",ROUND(I37*1.15,0)) -> 545 | O37: =IF(J37="","",ROUND(J37*1.15,0)) -> 496 | P37: =IF(G37="","",ROUND(G37*$T$3*IFERROR(VLOOKUP(C37,$S$6:$T$27,2,FALSE),1),0)) -> 150
A38: 3120 | B38: Platte | C38: Seite außen | D38: Seite außen (1440x780) | E38: 1440 | F38: 780 | G38: 211 | H38: 630 | I38: 499 | J38: 939 | L38: =IF(G38="","",ROUND(G38*1.15,0)) -> 243 | M38: =IF(H38="","",ROUND(H38*1.15,0)) -> 725 | N38: =IF(I38="","",ROUND(I38*1.15,0)) -> 574 | O38: =IF(J38="","",ROUND(J38*1.15,0)) -> 1080 | P38: =IF(G38="","",ROUND(G38*$T$3*IFERROR(VLOOKUP(C38,$S$6:$T$27,2,FALSE),1),0)) -> 158
A39: 3121 | B39: Platte | C39: Seite außen | D39: Seite außen (1440x980) | E39: 1440 | F39: 980 | G39: 264 | H39: 778 | I39: 616 | J39: 1159 | L39: =IF(G39="","",ROUND(G39*1.15,0)) -> 304 | M39: =IF(H39="","",ROUND(H39*1.15,0)) -> 895 | N39: =IF(I39="","",ROUND(I39*1.15,0)) -> 708 | O39: =IF(J39="","",ROUND(J39*1.15,0)) -> 1333 | P39: =IF(G39="","",ROUND(G39*$T$3*IFERROR(VLOOKUP(C39,$S$6:$T$27,2,FALSE),1),0)) -> 198
A40: 3122 | B40: Platte | C40: Seite außen | D40: Seite außen (1800x780) | E40: 1800 | F40: 780 | G40: 264 | H40: 520 | I40: 612 | J40: 1151 | L40: =IF(G40="","",ROUND(G40*1.15,0)) -> 304 | M40: =IF(H40="","",ROUND(H40*1.15,0)) -> 598 | N40: =IF(I40="","",ROUND(I40*1.15,0)) -> 704 | O40: =IF(J40="","",ROUND(J40*1.15,0)) -> 1324 | P40: =IF(G40="","",ROUND(G40*$T$3*IFERROR(VLOOKUP(C40,$S$6:$T$27,2,FALSE),1),0)) -> 198
A41: 3123 | B41: Platte | C41: Seite außen | D41: Seite außen (1800x980) | E41: 1800 | F41: 980 | G41: 329 | H41: 648 | I41: 753 | J41: 1417 | L41: =IF(G41="","",ROUND(G41*1.15,0)) -> 378 | M41: =IF(H41="","",ROUND(H41*1.15,0)) -> 745 | N41: =IF(I41="","",ROUND(I41*1.15,0)) -> 866 | O41: =IF(J41="","",ROUND(J41*1.15,0)) -> 1630 | P41: =IF(G41="","",ROUND(G41*$T$3*IFERROR(VLOOKUP(C41,$S$6:$T$27,2,FALSE),1),0)) -> 247
A42: 3124 | B42: Platte | C42: Seite außen | D42: Seite außen (580x580) | E42: 580 | F42: 580 | G42: 67 | H42: 228 | I42: 183 | J42: 191 | L42: =IF(G42="","",ROUND(G42*1.15,0)) -> 77 | M42: =IF(H42="","",ROUND(H42*1.15,0)) -> 262 | N42: =IF(I42="","",ROUND(I42*1.15,0)) -> 210 | O42: =IF(J42="","",ROUND(J42*1.15,0)) -> 220 | P42: =IF(G42="","",ROUND(G42*$T$3*IFERROR(VLOOKUP(C42,$S$6:$T$27,2,FALSE),1),0)) -> 50
A43: S_0020 | B43: Platte | C43: Seite außen | D43: Seite außen (660x360) | E43: 660 | F43: 360 | G43: 162 | H43: 319 | I43: 165 | J43: 310 | L43: =IF(G43="","",ROUND(G43*1.15,0)) -> 186 | M43: =IF(H43="","",ROUND(H43*1.15,0)) -> 367 | N43: =IF(I43="","",ROUND(I43*1.15,0)) -> 190 | O43: =IF(J43="","",ROUND(J43*1.15,0)) -> 357 | P43: =IF(G43="","",ROUND(G43*$T$3*IFERROR(VLOOKUP(C43,$S$6:$T$27,2,FALSE),1),0)) -> 122
A44: 3200 | B44: Platte | C44: Seite außen SY32 | D44: Seite außen SY32 (360x360) | E44: 360 | F44: 360 | G44: 34 | H44: 114 | I44: 89 | J44: 177 | L44: =IF(G44="","",ROUND(G44*1.15,0)) -> 39 | M44: =IF(H44="","",ROUND(H44*1.15,0)) -> 131 | N44: =IF(I44="","",ROUND(I44*1.15,0)) -> 102 | O44: =IF(J44="","",ROUND(J44*1.15,0)) -> 204 | P44: =IF(G44="","",ROUND(G44*$T$3*IFERROR(VLOOKUP(C44,$S$6:$T$27,2,FALSE),1),0)) -> 26
A45: 3201 | B45: Platte | C45: Seite außen SY32 | D45: Seite außen SY32 (360x720) | E45: 360 | F45: 720 | G45: 52 | H45: 181 | I45: 143 | J45: 212 | L45: =IF(G45="","",ROUND(G45*1.15,0)) -> 60 | M45: =IF(H45="","",ROUND(H45*1.15,0)) -> 208 | N45: =IF(I45="","",ROUND(I45*1.15,0)) -> 164 | O45: =IF(J45="","",ROUND(J45*1.15,0)) -> 244 | P45: =IF(G45="","",ROUND(G45*$T$3*IFERROR(VLOOKUP(C45,$S$6:$T$27,2,FALSE),1),0)) -> 39
A46: 3202 | B46: Platte | C46: Seite außen SY32 | D46: Seite außen SY32 (360x1080) | E46: 360 | F46: 1080 | G46: 76 | H46: 267 | I46: 222 | J46: 240 | L46: =IF(G46="","",ROUND(G46*1.15,0)) -> 87 | M46: =IF(H46="","",ROUND(H46*1.15,0)) -> 307 | N46: =IF(I46="","",ROUND(I46*1.15,0)) -> 255 | O46: =IF(J46="","",ROUND(J46*1.15,0)) -> 276 | P46: =IF(G46="","",ROUND(G46*$T$3*IFERROR(VLOOKUP(C46,$S$6:$T$27,2,FALSE),1),0)) -> 57
A47: 3203 | B47: Platte | C47: Seite außen SY32 | D47: Seite außen SY32 (360x1440) | E47: 360 | F47: 1440 | G47: 100 | H47: 336 | I47: 281 | J47: 529 | L47: =IF(G47="","",ROUND(G47*1.15,0)) -> 115 | M47: =IF(H47="","",ROUND(H47*1.15,0)) -> 386 | N47: =IF(I47="","",ROUND(I47*1.15,0)) -> 323 | O47: =IF(J47="","",ROUND(J47*1.15,0)) -> 608 | P47: =IF(G47="","",ROUND(G47*$T$3*IFERROR(VLOOKUP(C47,$S$6:$T$27,2,FALSE),1),0)) -> 75
A48: 3204 | B48: Platte | C48: Seite außen SY32 | D48: Seite außen SY32 (360x1800) | E48: 360 | F48: 1800 | G48: 125 | H48: 246 | I48: 343 | J48: 645 | L48: =IF(G48="","",ROUND(G48*1.15,0)) -> 144 | M48: =IF(H48="","",ROUND(H48*1.15,0)) -> 283 | N48: =IF(I48="","",ROUND(I48*1.15,0)) -> 394 | O48: =IF(J48="","",ROUND(J48*1.15,0)) -> 742 | P48: =IF(G48="","",ROUND(G48*$T$3*IFERROR(VLOOKUP(C48,$S$6:$T$27,2,FALSE),1),0)) -> 94
A49: 3205 | B49: Platte | C49: Seite außen SY32 | D49: Seite außen SY32 (580x360) | E49: 580 | F49: 360 | G49: 43 | H49: 161 | I49: 130 | J49: 185 | L49: =IF(G49="","",ROUND(G49*1.15,0)) -> 49 | M49: =IF(H49="","",ROUND(H49*1.15,0)) -> 185 | N49: =IF(I49="","",ROUND(I49*1.15,0)) -> 150 | O49: =IF(J49="","",ROUND(J49*1.15,0)) -> 213 | P49: =IF(G49="","",ROUND(G49*$T$3*IFERROR(VLOOKUP(C49,$S$6:$T$27,2,FALSE),1),0)) -> 32
A50: 3206 | B50: Platte | C50: Seite außen SY32 | D50: Seite außen SY32 (580x720) | E50: 580 | F50: 720 | G50: 82 | H50: 262 | I50: 216 | J50: 245 | L50: =IF(G50="","",ROUND(G50*1.15,0)) -> 94 | M50: =IF(H50="","",ROUND(H50*1.15,0)) -> 301 | N50: =IF(I50="","",ROUND(I50*1.15,0)) -> 248 | O50: =IF(J50="","",ROUND(J50*1.15,0)) -> 282 | P50: =IF(G50="","",ROUND(G50*$T$3*IFERROR(VLOOKUP(C50,$S$6:$T$27,2,FALSE),1),0)) -> 62
A51: 3207 | B51: Platte | C51: Seite außen SY32 | D51: Seite außen SY32 (580x1080) | E51: 580 | F51: 1080 | G51: 119 | H51: 377 | I51: 300 | J51: 307 | L51: =IF(G51="","",ROUND(G51*1.15,0)) -> 137 | M51: =IF(H51="","",ROUND(H51*1.15,0)) -> 434 | N51: =IF(I51="","",ROUND(I51*1.15,0)) -> 345 | O51: =IF(J51="","",ROUND(J51*1.15,0)) -> 353 | P51: =IF(G51="","",ROUND(G51*$T$3*IFERROR(VLOOKUP(C51,$S$6:$T$27,2,FALSE),1),0)) -> 89
A52: 3208 | B52: Platte | C52: Seite außen SY32 | D52: Seite außen SY32 (580x1440) | E52: 580 | F52: 1440 | G52: 158 | H52: 484 | I52: 400 | J52: 752 | L52: =IF(G52="","",ROUND(G52*1.15,0)) -> 182 | M52: =IF(H52="","",ROUND(H52*1.15,0)) -> 557 | N52: =IF(I52="","",ROUND(I52*1.15,0)) -> 460 | O52: =IF(J52="","",ROUND(J52*1.15,0)) -> 865 | P52: =IF(G52="","",ROUND(G52*$T$3*IFERROR(VLOOKUP(C52,$S$6:$T$27,2,FALSE),1),0)) -> 119
A53: 3209 | B53: Platte | C53: Seite außen SY32 | D53: Seite außen SY32 (580x1800) | E53: 580 | F53: 1800 | G53: 197 | H53: 388 | I53: 467 | J53: 879 | L53: =IF(G53="","",ROUND(G53*1.15,0)) -> 227 | M53: =IF(H53="","",ROUND(H53*1.15,0)) -> 446 | N53: =IF(I53="","",ROUND(I53*1.15,0)) -> 537 | O53: =IF(J53="","",ROUND(J53*1.15,0)) -> 1011 | P53: =IF(G53="","",ROUND(G53*$T$3*IFERROR(VLOOKUP(C53,$S$6:$T$27,2,FALSE),1),0)) -> 148
A54: 3210 | B54: Platte | C54: Seite außen SY32 | D54: Seite außen SY32 (180x780) | E54: 180 | F54: 780 | G54: 56 | H54: 185 | I54: 144 | J54: 212 | L54: =IF(G54="","",ROUND(G54*1.15,0)) -> 64 | M54: =IF(H54="","",ROUND(H54*1.15,0)) -> 213 | N54: =IF(I54="","",ROUND(I54*1.15,0)) -> 166 | O54: =IF(J54="","",ROUND(J54*1.15,0)) -> 244 | P54: =IF(G54="","",ROUND(G54*$T$3*IFERROR(VLOOKUP(C54,$S$6:$T$27,2,FALSE),1),0)) -> 42
A55: 3211 | B55: Platte | C55: Seite außen SY32 | D55: Seite außen SY32 (180x980) | E55: 180 | F55: 980 | G55: 70 | H55: 223 | I55: 174 | J55: 229 | L55: =IF(G55="","",ROUND(G55*1.15,0)) -> 81 | M55: =IF(H55="","",ROUND(H55*1.15,0)) -> 256 | N55: =IF(I55="","",ROUND(I55*1.15,0)) -> 200 | O55: =IF(J55="","",ROUND(J55*1.15,0)) -> 263 | P55: =IF(G55="","",ROUND(G55*$T$3*IFERROR(VLOOKUP(C55,$S$6:$T$27,2,FALSE),1),0)) -> 53
... A159: 3710 | B159: Platte | C159: Fachboden klein | D159: Fachboden klein (780x780) | E159: 780 | F159: 780 | G159: 110 | H159: 302 | I159: 272 | J159: 295 | L159: =IF(G159="","",ROUND(G159*1.15,0)) -> 127 | M159: =IF(H159="","",ROUND(H159*1.15,0)) -> 347 | N159: =IF(I159="","",ROUND(I159*1.15,0)) -> 313 | O159: =IF(J159="","",ROUND(J159*1.15,0)) -> 339 | P159: =IF(G159="","",ROUND(G159*$T$3*IFERROR(VLOOKUP(C159,$S$6:$T$27,2,FALSE),1),0)) -> 83
A160: 3711 | B160: Platte | C160: Fachboden klein | D160: Fachboden klein (980x780) | E160: 980 | F160: 780 | G160: 138 | H160: 272 | L160: =IF(G160="","",ROUND(G160*1.15,0)) -> 159 | M160: =IF(H160="","",ROUND(H160*1.15,0)) -> 313 | N160: =IF(I160="","",ROUND(I160*1.15,0)) | O160: =IF(J160="","",ROUND(J160*1.15,0)) | P160: =IF(G160="","",ROUND(G160*$T$3*IFERROR(VLOOKUP(C160,$S$6:$T$27,2,FALSE),1),0)) -> 104
A161: 3712 | B161: Platte | C161: Fachboden klein | D161: Fachboden klein (980x980) | E161: 980 | F161: 980 | G161: 166 | H161: 327 | L161: =IF(G161="","",ROUND(G161*1.15,0)) -> 191 | M161: =IF(H161="","",ROUND(H161*1.15,0)) -> 376 | N161: =IF(I161="","",ROUND(I161*1.15,0)) | O161: =IF(J161="","",ROUND(J161*1.15,0)) | P161: =IF(G161="","",ROUND(G161*$T$3*IFERROR(VLOOKUP(C161,$S$6:$T$27,2,FALSE),1),0)) -> 125
A162: 3750 | B162: Platte | C162: Fachboden groß | D162: Fachboden groß (360x360) | E162: 360 | F162: 360 | G162: 34 | H162: 114 | I162: 89 | J162: 177 | L162: =IF(G162="","",ROUND(G162*1.15,0)) -> 39 | M162: =IF(H162="","",ROUND(H162*1.15,0)) -> 131 | N162: =IF(I162="","",ROUND(I162*1.15,0)) -> 102 | O162: =IF(J162="","",ROUND(J162*1.15,0)) -> 204 | P162: =IF(G162="","",ROUND(G162*$T$3*IFERROR(VLOOKUP(C162,$S$6:$T$27,2,FALSE),1),0)) -> 26
A163: 3751 | B163: Platte | C163: Fachboden groß | D163: Fachboden groß (420x360) | E163: 420 | F163: 360 | G163: 34 | H163: 121 | I163: 92 | J163: 178 | L163: =IF(G163="","",ROUND(G163*1.15,0)) -> 39 | M163: =IF(H163="","",ROUND(H163*1.15,0)) -> 139 | N163: =IF(I163="","",ROUND(I163*1.15,0)) -> 106 | O163: =IF(J163="","",ROUND(J163*1.15,0)) -> 205 | P163: =IF(G163="","",ROUND(G163*$T$3*IFERROR(VLOOKUP(C163,$S$6:$T$27,2,FALSE),1),0)) -> 26
A164: 3752 | B164: Platte | C164: Fachboden groß | D164: Fachboden groß (580x360) | E164: 580 | F164: 360 | G164: 43 | H164: 161 | I164: 130 | J164: 185 | L164: =IF(G164="","",ROUND(G164*1.15,0)) -> 49 | M164: =IF(H164="","",ROUND(H164*1.15,0)) -> 185 | N164: =IF(I164="","",ROUND(I164*1.15,0)) -> 150 | O164: =IF(J164="","",ROUND(J164*1.15,0)) -> 213 | P164: =IF(G164="","",ROUND(G164*$T$3*IFERROR(VLOOKUP(C164,$S$6:$T$27,2,FALSE),1),0)) -> 32
A165: 3753 | B165: Platte | C165: Fachboden groß | D165: Fachboden groß (780x360) | E165: 780 | F165: 360 | G165: 56 | H165: 185 | I165: 144 | J165: 190 | L165: =IF(G165="","",ROUND(G165*1.15,0)) -> 64 | M165: =IF(H165="","",ROUND(H165*1.15,0)) -> 213 | N165: =IF(I165="","",ROUND(I165*1.15,0)) -> 166 | O165: =IF(J165="","",ROUND(J165*1.15,0)) -> 219 | P165: =IF(G165="","",ROUND(G165*$T$3*IFERROR(VLOOKUP(C165,$S$6:$T$27,2,FALSE),1),0)) -> 42
A166: 3754 | B166: Platte | C166: Fachboden groß | D166: Fachboden groß (980x360) | E166: 980 | F166: 360 | G166: 70 | H166: 223 | I166: 174 | J166: 209 | L166: =IF(G166="","",ROUND(G166*1.15,0)) -> 81 | M166: =IF(H166="","",ROUND(H166*1.15,0)) -> 256 | N166: =IF(I166="","",ROUND(I166*1.15,0)) -> 200 | O166: =IF(J166="","",ROUND(J166*1.15,0)) -> 240 | P166: =IF(G166="","",ROUND(G166*$T$3*IFERROR(VLOOKUP(C166,$S$6:$T$27,2,FALSE),1),0)) -> 53
A167: 3755 | B167: Platte | C167: Fachboden groß | D167: Fachboden groß (360x580) | E167: 360 | F167: 580 | G167: 43 | H167: 161 | I167: 130 | J167: 185 | L167: =IF(G167="","",ROUND(G167*1.15,0)) -> 49 | M167: =IF(H167="","",ROUND(H167*1.15,0)) -> 185 | N167: =IF(I167="","",ROUND(I167*1.15,0)) -> 150 | O167: =IF(J167="","",ROUND(J167*1.15,0)) -> 213 | P167: =IF(G167="","",ROUND(G167*$T$3*IFERROR(VLOOKUP(C167,$S$6:$T$27,2,FALSE),1),0)) -> 32
A168: 3756 | B168: Platte | C168: Fachboden groß | D168: Fachboden groß (420x580) | E168: 420 | F168: 580 | G168: 49 | H168: 181 | I168: 147 | J168: 186 | L168: =IF(G168="","",ROUND(G168*1.15,0)) -> 56 | M168: =IF(H168="","",ROUND(H168*1.15,0)) -> 208 | N168: =IF(I168="","",ROUND(I168*1.15,0)) -> 169 | O168: =IF(J168="","",ROUND(J168*1.15,0)) -> 214 | P168: =IF(G168="","",ROUND(G168*$T$3*IFERROR(VLOOKUP(C168,$S$6:$T$27,2,FALSE),1),0)) -> 37
A169: 3757 | B169: Platte | C169: Fachboden groß | D169: Fachboden groß (580x580) | E169: 580 | F169: 580 | G169: 67 | H169: 228 | I169: 183 | J169: 191 | L169: =IF(G169="","",ROUND(G169*1.15,0)) -> 77 | M169: =IF(H169="","",ROUND(H169*1.15,0)) -> 262 | N169: =IF(I169="","",ROUND(I169*1.15,0)) -> 210 | O169: =IF(J169="","",ROUND(J169*1.15,0)) -> 220 | P169: =IF(G169="","",ROUND(G169*$T$3*IFERROR(VLOOKUP(C169,$S$6:$T$27,2,FALSE),1),0)) -> 50
A170: 3758 | B170: Platte | C170: Fachboden groß | D170: Fachboden groß (780x580) | E170: 780 | F170: 580 | G170: 87 | H170: 275 | I170: 225 | J170: 237 | L170: =IF(G170="","",ROUND(G170*1.15,0)) -> 100 | M170: =IF(H170="","",ROUND(H170*1.15,0)) -> 316 | N170: =IF(I170="","",ROUND(I170*1.15,0)) -> 259 | O170: =IF(J170="","",ROUND(J170*1.15,0)) -> 273 | P170: =IF(G170="","",ROUND(G170*$T$3*IFERROR(VLOOKUP(C170,$S$6:$T$27,2,FALSE),1),0)) -> 65
A171: 3759 | B171: Platte | C171: Fachboden groß | D171: Fachboden groß (980x580) | E171: 980 | F171: 580 | G171: 110 | H171: 355 | I171: 286 | J171: 276 | L171: =IF(G171="","",ROUND(G171*1.15,0)) -> 127 | M171: =IF(H171="","",ROUND(H171*1.15,0)) -> 408 | N171: =IF(I171="","",ROUND(I171*1.15,0)) -> 329 | O171: =IF(J171="","",ROUND(J171*1.15,0)) -> 317 | P171: =IF(G171="","",ROUND(G171*$T$3*IFERROR(VLOOKUP(C171,$S$6:$T$27,2,FALSE),1),0)) -> 83
A172: 3760 | B172: Platte | C172: Fachboden groß | D172: Fachboden groß (780x780) | E172: 780 | F172: 780 | G172: 126 | H172: 302 | I172: 272 | J172: 295 | L172: =IF(G172="","",ROUND(G172*1.15,0)) -> 145 | M172: =IF(H172="","",ROUND(H172*1.15,0)) -> 347 | N172: =IF(I172="","",ROUND(I172*1.15,0)) -> 313 | O172: =IF(J172="","",ROUND(J172*1.15,0)) -> 339 | P172: =IF(G172="","",ROUND(G172*$T$3*IFERROR(VLOOKUP(C172,$S$6:$T$27,2,FALSE),1),0)) -> 95
A173: 3761 | B173: Platte | C173: Fachboden groß | D173: Fachboden groß (980x780) | E173: 980 | F173: 780 | G173: 139 | H173: 416 | L173: =IF(G173="","",ROUND(G173*1.15,0)) -> 160 | M173: =IF(H173="","",ROUND(H173*1.15,0)) -> 478 | N173: =IF(I173="","",ROUND(I173*1.15,0)) | O173: =IF(J173="","",ROUND(J173*1.15,0)) | P173: =IF(G173="","",ROUND(G173*$T$3*IFERROR(VLOOKUP(C173,$S$6:$T$27,2,FALSE),1),0)) -> 104
A174: 3762 | B174: Platte | C174: Fachboden groß | D174: Fachboden groß (980x980) | E174: 980 | F174: 980 | G174: 180 | H174: 354 | L174: =IF(G174="","",ROUND(G174*1.15,0)) -> 207 | M174: =IF(H174="","",ROUND(H174*1.15,0)) -> 407 | N174: =IF(I174="","",ROUND(I174*1.15,0)) | O174: =IF(J174="","",ROUND(J174*1.15,0)) | P174: =IF(G174="","",ROUND(G174*$T$3*IFERROR(VLOOKUP(C174,$S$6:$T$27,2,FALSE),1),0)) -> 135
A175: 3800 | B175: Platte | C175: Klappenboden | D175: Klappenboden (360x360) | E175: 360 | F175: 360 | G175: 34 | H175: 114 | I175: 89 | J175: 177 | L175: =IF(G175="","",ROUND(G175*1.15,0)) -> 39 | M175: =IF(H175="","",ROUND(H175*1.15,0)) -> 131 | N175: =IF(I175="","",ROUND(I175*1.15,0)) -> 102 | O175: =IF(J175="","",ROUND(J175*1.15,0)) -> 204 | P175: =IF(G175="","",ROUND(G175*$T$3*IFERROR(VLOOKUP(C175,$S$6:$T$27,2,FALSE),1),0)) -> 26
A176: 3801 | B176: Platte | C176: Klappenboden | D176: Klappenboden (420x360) | E176: 420 | F176: 360 | G176: 34 | H176: 121 | I176: 92 | J176: 178 | L176: =IF(G176="","",ROUND(G176*1.15,0)) -> 39 | M176: =IF(H176="","",ROUND(H176*1.15,0)) -> 139 | N176: =IF(I176="","",ROUND(I176*1.15,0)) -> 106 | O176: =IF(J176="","",ROUND(J176*1.15,0)) -> 205 | P176: =IF(G176="","",ROUND(G176*$T$3*IFERROR(VLOOKUP(C176,$S$6:$T$27,2,FALSE),1),0)) -> 26
A177: 3802 | B177: Platte | C177: Klappenboden | D177: Klappenboden (580x360) | E177: 580 | F177: 360 | G177: 43 | H177: 161 | I177: 130 | J177: 185 | L177: =IF(G177="","",ROUND(G177*1.15,0)) -> 49 | M177: =IF(H177="","",ROUND(H177*1.15,0)) -> 185 | N177: =IF(I177="","",ROUND(I177*1.15,0)) -> 150 | O177: =IF(J177="","",ROUND(J177*1.15,0)) -> 213 | P177: =IF(G177="","",ROUND(G177*$T$3*IFERROR(VLOOKUP(C177,$S$6:$T$27,2,FALSE),1),0)) -> 32
A178: 3803 | B178: Platte | C178: Klappenboden | D178: Klappenboden (780x360) | E178: 780 | F178: 360 | G178: 56 | H178: 185 | I178: 144 | J178: 190 | L178: =IF(G178="","",ROUND(G178*1.15,0)) -> 64 | M178: =IF(H178="","",ROUND(H178*1.15,0)) -> 213 | N178: =IF(I178="","",ROUND(I178*1.15,0)) -> 166 | O178: =IF(J178="","",ROUND(J178*1.15,0)) -> 219 | P178: =IF(G178="","",ROUND(G178*$T$3*IFERROR(VLOOKUP(C178,$S$6:$T$27,2,FALSE),1),0)) -> 42
A179: 3804 | B179: Platte | C179: Klappenboden | D179: Klappenboden (980x360) | E179: 980 | F179: 360 | G179: 70 | H179: 223 | I179: 174 | J179: 209 | L179: =IF(G179="","",ROUND(G179*1.15,0)) -> 81 | M179: =IF(H179="","",ROUND(H179*1.15,0)) -> 256 | N179: =IF(I179="","",ROUND(I179*1.15,0)) -> 200 | O179: =IF(J179="","",ROUND(J179*1.15,0)) -> 240 | P179: =IF(G179="","",ROUND(G179*$T$3*IFERROR(VLOOKUP(C179,$S$6:$T$27,2,FALSE),1),0)) -> 53
A180: 3805 | B180: Platte | C180: Klappenboden | D180: Klappenboden (360x580) | E180: 360 | F180: 580 | G180: 43 | H180: 161 | I180: 130 | J180: 185 | L180: =IF(G180="","",ROUND(G180*1.15,0)) -> 49 | M180: =IF(H180="","",ROUND(H180*1.15,0)) -> 185 | N180: =IF(I180="","",ROUND(I180*1.15,0)) -> 150 | O180: =IF(J180="","",ROUND(J180*1.15,0)) -> 213 | P180: =IF(G180="","",ROUND(G180*$T$3*IFERROR(VLOOKUP(C180,$S$6:$T$27,2,FALSE),1),0)) -> 32
A181: 3806 | B181: Platte | C181: Klappenboden | D181: Klappenboden (420x580) | E181: 420 | F181: 580 | G181: 49 | H181: 181 | I181: 147 | J181: 186 | L181: =IF(G181="","",ROUND(G181*1.15,0)) -> 56 | M181: =IF(H181="","",ROUND(H181*1.15,0)) -> 208 | N181: =IF(I181="","",ROUND(I181*1.15,0)) -> 169 | O181: =IF(J181="","",ROUND(J181*1.15,0)) -> 214 | P181: =IF(G181="","",ROUND(G181*$T$3*IFERROR(VLOOKUP(C181,$S$6:$T$27,2,FALSE),1),0)) -> 37
A182: 3807 | B182: Platte | C182: Klappenboden | D182: Klappenboden (580x580) | E182: 580 | F182: 580 | G182: 67 | H182: 228 | I182: 183 | J182: 191 | L182: =IF(G182="","",ROUND(G182*1.15,0)) -> 77 | M182: =IF(H182="","",ROUND(H182*1.15,0)) -> 262 | N182: =IF(I182="","",ROUND(I182*1.15,0)) -> 210 | O182: =IF(J182="","",ROUND(J182*1.15,0)) -> 220 | P182: =IF(G182="","",ROUND(G182*$T$3*IFERROR(VLOOKUP(C182,$S$6:$T$27,2,FALSE),1),0)) -> 50
A183: 3808 | B183: Platte | C183: Klappenboden | D183: Klappenboden (780x580) | E183: 780 | F183: 580 | G183: 87 | H183: 275 | I183: 225 | J183: 237 | L183: =IF(G183="","",ROUND(G183*1.15,0)) -> 100 | M183: =IF(H183="","",ROUND(H183*1.15,0)) -> 316 | N183: =IF(I183="","",ROUND(I183*1.15,0)) -> 259 | O183: =IF(J183="","",ROUND(J183*1.15,0)) -> 273 | P183: =IF(G183="","",ROUND(G183*$T$3*IFERROR(VLOOKUP(C183,$S$6:$T$27,2,FALSE),1),0)) -> 65
A184: 3809 | B184: Platte | C184: Klappenboden | D184: Klappenboden (980x580) | E184: 980 | F184: 580 | G184: 110 | H184: 355 | I184: 286 | J184: 276 | L184: =IF(G184="","",ROUND(G184*1.15,0)) -> 127 | M184: =IF(H184="","",ROUND(H184*1.15,0)) -> 408 | N184: =IF(I184="","",ROUND(I184*1.15,0)) -> 329 | O184: =IF(J184="","",ROUND(J184*1.15,0)) -> 317 | P184: =IF(G184="","",ROUND(G184*$T$3*IFERROR(VLOOKUP(C184,$S$6:$T$27,2,FALSE),1),0)) -> 83
A185: 3810 | B185: Platte | C185: Klappenboden | D185: Klappenboden (420x780) | E185: 420 | F185: 780 | G185: 65 | H185: 128 | L185: =IF(G185="","",ROUND(G185*1.15,0)) -> 75 | M185: =IF(H185="","",ROUND(H185*1.15,0)) -> 147 | N185: =IF(I185="","",ROUND(I185*1.15,0)) | O185: =IF(J185="","",ROUND(J185*1.15,0)) | P185: =IF(G185="","",ROUND(G185*$T$3*IFERROR(VLOOKUP(C185,$S$6:$T$27,2,FALSE),1),0)) -> 49
A186: 3811 | B186: Platte | C186: Klappenboden | D186: Klappenboden (420x980) | E186: 420 | F186: 980 | G186: 79 | H186: 155 | L186: =IF(G186="","",ROUND(G186*1.15,0)) -> 91 | M186: =IF(H186="","",ROUND(H186*1.15,0)) -> 178 | N186: =IF(I186="","",ROUND(I186*1.15,0)) | O186: =IF(J186="","",ROUND(J186*1.15,0)) | P186: =IF(G186="","",ROUND(G186*$T$3*IFERROR(VLOOKUP(C186,$S$6:$T$27,2,FALSE),1),0)) -> 59
A187: 3812 | B187: Platte | C187: Klappenboden | D187: Klappenboden (780x780) | E187: 780 | F187: 780 | G187: 126 | H187: 302 | I187: 272 | J187: 295 | L187: =IF(G187="","",ROUND(G187*1.15,0)) -> 145 | M187: =IF(H187="","",ROUND(H187*1.15,0)) -> 347 | N187: =IF(I187="","",ROUND(I187*1.15,0)) -> 313 | O187: =IF(J187="","",ROUND(J187*1.15,0)) -> 339 | P187: =IF(G187="","",ROUND(G187*$T$3*IFERROR(VLOOKUP(C187,$S$6:$T$27,2,FALSE),1),0)) -> 95
A188: 3813 | B188: Platte | C188: Klappenboden | D188: Klappenboden (780x980) | E188: 780 | F188: 980 | G188: 139 | H188: 416 | L188: =IF(G188="","",ROUND(G188*1.15,0)) -> 160 | M188: =IF(H188="","",ROUND(H188*1.15,0)) -> 478 | N188: =IF(I188="","",ROUND(I188*1.15,0)) | O188: =IF(J188="","",ROUND(J188*1.15,0)) | P188: =IF(G188="","",ROUND(G188*$T$3*IFERROR(VLOOKUP(C188,$S$6:$T$27,2,FALSE),1),0)) -> 104
A189: 3814 | B189: Platte | C189: Klappenboden | D189: Klappenboden (980x780) | E189: 980 | F189: 780 | G189: 139 | H189: 416 | L189: =IF(G189="","",ROUND(G189*1.15,0)) -> 160 | M189: =IF(H189="","",ROUND(H189*1.15,0)) -> 478 | N189: =IF(I189="","",ROUND(I189*1.15,0)) | O189: =IF(J189="","",ROUND(J189*1.15,0)) | P189: =IF(G189="","",ROUND(G189*$T$3*IFERROR(VLOOKUP(C189,$S$6:$T$27,2,FALSE),1),0)) -> 104
A190: 3815 | B190: Platte | C190: Klappenboden | D190: Klappenboden (980x980) | E190: 980 | F190: 980 | G190: 180 | H190: 354 | L190: =IF(G190="","",ROUND(G190*1.15,0)) -> 207 | M190: =IF(H190="","",ROUND(H190*1.15,0)) -> 407 | N190: =IF(I190="","",ROUND(I190*1.15,0)) | O190: =IF(J190="","",ROUND(J190*1.15,0)) | P190: =IF(G190="","",ROUND(G190*$T$3*IFERROR(VLOOKUP(C190,$S$6:$T$27,2,FALSE),1),0)) -> 135
A191: 5000 | B191: Platte | C191: Klappe | D191: Klappe (420x180) | E191: 420 | F191: 180 | G191: 169 | H191: 255 | I191: 237 | J191: 446 | L191: =IF(G191="","",ROUND(G191*1.15,0)) -> 194 | M191: =IF(H191="","",ROUND(H191*1.15,0)) -> 293 | N191: =IF(I191="","",ROUND(I191*1.15,0)) -> 273 | O191: =IF(J191="","",ROUND(J191*1.15,0)) -> 513 | P191: =IF(G191="","",ROUND(G191*$T$3*IFERROR(VLOOKUP(C191,$S$6:$T$27,2,FALSE),1),0)) -> 149
A192: 5001 | B192: Platte | C192: Klappe | D192: Klappe (420x360) | E192: 420 | F192: 360 | G192: 169 | H192: 255 | I192: 237 | J192: 446 | L192: =IF(G192="","",ROUND(G192*1.15,0)) -> 194 | M192: =IF(H192="","",ROUND(H192*1.15,0)) -> 293 | N192: =IF(I192="","",ROUND(I192*1.15,0)) -> 273 | O192: =IF(J192="","",ROUND(J192*1.15,0)) -> 513 | P192: =IF(G192="","",ROUND(G192*$T$3*IFERROR(VLOOKUP(C192,$S$6:$T$27,2,FALSE),1),0)) -> 149
A193: 5002 | B193: Platte | C193: Klappe | D193: Klappe (580x180) | E193: 580 | F193: 180 | G193: 184 | H193: 283 | I193: 259 | J193: 487 | L193: =IF(G193="","",ROUND(G193*1.15,0)) -> 212 | M193: =IF(H193="","",ROUND(H193*1.15,0)) -> 325 | N193: =IF(I193="","",ROUND(I193*1.15,0)) -> 298 | O193: =IF(J193="","",ROUND(J193*1.15,0)) -> 560 | P193: =IF(G193="","",ROUND(G193*$T$3*IFERROR(VLOOKUP(C193,$S$6:$T$27,2,FALSE),1),0)) -> 162
A194: 5003 | B194: Platte | C194: Klappe | D194: Klappe (580x360) | E194: 580 | F194: 360 | G194: 184 | H194: 283 | I194: 259 | J194: 487 | L194: =IF(G194="","",ROUND(G194*1.15,0)) -> 212 | M194: =IF(H194="","",ROUND(H194*1.15,0)) -> 325 | N194: =IF(I194="","",ROUND(I194*1.15,0)) -> 298 | O194: =IF(J194="","",ROUND(J194*1.15,0)) -> 560 | P194: =IF(G194="","",ROUND(G194*$T$3*IFERROR(VLOOKUP(C194,$S$6:$T$27,2,FALSE),1),0)) -> 162
A195: 5004 | B195: Platte | C195: Klappe | D195: Klappe (780x180) | E195: 780 | F195: 180 | G195: 198 | H195: 310 | I195: 280 | J195: 527 | L195: =IF(G195="","",ROUND(G195*1.15,0)) -> 228 | M195: =IF(H195="","",ROUND(H195*1.15,0)) -> 357 | N195: =IF(I195="","",ROUND(I195*1.15,0)) -> 322 | O195: =IF(J195="","",ROUND(J195*1.15,0)) -> 606 | P195: =IF(G195="","",ROUND(G195*$T$3*IFERROR(VLOOKUP(C195,$S$6:$T$27,2,FALSE),1),0)) -> 174
A196: 5005 | B196: Platte | C196: Klappe | D196: Klappe (780x360) | E196: 780 | F196: 360 | G196: 198 | H196: 310 | I196: 280 | J196: 527 | L196: =IF(G196="","",ROUND(G196*1.15,0)) -> 228 | M196: =IF(H196="","",ROUND(H196*1.15,0)) -> 357 | N196: =IF(I196="","",ROUND(I196*1.15,0)) -> 322 | O196: =IF(J196="","",ROUND(J196*1.15,0)) -> 606 | P196: =IF(G196="","",ROUND(G196*$T$3*IFERROR(VLOOKUP(C196,$S$6:$T$27,2,FALSE),1),0)) -> 174
A197: 5006 | B197: Platte | C197: Klappe | D197: Klappe (980x180) | E197: 980 | F197: 180 | G197: 250 | H197: 369 | I197: 345 | J197: 649 | L197: =IF(G197="","",ROUND(G197*1.15,0)) -> 288 | M197: =IF(H197="","",ROUND(H197*1.15,0)) -> 424 | N197: =IF(I197="","",ROUND(I197*1.15,0)) -> 397 | O197: =IF(J197="","",ROUND(J197*1.15,0)) -> 746 | P197: =IF(G197="","",ROUND(G197*$T$3*IFERROR(VLOOKUP(C197,$S$6:$T$27,2,FALSE),1),0)) -> 220
A198: 5007 | B198: Platte | C198: Klappe | D198: Klappe (980x360) | E198: 980 | F198: 360 | G198: 250 | H198: 369 | I198: 345 | J198: 649 | L198: =IF(G198="","",ROUND(G198*1.15,0)) -> 288 | M198: =IF(H198="","",ROUND(H198*1.15,0)) -> 424 | N198: =IF(I198="","",ROUND(I198*1.15,0)) -> 397 | O198: =IF(J198="","",ROUND(J198*1.15,0)) -> 746 | P198: =IF(G198="","",ROUND(G198*$T$3*IFERROR(VLOOKUP(C198,$S$6:$T$27,2,FALSE),1),0)) -> 220
A199: 5009 | B199: Platte | C199: Klappe | D199: Klappe (360x180) | E199: 360 | F199: 180 | G199: 169 | H199: 333 | I199: 345 | J199: 649 | L199: =IF(G199="","",ROUND(G199*1.15,0)) -> 194 | M199: =IF(H199="","",ROUND(H199*1.15,0)) -> 383 | N199: =IF(I199="","",ROUND(I199*1.15,0)) -> 397 | O199: =IF(J199="","",ROUND(J199*1.15,0)) -> 746 | P199: =IF(G199="","",ROUND(G199*$T$3*IFERROR(VLOOKUP(C199,$S$6:$T$27,2,FALSE),1),0)) -> 149
A200: 5008 | B200: Platte | C200: Klappe | D200: Klappe (360x360) | E200: 360 | F200: 360 | G200: 169 | H200: 333 | I200: 345 | J200: 649 | L200: =IF(G200="","",ROUND(G200*1.15,0)) -> 194 | M200: =IF(H200="","",ROUND(H200*1.15,0)) -> 383 | N200: =IF(I200="","",ROUND(I200*1.15,0)) -> 397 | O200: =IF(J200="","",ROUND(J200*1.15,0)) -> 746 | P200: =IF(G200="","",ROUND(G200*$T$3*IFERROR(VLOOKUP(C200,$S$6:$T$27,2,FALSE),1),0)) -> 149
A201: S_0046 | B201: Platte | C201: Klappe | D201: Klappe (980x420) | E201: 980 | F201: 420 | G201: 255 | H201: 502 | I201: 345 | J201: 649 | L201: =IF(G201="","",ROUND(G201*1.15,0)) -> 293 | M201: =IF(H201="","",ROUND(H201*1.15,0)) -> 577 | N201: =IF(I201="","",ROUND(I201*1.15,0)) -> 397 | O201: =IF(J201="","",ROUND(J201*1.15,0)) -> 746 | P201: =IF(G201="","",ROUND(G201*$T$3*IFERROR(VLOOKUP(C201,$S$6:$T$27,2,FALSE),1),0)) -> 224
A202: 5100 | B202: Platte | C202: Tür | D202: Tür (420x360) | E202: 420 | F202: 360 | G202: 136 | H202: 205 | I202: 182 | J202: 479 | L202: =IF(G202="","",ROUND(G202*1.15,0)) -> 156 | M202: =IF(H202="","",ROUND(H202*1.15,0)) -> 236 | N202: =IF(I202="","",ROUND(I202*1.15,0)) -> 209 | O202: =IF(J202="","",ROUND(J202*1.15,0)) -> 551 | P202: =IF(G202="","",ROUND(G202*$T$3*IFERROR(VLOOKUP(C202,$S$6:$T$27,2,FALSE),1),0)) -> 120
A203: 5101 | B203: Platte | C203: Tür | D203: Tür (420x720) | E203: 420 | F203: 720 | G203: 159 | H203: 270 | I203: 230 | J203: 544 | L203: =IF(G203="","",ROUND(G203*1.15,0)) -> 183 | M203: =IF(H203="","",ROUND(H203*1.15,0)) -> 311 | N203: =IF(I203="","",ROUND(I203*1.15,0)) -> 265 | O203: =IF(J203="","",ROUND(J203*1.15,0)) -> 626 | P203: =IF(G203="","",ROUND(G203*$T$3*IFERROR(VLOOKUP(C203,$S$6:$T$27,2,FALSE),1),0)) -> 140
...

Sheet Preisvergleich
A1: Preisvergleich: Artmodul v2 (brutto) vs. USM (brutto) — nur verfügbare Konfigurationen
A2: ⚙️ Aktueller globaler Faktor: | B2: =Artmodul_Preislogik!T3 -> 1
A3: Nur Größen-Paare, die in beiden Systemen verfügbar sind. Gelb markierte USM-Preise = vom Nutzer überarbeitet.
A5: Tiefe: Artmodul 360 mm ↔ USM 350 mm
A6: Front | B6: Art. Breite | C6: USM Breite | D6: Art. Höhe | E6: USM Höhe | F6: Artmodul v2 Brutto € | G6: USM Brutto € | H6: Δ absolut € | I6: Δ relativ % | J6: Art. günstiger? | K6: Art. Netto € | L6: davon MwSt €
A7: Offen | B7: 420 | C7: 395 | D7: 180 | E7: 175 | F7: =Preismodell_Artmodul_v2!D5 -> 426.02 | G7: =Preismodell_USM!E7 -> 422.32 | H7: =F7-G7 -> 3.7 | I7: =H7/G7 -> 0.008761129 | J7: =IF(F7<G7,"✅ JA","❌ NEIN") -> ❌ NEIN | K7: =F7/1.19 -> 358 | L7: =F7-K7 -> 68.02
B8: 580 | C8: 500 | D8: 180 | E8: 175 | F8: =Preismodell_Artmodul_v2!D6 -> 456.96 | G8: =Preismodell_USM!E8 -> 439.48 | H8: =F8-G8 -> 17.48 | I8: =H8/G8 -> 0.039774279 | J8: =IF(F8<G8,"✅ JA","❌ NEIN") -> ❌ NEIN | K8: =F8/1.19 -> 384 | L8: =F8-K8 -> 72.96
B9: 780 | C9: 750 | D9: 180 | E9: 175 | F9: =Preismodell_Artmodul_v2!D7 -> 502.18 | G9: =Preismodell_USM!E9 -> 480.35 | H9: =F9-G9 -> 21.83 | I9: =H9/G9 -> 0.045446029 | J9: =IF(F9<G9,"✅ JA","❌ NEIN") -> ❌ NEIN | K9: =F9/1.19 -> 422 | L9: =F9-K9 -> 80.18
B10: 420 | C10: 395 | D10: 360 | E10: 350 | F10: =Preismodell_Artmodul_v2!E5 -> 426.02 | G10: =Preismodell_USM!G7 -> 452.83 | H10: =F10-G10 -> -26.81 | I10: =H10/G10 -> -0.059205441 | J10: =IF(F10<G10,"✅ JA","❌ NEIN") -> ✅ JA | K10: =F10/1.19 -> 358 | L10: =F10-K10 -> 68.02
B11: 580 | C11: 500 | D11: 360 | E11: 350 | F11: =Preismodell_Artmodul_v2!E6 -> 456.96 | G11: =Preismodell_USM!G8 -> 469.99 | H11: =F11-G11 -> -13.03 | I11: =H11/G11 -> -0.027723994 | J11: =IF(F11<G11,"✅ JA","❌ NEIN") -> ✅ JA | K11: =F11/1.19 -> 384 | L11: =F11-K11 -> 72.96
B12: 780 | C12: 750 | D12: 360 | E12: 350 | F12: =Preismodell_Artmodul_v2!E7 -> 502.18 | G12: =Preismodell_USM!G9 -> 510.86 | H12: =F12-G12 -> -8.68 | I12: =H12/G12 -> -0.016990956 | J12: =IF(F12<G12,"✅ JA","❌ NEIN") -> ✅ JA | K12: =F12/1.19 -> 422 | L12: =F12-K12 -> 80.18
A13: Klappe | B13: 420 | C13: 395 | D13: 360 | E13: 350 | F13: =Preismodell_Artmodul_v2!E10 -> 603.33 | G13: =Preismodell_USM!G13 -> 673.36 | H13: =F13-G13 -> -70.03 | I13: =H13/G13 -> -0.10400083 | J13: =IF(F13<G13,"✅ JA","❌ NEIN") -> ✅ JA | K13: =F13/1.19 -> 507 | L13: =F13-K13 -> 96.33
B14: 580 | C14: 500 | D14: 360 | E14: 350 | F14: =Preismodell_Artmodul_v2!E11 -> 649.74 | G14: =Preismodell_USM!G14 -> 690.52 | H14: =F14-G14 -> -40.78 | I14: =H14/G14 -> -0.059056943 | J14: =IF(F14<G14,"✅ JA","❌ NEIN") -> ✅ JA | K14: =F14/1.19 -> 546 | L14: =F14-K14 -> 103.74
B15: 780 | C15: 750 | D15: 360 | E15: 350 | F15: =Preismodell_Artmodul_v2!E12 -> 709.24 | G15: =Preismodell_USM!G15 -> 731.39 | H15: =F15-G15 -> -22.15 | I15: =H15/G15 -> -0.0302848 | J15: =IF(F15<G15,"✅ JA","❌ NEIN") -> ✅ JA | K15: =F15/1.19 -> 596 | L15: =F15-K15 -> 113.24
A16: Schublade | B16: 580 | C16: 500 | D16: 180 | E16: 175 | F16: =Preismodell_Artmodul_v2!D21 -> 775.88 | G16: =Preismodell_USM!E26 -> 787.6 | H16: =F16-G16 -> -11.72 | I16: =H16/G16 -> -0.01488065 | J16: =IF(F16<G16,"✅ JA","❌ NEIN") -> ✅ JA | K16: =F16/1.19 -> 652 | L16: =F16-K16 -> 123.88
B17: 780 | C17: 750 | D17: 180 | E17: 175 | F17: =Preismodell_Artmodul_v2!D22 -> 833 | G17: =Preismodell_USM!E27 -> 874.27 | H17: =F17-G17 -> -41.27 | I17: =H17/G17 -> -0.047205097 | J17: =IF(F17<G17,"✅ JA","❌ NEIN") -> ✅ JA | K17: =F17/1.19 -> 700 | L17: =F17-K17 -> 133
B18: 420 | C18: 395 | D18: 360 | E18: 350 | F18: =Preismodell_Artmodul_v2!E20 -> 803.25 | G18: =Preismodell_USM!G25 -> 840.8 | H18: =F18-G18 -> -37.55 | I18: =H18/G18 -> -0.044659848 | J18: =IF(F18<G18,"✅ JA","❌ NEIN") -> ✅ JA | K18: =F18/1.19 -> 675 | L18: =F18-K18 -> 128.25
B19: 580 | C19: 500 | D19: 360 | E19: 350 | F19: =Preismodell_Artmodul_v2!E21 -> 835.38 | G19: =Preismodell_USM!G26 -> 857.96 | H19: =F19-G19 -> -22.58 | I19: =H19/G19 -> -0.026318243 | J19: =IF(F19<G19,"✅ JA","❌ NEIN") -> ✅ JA | K19: =F19/1.19 -> 702 | L19: =F19-K19 -> 133.38
B20: 780 | C20: 750 | D20: 360 | E20: 350 | F20: =Preismodell_Artmodul_v2!E22 -> 882.98 | G20: =Preismodell_USM!G27 -> 898.83 | H20: =F20-G20 -> -15.85 | I20: =H20/G20 -> -0.017634035 | J20: =IF(F20<G20,"✅ JA","❌ NEIN") -> ✅ JA | K20: =F20/1.19 -> 742 | L20: =F20-K20 -> 140.98
A21: Durchschnitt | F21: =AVERAGE(F7:F20) -> 633.08 | G21: =AVERAGE(G7:G20) -> 652.18286 | H21: =AVERAGE(H7:H20) -> -19.102857 | I21: =AVERAGE(I7:I20) -> -0.025284243 | K21: =AVERAGE(K7:K20) -> 532 | L21: =AVERAGE(L7:L20) -> 101.08
A23: Tiefe: Artmodul 580 mm ↔ USM 500 mm
A24: Front | B24: Art. Breite | C24: USM Breite | D24: Art. Höhe | E24: USM Höhe | F24: Artmodul v2 Brutto € | G24: USM Brutto € | H24: Δ absolut € | I24: Δ relativ % | J24: Art. günstiger? | K24: Art. Netto € | L24: davon MwSt €
A25: Offen | B25: 420 | C25: 395 | D25: 180 | E25: 175 | F25: =Preismodell_Artmodul_v2!D28 -> 476 | G25: =Preismodell_USM!E34 -> 459.56 | H25: =F25-G25 -> 16.44 | I25: =H25/G25 -> 0.035773348 | J25: =IF(F25<G25,"✅ JA","❌ NEIN") -> ❌ NEIN | K25: =F25/1.19 -> 400 | L25: =F25-K25 -> 76
B26: 580 | C26: 500 | D26: 180 | E26: 175 | F26: =Preismodell_Artmodul_v2!D29 -> 523.6 | G26: =Preismodell_USM!E35 -> 476.72 | H26: =F26-G26 -> 46.88 | I26: =H26/G26 -> 0.098338647 | J26: =IF(F26<G26,"✅ JA","❌ NEIN") -> ❌ NEIN | K26: =F26/1.19 -> 440 | L26: =F26-K26 -> 83.6
B27: 780 | C27: 750 | D27: 180 | E27: 175 | F27: =Preismodell_Artmodul_v2!D30 -> 580.72 | G27: =Preismodell_USM!E36 -> 517.59 | H27: =F27-G27 -> 63.13 | I27: =H27/G27 -> 0.12196913 | J27: =IF(F27<G27,"✅ JA","❌ NEIN") -> ❌ NEIN | K27: =F27/1.19 -> 488 | L27: =F27-K27 -> 92.72
B28: 420 | C28: 395 | D28: 360 | E28: 350 | F28: =Preismodell_Artmodul_v2!E28 -> 476 | G28: =Preismodell_USM!G34 -> 490.07 | H28: =F28-G28 -> -14.07 | I28: =H28/G28 -> -0.028710184 | J28: =IF(F28<G28,"✅ JA","❌ NEIN") -> ✅ JA | K28: =F28/1.19 -> 400 | L28: =F28-K28 -> 76
B29: 580 | C29: 500 | D29: 360 | E29: 350 | F29: =Preismodell_Artmodul_v2!E29 -> 523.6 | G29: =Preismodell_USM!G35 -> 507.23 | H29: =F29-G29 -> 16.37 | I29: =H29/G29 -> 0.032273328 | J29: =IF(F29<G29,"✅ JA","❌ NEIN") -> ❌ NEIN | K29: =F29/1.19 -> 440 | L29: =F29-K29 -> 83.6
B30: 780 | C30: 750 | D30: 360 | E30: 350 | F30: =Preismodell_Artmodul_v2!E30 -> 580.72 | G30: =Preismodell_USM!G36 -> 548.1 | H30: =F30-G30 -> 32.62 | I30: =H30/G30 -> 0.059514687 | J30: =IF(F30<G30,"✅ JA","❌ NEIN") -> ❌ NEIN | K30: =F30/1.19 -> 488 | L30: =F30-K30 -> 92.72
A31: Klappe | B31: 420 | C31: 395 | D31: 180 | E31: 175 | F31: =Preismodell_Artmodul_v2!D33 -> 653.31 | G31: =Preismodell_USM!E40 -> 680.09 | H31: =F31-G31 -> -26.78 | I31: =H31/G31 -> -0.039377141 | J31: =IF(F31<G31,"✅ JA","❌ NEIN") -> ✅ JA | K31: =F31/1.19 -> 549 | L31: =F31-K31 -> 104.31
B32: 580 | C32: 500 | D32: 180 | E32: 175 | F32: =Preismodell_Artmodul_v2!D34 -> 716.38 | G32: =Preismodell_USM!E41 -> 697.25 | H32: =F32-G32 -> 19.13 | I32: =H32/G32 -> 0.027436357 | J32: =IF(F32<G32,"✅ JA","❌ NEIN") -> ❌ NEIN | K32: =F32/1.19 -> 602 | L32: =F32-K32 -> 114.38
B33: 780 | C33: 750 | D33: 180 | E33: 175 | F33: =Preismodell_Artmodul_v2!D35 -> 787.78 | G33: =Preismodell_USM!E42 -> 738.12 | H33: =F33-G33 -> 49.66 | I33: =H33/G33 -> 0.067279033 | J33: =IF(F33<G33,"✅ JA","❌ NEIN") -> ❌ NEIN | K33: =F33/1.19 -> 662 | L33: =F33-K33 -> 125.78
B34: 420 | C34: 395 | D34: 360 | E34: 350 | F34: =Preismodell_Artmodul_v2!E33 -> 653.31 | G34: =Preismodell_USM!G40 -> 710.6 | H34: =F34-G34 -> -57.29 | I34: =H34/G34 -> -0.08062201 | J34: =IF(F34<G34,"✅ JA","❌ NEIN") -> ✅ JA | K34: =F34/1.19 -> 549 | L34: =F34-K34 -> 104.31
B35: 580 | C35: 500 | D35: 360 | E35: 350 | F35: =Preismodell_Artmodul_v2!E34 -> 716.38 | G35: =Preismodell_USM!G41 -> 727.76 | H35: =F35-G35 -> -11.38 | I35: =H35/G35 -> -0.015637023 | J35: =IF(F35<G35,"✅ JA","❌ NEIN") -> ✅ JA | K35: =F35/1.19 -> 602 | L35: =F35-K35 -> 114.38
B36: 780 | C36: 750 | D36: 360 | E36: 350 | F36: =Preismodell_Artmodul_v2!E35 -> 787.78 | G36: =Preismodell_USM!G42 -> 768.63 | H36: =F36-G36 -> 19.15 | I36: =H36/G36 -> 0.024914458 | J36: =IF(F36<G36,"✅ JA","❌ NEIN") -> ❌ NEIN | K36: =F36/1.19 -> 662 | L36: =F36-K36 -> 125.78
A37: Schublade | B37: 420 | C37: 395 | D37: 180 | E37: 175 | F37: =Preismodell_Artmodul_v2!D43 -> 781.83 | G37: =Preismodell_USM!E52 -> 847.53 | H37: =F37-G37 -> -65.7 | I37: =H37/G37 -> -0.07751938 | J37: =IF(F37<G37,"✅ JA","❌ NEIN") -> ✅ JA | K37: =F37/1.19 -> 657 | L37: =F37-K37 -> 124.83
B38: 580 | C38: 500 | D38: 180 | E38: 175 | F38: =Preismodell_Artmodul_v2!D44 -> 842.52 | G38: =Preismodell_USM!E53 -> 864.69 | H38: =F38-G38 -> -22.17 | I38: =H38/G38 -> -0.025639246 | J38: =IF(F38<G38,"✅ JA","❌ NEIN") -> ✅ JA | K38: =F38/1.19 -> 708 | L38: =F38-K38 -> 134.52
B39: 780 | C39: 750 | D39: 180 | E39: 175 | F39: =Preismodell_Artmodul_v2!D45 -> 911.54 | G39: =Preismodell_USM!E54 -> 905.56 | H39: =F39-G39 -> 5.98 | I39: =H39/G39 -> 0.0066036486 | J39: =IF(F39<G39,"✅ JA","❌ NEIN") -> ❌ NEIN | K39: =F39/1.19 -> 766 | L39: =F39-K39 -> 145.54
B40: 420 | C40: 395 | D40: 360 | E40: 350 | F40: =Preismodell_Artmodul_v2!E43 -> 853.23 | G40: =Preismodell_USM!G52 -> 878.04 | H40: =F40-G40 -> -24.81 | I40: =H40/G40 -> -0.028256116 | J40: =IF(F40<G40,"✅ JA","❌ NEIN") -> ✅ JA | K40: =F40/1.19 -> 717 | L40: =F40-K40 -> 136.23
B41: 580 | C41: 500 | D41: 360 | E41: 350 | F41: =Preismodell_Artmodul_v2!E44 -> 902.02 | G41: =Preismodell_USM!G53 -> 895.2 | H41: =F41-G41 -> 6.82 | I41: =H41/G41 -> 0.0076184093 | J41: =IF(F41<G41,"✅ JA","❌ NEIN") -> ❌ NEIN | K41: =F41/1.19 -> 758 | L41: =F41-K41 -> 144.02
B42: 780 | C42: 750 | D42: 360 | E42: 350 | F42: =Preismodell_Artmodul_v2!E45 -> 961.52 | G42: =Preismodell_USM!G54 -> 936.07 | H42: =F42-G42 -> 25.45 | I42: =H42/G42 -> 0.027188138 | J42: =IF(F42<G42,"✅ JA","❌ NEIN") -> ❌ NEIN | K42: =F42/1.19 -> 808 | L42: =F42-K42 -> 153.52
A43: Durchschnitt | F43: =AVERAGE(F25:F42) -> 707.12444 | G43: =AVERAGE(G25:G42) -> 702.71167 | H43: =AVERAGE(H25:H42) -> 4.4127778 | I43: =AVERAGE(I25:I42) -> 0.01184156 | K43: =AVERAGE(K25:K42) -> 594.22222 | L43: =AVERAGE(L25:L42) -> 112.90222
A46: GESAMTÜBERSICHT
A47: Offen | B47: (12 Paare) | F47: =AVERAGE(F7,F8,F9,F10,F11,F12,F25,F26,F27,F28,F29,F30) -> 494.24667 | G47: =AVERAGE(G7,G8,G9,G10,G11,G12,G25,G26,G27,G28,G29,G30) -> 481.25833 | H47: =AVERAGE(H7,H8,H9,H10,H11,H12,H25,H26,H27,H28,H29,H30) -> 12.988333 | I47: =AVERAGE(I7,I8,I9,I10,I11,I12,I25,I26,I27,I28,I29,I30) -> 0.025768333 | K47: =AVERAGE(K7,K8,K9,K10,K11,K12,K25,K26,K27,K28,K29,K30) -> 415.33333 | L47: =AVERAGE(L7,L8,L9,L10,L11,L12,L25,L26,L27,L28,L29,L30) -> 78.913333
A48: Klappe | B48: (9 Paare) | F48: =AVERAGE(F13,F14,F15,F31,F32,F33,F34,F35,F36) -> 697.47222 | G48: =AVERAGE(G13,G14,G15,G31,G32,G33,G34,G35,G36) -> 713.08 | H48: =AVERAGE(H13,H14,H15,H31,H32,H33,H34,H35,H36) -> -15.607778 | I48: =AVERAGE(I13,I14,I15,I31,I32,I33,I34,I35,I36) -> -0.023260989 | K48: =AVERAGE(K13,K14,K15,K31,K32,K33,K34,K35,K36) -> 586.11111 | L48: =AVERAGE(L13,L14,L15,L31,L32,L33,L34,L35,L36) -> 111.36111
A49: Schublade | B49: (11 Paare) | F49: =AVERAGE(F16,F17,F18,F19,F20,F37,F38,F39,F40,F41,F42) -> 853.01364 | G49: =AVERAGE(G16,G17,G18,G19,G20,G37,G38,G39,G40,G41,G42) -> 871.50455 | H49: =AVERAGE(H16,H17,H18,H19,H20,H37,H38,H39,H40,H41,H42) -> -18.490909 | I49: =AVERAGE(I16,I17,I18,I19,I20,I37,I38,I39,I40,I41,I42) -> -0.021882038 | K49: =AVERAGE(K16,K17,K18,K19,K20,K37,K38,K39,K40,K41,K42) -> 716.81818 | L49: =AVERAGE(L16,L17,L18,L19,L20,L37,L38,L39,L40,L41,L42) -> 136.19545
A51: GESAMT Ø | B51: (32 Paare) | F51: =AVERAGE(F7,F8,F9,F10,F11,F12,F25,F26,F27,F28,F29,F30,F13,F14,F15,F31,F32,F33,F34,F35,F36,F16,F17,F18,F19,F20,F37,F38,F39,F40,F41,F42) -> 674.73 | G51: =AVERAGE(G7,G8,G9,G10,G11,G12,G25,G26,G27,G28,G29,G30,G13,G14,G15,G31,G32,G33,G34,G35,G36,G16,G17,G18,G19,G20,G37,G38,G39,G40,G41,G42) -> 680.60531 | H51: =AVERAGE(H7,H8,H9,H10,H11,H12,H25,H26,H27,H28,H29,H30,H13,H14,H15,H31,H32,H33,H34,H35,H36,H16,H17,H18,H19,H20,H37,H38,H39,H40,H41,H42) -> -5.8753125 | I51: =AVERAGE(I7,I8,I9,I10,I11,I12,I25,I26,I27,I28,I29,I30,I13,I14,I15,I31,I32,I33,I34,I35,I36,I16,I17,I18,I19,I20,I37,I38,I39,I40,I41,I42) -> -0.0044009788 | K51: =AVERAGE(K7,K8,K9,K10,K11,K12,K25,K26,K27,K28,K29,K30,K13,K14,K15,K31,K32,K33,K34,K35,K36,K16,K17,K18,K19,K20,K37,K38,K39,K40,K41,K42) -> 567 | L51: =AVERAGE(L7,L8,L9,L10,L11,L12,L25,L26,L27,L28,L29,L30,L13,L14,L15,L31,L32,L33,L34,L35,L36,L16,L17,L18,L19,L20,L37,L38,L39,L40,L41,L42) -> 107.73
