Workbook
Name Analyse: #REF!
Name ANZ_Breite: [1]Bestellvorlage_neu!$F$24
Name ANZ_Elemente: [1]Bestellvorlage_neu!$F$27
Name ANZ_Höhe: [1]Bestellvorlage_neu!$F$25
Name ANZ_Tiefe: [1]Bestellvorlage_neu!$F$26
Name Bericht: '[2]Bericht gesamt'!$B$4:$DG$59
Name Einkauf: #REF!
Name Ertragssicherung: #REF!
Name EXT: #REF!
Name F_Doppeltür_PG1: #REF!
Name F_Doppeltür_PG1: #REF!
Name F_Doppeltür_PG2_3: #REF!
Name F_Doppeltür_PG2_3: #REF!
Name F_Doppeltür_PG4: #REF!
Name F_Doppeltür_PG4: #REF!
Name F_Klappe_PG1: #REF!
Name F_Klappe_PG1: #REF!
Name F_Klappe_PG2_3: #REF!
Name F_Klappe_PG2_3: #REF!
Name F_Klappe_PG4: #REF!
Name F_Klappe_PG4: #REF!
Name F_Platten_PG1: #REF!
Name F_Platten_PG1: #REF!
Name F_Platten_PG2_3: #REF!
Name F_Platten_PG2_3: #REF!
Name F_Platten_PG4: #REF!
Name F_Platten_PG4: #REF!
Name F_Schublade_PG1: #REF!
Name F_Schublade_PG1: #REF!
Name F_Schublade_PG2_3: #REF!
Name F_Schublade_PG2_3: #REF!
Name F_Schublade_PG4: #REF!
Name F_Schublade_PG4: #REF!
Name F_Tür_PG1: #REF!
Name F_Tür_PG1: #REF!
Name F_Tür_PG2_3: #REF!
Name F_Tür_PG2_3: #REF!
Name F_Tür_PG4: #REF!
Name F_Tür_PG4: #REF!
Name Freigabe: #REF!
Name Ideen: #REF!
Name Innovations__prozeß: #REF!
Name Komminikation: #REF!
Name Kommunikation: #REF!
Name Kompetenz: #REF!
Name Konfektion: [4]Orga!$U$41:$AF$46
Name Konstruktion: #REF!
Name Kreativpotential: #REF!
Name LPU: #REF!
Name Ludwig: #REF!
Name Marketing: #REF!
Name Organisation: #REF!
Name Preisniveau: #REF!
Name Produkt__und_Preissystematik: #REF!
Name SkriptBeschreibung: #REF!
Name Telephonmarketing: #REF!
Name TEST: #REF!
Name Tiefe: [1]Bestellvorlage_neu!$C$4
Name Umsetzung: #REF!
Name Vertrieb: [4]Orga!$U$48:$AE$56

Sheet Preislisten
B1: EURO | J1: CHF | R1: Auchschlag CHF | T1: PG1 | U1: PG2 | V1: PG3 | W1: PG4
R2: 0.15 | T2: MDF | U2: Alu | V2: Furnier | W2: Glas
B3: Panel | C3: Art. Nr. | D3: Breite / Tiefe | E3: PG1 | F3: PG2 | G3: PG3 | H3: PG4 | J3: Panel | K3: Art. Nr. | L3: Breite / Tiefe | M3: PG1 | N3: PG2 | O3: PG3 | P3: PG4
B4: Boden | C4: 3000 | D4: =VLOOKUP($C4,Kalkulation_Platten!$C$6:$F$611,3,FALSE)&" / "&VLOOKUP($C4,Kalkulation_Platten!$C$6:$F$611,4,FALSE) -> 360 / 360 | E4: =INDEX(Kalkulation_Platten!$C$3:$AM$1001,MATCH($C4,Kalkulation_Platten!$C$3:$C$1001,0),MATCH(E$3,Kalkulation_Platten!$C$3:$AM$3,0)) -> 34 | F4: =INDEX(Kalkulation_Platten!$C$3:$AM$1001,MATCH($C4,Kalkulation_Platten!$C$3:$C$1001,0),MATCH(F$3,Kalkulation_Platten!$C$3:$AM$3,0)) -> 114 | G4: =INDEX(Kalkulation_Platten!$C$3:$AM$1001,MATCH($C4,Kalkulation_Platten!$C$3:$C$1001,0),MATCH(G$3,Kalkulation_Platten!$C$3:$AM$3,0)) -> 89 | H4: =INDEX(Kalkulation_Platten!$C$3:$AM$1001,MATCH($C4,Kalkulation_Platten!$C$3:$C$1001,0),MATCH(H$3,Kalkulation_Platten!$C$3:$AM$3,0)) -> 177 | J4: Boden | K4: 3000 | L4: =VLOOKUP($C4,Kalkulation_Platten!$C$6:$F$611,3,FALSE)&" / "&VLOOKUP($C4,Kalkulation_Platten!$C$6:$F$611,4,FALSE) -> 360 / 360 | M4: =IFERROR(ROUND(E4*(1+$R$2),0),"-") -> 39 | N4: =IFERROR(ROUND(F4*(1+$R$2),0),"-") -> 131 | O4: =IFERROR(ROUND(G4*(1+$R$2),0),"-") -> 102 | P4: =IFERROR(ROUND(H4*(1+$R$2),0),"-") -> 204 | T4: =IFERROR(F4-E4,"") -> 80 | U4: =IFERROR(G4-F4,"") -> -25 | V4: =IFERROR(H4-G4,"") -> 88
B5: Boden | C5: 3001 | D5: =VLOOKUP($C5,Kalkulation_Platten!$C$6:$F$611,3,FALSE)&" / "&VLOOKUP($C5,Kalkulation_Platten!$C$6:$F$611,4,FALSE) -> 420 / 360 | E5: =INDEX(Kalkulation_Platten!$C$3:$AM$1001,MATCH($C5,Kalkulation_Platten!$C$3:$C$1001,0),MATCH(E$3,Kalkulation_Platten!$C$3:$AM$3,0)) -> 34 | F5: =INDEX(Kalkulation_Platten!$C$3:$AM$1001,MATCH($C5,Kalkulation_Platten!$C$3:$C$1001,0),MATCH(F$3,Kalkulation_Platten!$C$3:$AM$3,0)) -> 121 | G5: =INDEX(Kalkulation_Platten!$C$3:$AM$1001,MATCH($C5,Kalkulation_Platten!$C$3:$C$1001,0),MATCH(G$3,Kalkulation_Platten!$C$3:$AM$3,0)) -> 92 | H5: =INDEX(Kalkulation_Platten!$C$3:$AM$1001,MATCH($C5,Kalkulation_Platten!$C$3:$C$1001,0),MATCH(H$3,Kalkulation_Platten!$C$3:$AM$3,0)) -> 178 | J5: Boden | K5: 3001 | L5: =VLOOKUP($C5,Kalkulation_Platten!$C$6:$F$611,3,FALSE)&" / "&VLOOKUP($C5,Kalkulation_Platten!$C$6:$F$611,4,FALSE) -> 420 / 360 | M5: =IFERROR(ROUND(E5*(1+$R$2),0),"-") -> 39 | N5: =IFERROR(ROUND(F5*(1+$R$2),0),"-") -> 139 | O5: =IFERROR(ROUND(G5*(1+$R$2),0),"-") -> 106 | P5: =IFERROR(ROUND(H5*(1+$R$2),0),"-") -> 205 | T5: =IFERROR(F5-E5,"") -> 87 | U5: =IFERROR(G5-F5,"") -> -29 | V5: =IFERROR(H5-G5,"") -> 86
B6: Boden | C6: 3002 | D6: =VLOOKUP($C6,Kalkulation_Platten!$C$6:$F$611,3,FALSE)&" / "&VLOOKUP($C6,Kalkulation_Platten!$C$6:$F$611,4,FALSE) -> 580 / 360 | E6: =INDEX(Kalkulation_Platten!$C$3:$AM$1001,MATCH($C6,Kalkulation_Platten!$C$3:$C$1001,0),MATCH(E$3,Kalkulation_Platten!$C$3:$AM$3,0)) -> 43 | F6: =INDEX(Kalkulation_Platten!$C$3:$AM$1001,MATCH($C6,Kalkulation_Platten!$C$3:$C$1001,0),MATCH(F$3,Kalkulation_Platten!$C$3:$AM$3,0)) -> 161 | G6: =INDEX(Kalkulation_Platten!$C$3:$AM$1001,MATCH($C6,Kalkulation_Platten!$C$3:$C$1001,0),MATCH(G$3,Kalkulation_Platten!$C$3:$AM$3,0)) -> 130 | H6: =INDEX(Kalkulation_Platten!$C$3:$AM$1001,MATCH($C6,Kalkulation_Platten!$C$3:$C$1001,0),MATCH(H$3,Kalkulation_Platten!$C$3:$AM$3,0)) -> 185 | J6: Boden | K6: 3002 | L6: =VLOOKUP($C6,Kalkulation_Platten!$C$6:$F$611,3,FALSE)&" / "&VLOOKUP($C6,Kalkulation_Platten!$C$6:$F$611,4,FALSE) -> 580 / 360 | M6: =IFERROR(ROUND(E6*(1+$R$2),0),"-") -> 49 | N6: =IFERROR(ROUND(F6*(1+$R$2),0),"-") -> 185 | O6: =IFERROR(ROUND(G6*(1+$R$2),0),"-") -> 150 | P6: =IFERROR(ROUND(H6*(1+$R$2),0),"-") -> 213 | T6: =IFERROR(F6-E6,"") -> 118 | U6: =IFERROR(G6-F6,"") -> -31 | V6: =IFERROR(H6-G6,"") -> 55
B7: Boden | C7: 3003 | D7: =VLOOKUP($C7,Kalkulation_Platten!$C$6:$F$611,3,FALSE)&" / "&VLOOKUP($C7,Kalkulation_Platten!$C$6:$F$611,4,FALSE) -> 780 / 360 | E7: =INDEX(Kalkulation_Platten!$C$3:$AM$1001,MATCH($C7,Kalkulation_Platten!$C$3:$C$1001,0),MATCH(E$3,Kalkulation_Platten!$C$3:$AM$3,0)) -> 56 | F7: =INDEX(Kalkulation_Platten!$C$3:$AM$1001,MATCH($C7,Kalkulation_Platten!$C$3:$C$1001,0),MATCH(F$3,Kalkulation_Platten!$C$3:$AM$3,0)) -> 185 | G7: =INDEX(Kalkulation_Platten!$C$3:$AM$1001,MATCH($C7,Kalkulation_Platten!$C$3:$C$1001,0),MATCH(G$3,Kalkulation_Platten!$C$3:$AM$3,0)) -> 144 | H7: =INDEX(Kalkulation_Platten!$C$3:$AM$1001,MATCH($C7,Kalkulation_Platten!$C$3:$C$1001,0),MATCH(H$3,Kalkulation_Platten!$C$3:$AM$3,0)) -> 190 | J7: Boden | K7: 3003 | L7: =VLOOKUP($C7,Kalkulation_Platten!$C$6:$F$611,3,FALSE)&" / "&VLOOKUP($C7,Kalkulation_Platten!$C$6:$F$611,4,FALSE) -> 780 / 360 | M7: =IFERROR(ROUND(E7*(1+$R$2),0),"-") -> 64 | N7: =IFERROR(ROUND(F7*(1+$R$2),0),"-") -> 213 | O7: =IFERROR(ROUND(G7*(1+$R$2),0),"-") -> 166 | P7: =IFERROR(ROUND(H7*(1+$R$2),0),"-") -> 219 | T7: =IFERROR(F7-E7,"") -> 129 | U7: =IFERROR(G7-F7,"") -> -41 | V7: =IFERROR(H7-G7,"") -> 46
B8: Boden | C8: 3004 | D8: =VLOOKUP($C8,Kalkulation_Platten!$C$6:$F$611,3,FALSE)&" / "&VLOOKUP($C8,Kalkulation_Platten!$C$6:$F$611,4,FALSE) -> 980 / 360 | E8: =INDEX(Kalkulation_Platten!$C$3:$AM$1001,MATCH($C8,Kalkulation_Platten!$C$3:$C$1001,0),MATCH(E$3,Kalkulation_Platten!$C$3:$AM$3,0)) -> 70 | F8: =INDEX(Kalkulation_Platten!$C$3:$AM$1001,MATCH($C8,Kalkulation_Platten!$C$3:$C$1001,0),MATCH(F$3,Kalkulation_Platten!$C$3:$AM$3,0)) -> 223 | G8: =INDEX(Kalkulation_Platten!$C$3:$AM$1001,MATCH($C8,Kalkulation_Platten!$C$3:$C$1001,0),MATCH(G$3,Kalkulation_Platten!$C$3:$AM$3,0)) -> 174 | H8: =INDEX(Kalkulation_Platten!$C$3:$AM$1001,MATCH($C8,Kalkulation_Platten!$C$3:$C$1001,0),MATCH(H$3,Kalkulation_Platten!$C$3:$AM$3,0)) -> 209 | J8: Boden | K8: 3004 | L8: =VLOOKUP($C8,Kalkulation_Platten!$C$6:$F$611,3,FALSE)&" / "&VLOOKUP($C8,Kalkulation_Platten!$C$6:$F$611,4,FALSE) -> 980 / 360 | M8: =IFERROR(ROUND(E8*(1+$R$2),0),"-") -> 81 | N8: =IFERROR(ROUND(F8*(1+$R$2),0),"-") -> 256 | O8: =IFERROR(ROUND(G8*(1+$R$2),0),"-") -> 200 | P8: =IFERROR(ROUND(H8*(1+$R$2),0),"-") -> 240 | T8: =IFERROR(F8-E8,"") -> 153 | U8: =IFERROR(G8-F8,"") -> -49 | V8: =IFERROR(H8-G8,"") -> 35
B9: Boden | C9: 3005 | D9: =VLOOKUP($C9,Kalkulation_Platten!$C$6:$F$611,3,FALSE)&" / "&VLOOKUP($C9,Kalkulation_Platten!$C$6:$F$611,4,FALSE) -> 360 / 580 | E9: =INDEX(Kalkulation_Platten!$C$3:$AM$1001,MATCH($C9,Kalkulation_Platten!$C$3:$C$1001,0),MATCH(E$3,Kalkulation_Platten!$C$3:$AM$3,0)) -> 43 | F9: =INDEX(Kalkulation_Platten!$C$3:$AM$1001,MATCH($C9,Kalkulation_Platten!$C$3:$C$1001,0),MATCH(F$3,Kalkulation_Platten!$C$3:$AM$3,0)) -> 161 | G9: =INDEX(Kalkulation_Platten!$C$3:$AM$1001,MATCH($C9,Kalkulation_Platten!$C$3:$C$1001,0),MATCH(G$3,Kalkulation_Platten!$C$3:$AM$3,0)) -> 130 | H9: =INDEX(Kalkulation_Platten!$C$3:$AM$1001,MATCH($C9,Kalkulation_Platten!$C$3:$C$1001,0),MATCH(H$3,Kalkulation_Platten!$C$3:$AM$3,0)) -> 185 | J9: Boden | K9: 3005 | L9: 580 / 360 | M9: =IFERROR(ROUND(E9*(1+$R$2),0),"-") -> 49 | N9: =IFERROR(ROUND(F9*(1+$R$2),0),"-") -> 185 | O9: =IFERROR(ROUND(G9*(1+$R$2),0),"-") -> 150 | P9: =IFERROR(ROUND(H9*(1+$R$2),0),"-") -> 213 | T9: =IFERROR(F9-E9,"") -> 118 | U9: =IFERROR(G9-F9,"") -> -31 | V9: =IFERROR(H9-G9,"") -> 55
B10: Boden | C10: 3006 | D10: =VLOOKUP($C10,Kalkulation_Platten!$C$6:$F$611,3,FALSE)&" / "&VLOOKUP($C10,Kalkulation_Platten!$C$6:$F$611,4,FALSE) -> 420 / 580 | E10: =INDEX(Kalkulation_Platten!$C$3:$AM$1001,MATCH($C10,Kalkulation_Platten!$C$3:$C$1001,0),MATCH(E$3,Kalkulation_Platten!$C$3:$AM$3,0)) -> 49 | F10: =INDEX(Kalkulation_Platten!$C$3:$AM$1001,MATCH($C10,Kalkulation_Platten!$C$3:$C$1001,0),MATCH(F$3,Kalkulation_Platten!$C$3:$AM$3,0)) -> 181 | G10: =INDEX(Kalkulation_Platten!$C$3:$AM$1001,MATCH($C10,Kalkulation_Platten!$C$3:$C$1001,0),MATCH(G$3,Kalkulation_Platten!$C$3:$AM$3,0)) -> 147 | H10: =INDEX(Kalkulation_Platten!$C$3:$AM$1001,MATCH($C10,Kalkulation_Platten!$C$3:$C$1001,0),MATCH(H$3,Kalkulation_Platten!$C$3:$AM$3,0)) -> 186 | J10: Boden | K10: 3006 | L10: =VLOOKUP($C10,Kalkulation_Platten!$C$6:$F$611,3,FALSE)&" / "&VLOOKUP($C10,Kalkulation_Platten!$C$6:$F$611,4,FALSE) -> 420 / 580 | M10: =IFERROR(ROUND(E10*(1+$R$2),0),"-") -> 56 | N10: =IFERROR(ROUND(F10*(1+$R$2),0),"-") -> 208 | O10: =IFERROR(ROUND(G10*(1+$R$2),0),"-") -> 169 | P10: =IFERROR(ROUND(H10*(1+$R$2),0),"-") -> 214 | T10: =IFERROR(F10-E10,"") -> 132 | U10: =IFERROR(G10-F10,"") -> -34 | V10: =IFERROR(H10-G10,"") -> 39
B11: Boden | C11: 3007 | D11: =VLOOKUP($C11,Kalkulation_Platten!$C$6:$F$611,3,FALSE)&" / "&VLOOKUP($C11,Kalkulation_Platten!$C$6:$F$611,4,FALSE) -> 580 / 580 | E11: =INDEX(Kalkulation_Platten!$C$3:$AM$1001,MATCH($C11,Kalkulation_Platten!$C$3:$C$1001,0),MATCH(E$3,Kalkulation_Platten!$C$3:$AM$3,0)) -> 67 | F11: =INDEX(Kalkulation_Platten!$C$3:$AM$1001,MATCH($C11,Kalkulation_Platten!$C$3:$C$1001,0),MATCH(F$3,Kalkulation_Platten!$C$3:$AM$3,0)) -> 228 | G11: =INDEX(Kalkulation_Platten!$C$3:$AM$1001,MATCH($C11,Kalkulation_Platten!$C$3:$C$1001,0),MATCH(G$3,Kalkulation_Platten!$C$3:$AM$3,0)) -> 183 | H11: =INDEX(Kalkulation_Platten!$C$3:$AM$1001,MATCH($C11,Kalkulation_Platten!$C$3:$C$1001,0),MATCH(H$3,Kalkulation_Platten!$C$3:$AM$3,0)) -> 191 | J11: Boden | K11: 3007 | L11: =VLOOKUP($C11,Kalkulation_Platten!$C$6:$F$611,3,FALSE)&" / "&VLOOKUP($C11,Kalkulation_Platten!$C$6:$F$611,4,FALSE) -> 580 / 580 | M11: =IFERROR(ROUND(E11*(1+$R$2),0),"-") -> 77 | N11: =IFERROR(ROUND(F11*(1+$R$2),0),"-") -> 262 | O11: =IFERROR(ROUND(G11*(1+$R$2),0),"-") -> 210 | P11: =IFERROR(ROUND(H11*(1+$R$2),0),"-") -> 220 | T11: =IFERROR(F11-E11,"") -> 161 | U11: =IFERROR(G11-F11,"") -> -45 | V11: =IFERROR(H11-G11,"") -> 8
B12: Boden | C12: 3008 | D12: =VLOOKUP($C12,Kalkulation_Platten!$C$6:$F$611,3,FALSE)&" / "&VLOOKUP($C12,Kalkulation_Platten!$C$6:$F$611,4,FALSE) -> 780 / 580 | E12: =INDEX(Kalkulation_Platten!$C$3:$AM$1001,MATCH($C12,Kalkulation_Platten!$C$3:$C$1001,0),MATCH(E$3,Kalkulation_Platten!$C$3:$AM$3,0)) -> 87 | F12: =INDEX(Kalkulation_Platten!$C$3:$AM$1001,MATCH($C12,Kalkulation_Platten!$C$3:$C$1001,0),MATCH(F$3,Kalkulation_Platten!$C$3:$AM$3,0)) -> 275 | G12: =INDEX(Kalkulation_Platten!$C$3:$AM$1001,MATCH($C12,Kalkulation_Platten!$C$3:$C$1001,0),MATCH(G$3,Kalkulation_Platten!$C$3:$AM$3,0)) -> 225 | H12: =INDEX(Kalkulation_Platten!$C$3:$AM$1001,MATCH($C12,Kalkulation_Platten!$C$3:$C$1001,0),MATCH(H$3,Kalkulation_Platten!$C$3:$AM$3,0)) -> 237 | J12: Boden | K12: 3008 | L12: =VLOOKUP($C12,Kalkulation_Platten!$C$6:$F$611,3,FALSE)&" / "&VLOOKUP($C12,Kalkulation_Platten!$C$6:$F$611,4,FALSE) -> 780 / 580 | M12: =IFERROR(ROUND(E12*(1+$R$2),0),"-") -> 100 | N12: =IFERROR(ROUND(F12*(1+$R$2),0),"-") -> 316 | O12: =IFERROR(ROUND(G12*(1+$R$2),0),"-") -> 259 | P12: =IFERROR(ROUND(H12*(1+$R$2),0),"-") -> 273 | T12: =IFERROR(F12-E12,"") -> 188 | U12: =IFERROR(G12-F12,"") -> -50 | V12: =IFERROR(H12-G12,"") -> 12
B13: Boden | C13: 3009 | D13: =VLOOKUP($C13,Kalkulation_Platten!$C$6:$F$611,3,FALSE)&" / "&VLOOKUP($C13,Kalkulation_Platten!$C$6:$F$611,4,FALSE) -> 980 / 580 | E13: =INDEX(Kalkulation_Platten!$C$3:$AM$1001,MATCH($C13,Kalkulation_Platten!$C$3:$C$1001,0),MATCH(E$3,Kalkulation_Platten!$C$3:$AM$3,0)) -> 110 | F13: =INDEX(Kalkulation_Platten!$C$3:$AM$1001,MATCH($C13,Kalkulation_Platten!$C$3:$C$1001,0),MATCH(F$3,Kalkulation_Platten!$C$3:$AM$3,0)) -> 355 | G13: =INDEX(Kalkulation_Platten!$C$3:$AM$1001,MATCH($C13,Kalkulation_Platten!$C$3:$C$1001,0),MATCH(G$3,Kalkulation_Platten!$C$3:$AM$3,0)) -> 286 | H13: =INDEX(Kalkulation_Platten!$C$3:$AM$1001,MATCH($C13,Kalkulation_Platten!$C$3:$C$1001,0),MATCH(H$3,Kalkulation_Platten!$C$3:$AM$3,0)) -> 276 | J13: Boden | K13: 3009 | L13: =VLOOKUP($C13,Kalkulation_Platten!$C$6:$F$611,3,FALSE)&" / "&VLOOKUP($C13,Kalkulation_Platten!$C$6:$F$611,4,FALSE) -> 980 / 580 | M13: =IFERROR(ROUND(E13*(1+$R$2),0),"-") -> 127 | N13: =IFERROR(ROUND(F13*(1+$R$2),0),"-") -> 408 | O13: =IFERROR(ROUND(G13*(1+$R$2),0),"-") -> 329 | P13: =IFERROR(ROUND(H13*(1+$R$2),0),"-") -> 317 | T13: =IFERROR(F13-E13,"") -> 245 | U13: =IFERROR(G13-F13,"") -> -69 | V13: =IFERROR(H13-G13,"") -> -10
B14: Boden | C14: 3010 | D14: =VLOOKUP($C14,Kalkulation_Platten!$C$6:$F$611,3,FALSE)&" / "&VLOOKUP($C14,Kalkulation_Platten!$C$6:$F$611,4,FALSE) -> 780 / 780 | E14: =INDEX(Kalkulation_Platten!$C$3:$AM$1001,MATCH($C14,Kalkulation_Platten!$C$3:$C$1001,0),MATCH(E$3,Kalkulation_Platten!$C$3:$AM$3,0)) -> 113 | F14: =INDEX(Kalkulation_Platten!$C$3:$AM$1001,MATCH($C14,Kalkulation_Platten!$C$3:$C$1001,0),MATCH(F$3,Kalkulation_Platten!$C$3:$AM$3,0)) -> 302 | G14: =INDEX(Kalkulation_Platten!$C$3:$AM$1001,MATCH($C14,Kalkulation_Platten!$C$3:$C$1001,0),MATCH(G$3,Kalkulation_Platten!$C$3:$AM$3,0)) -> 272 | H14: =INDEX(Kalkulation_Platten!$C$3:$AM$1001,MATCH($C14,Kalkulation_Platten!$C$3:$C$1001,0),MATCH(H$3,Kalkulation_Platten!$C$3:$AM$3,0)) -> 295 | J14: Boden | K14: 3010 | L14: =VLOOKUP($C14,Kalkulation_Platten!$C$6:$F$611,3,FALSE)&" / "&VLOOKUP($C14,Kalkulation_Platten!$C$6:$F$611,4,FALSE) -> 780 / 780 | M14: =IFERROR(ROUND(E14*(1+$R$2),0),"-") -> 130 | N14: =IFERROR(ROUND(F14*(1+$R$2),0),"-") -> 347 | O14: =IFERROR(ROUND(G14*(1+$R$2),0),"-") -> 313 | P14: =IFERROR(ROUND(H14*(1+$R$2),0),"-") -> 339 | T14: =IFERROR(F14-E14,"") -> 189 | U14: =IFERROR(G14-F14,"") -> -30 | V14: =IFERROR(H14-G14,"") -> 23
B15: Boden | C15: 3011 | D15: =VLOOKUP($C15,Kalkulation_Platten!$C$6:$F$611,3,FALSE)&" / "&VLOOKUP($C15,Kalkulation_Platten!$C$6:$F$611,4,FALSE) -> 980 / 780 | E15: =INDEX(Kalkulation_Platten!$C$3:$AM$1001,MATCH($C15,Kalkulation_Platten!$C$3:$C$1001,0),MATCH(E$3,Kalkulation_Platten!$C$3:$AM$3,0)) -> 139 | F15: =INDEX(Kalkulation_Platten!$C$3:$AM$1001,MATCH($C15,Kalkulation_Platten!$C$3:$C$1001,0),MATCH(F$3,Kalkulation_Platten!$C$3:$AM$3,0)) -> 416 | G15: =INDEX(Kalkulation_Platten!$C$3:$AM$1001,MATCH($C15,Kalkulation_Platten!$C$3:$C$1001,0),MATCH(G$3,Kalkulation_Platten!$C$3:$AM$3,0)) -> 216 | H15: =INDEX(Kalkulation_Platten!$C$3:$AM$1001,MATCH($C15,Kalkulation_Platten!$C$3:$C$1001,0),MATCH(H$3,Kalkulation_Platten!$C$3:$AM$3,0)) -> 406 | J15: Boden | K15: 3011 | L15: =VLOOKUP($C15,Kalkulation_Platten!$C$6:$F$611,3,FALSE)&" / "&VLOOKUP($C15,Kalkulation_Platten!$C$6:$F$611,4,FALSE) -> 980 / 780 | M15: =IFERROR(ROUND(E15*(1+$R$2),0),"-") -> 160 | N15: =IFERROR(ROUND(F15*(1+$R$2),0),"-") -> 478 | O15: =IFERROR(ROUND(G15*(1+$R$2),0),"-") -> 248 | P15: =IFERROR(ROUND(H15*(1+$R$2),0),"-") -> 467 | T15: =IFERROR(F15-E15,"") -> 277 | U15: =IFERROR(G15-F15,"") -> -200 | V15: =IFERROR(H15-G15,"") -> 190
B16: Boden | C16: 3012 | D16: =VLOOKUP($C16,Kalkulation_Platten!$C$6:$F$611,3,FALSE)&" / "&VLOOKUP($C16,Kalkulation_Platten!$C$6:$F$611,4,FALSE) -> 980 / 980 | E16: =INDEX(Kalkulation_Platten!$C$3:$AM$1001,MATCH($C16,Kalkulation_Platten!$C$3:$C$1001,0),MATCH(E$3,Kalkulation_Platten!$C$3:$AM$3,0)) -> 180 | F16: =INDEX(Kalkulation_Platten!$C$3:$AM$1001,MATCH($C16,Kalkulation_Platten!$C$3:$C$1001,0),MATCH(F$3,Kalkulation_Platten!$C$3:$AM$3,0)) -> 496 | G16: =INDEX(Kalkulation_Platten!$C$3:$AM$1001,MATCH($C16,Kalkulation_Platten!$C$3:$C$1001,0),MATCH(G$3,Kalkulation_Platten!$C$3:$AM$3,0)) -> 257 | H16: =INDEX(Kalkulation_Platten!$C$3:$AM$1001,MATCH($C16,Kalkulation_Platten!$C$3:$C$1001,0),MATCH(H$3,Kalkulation_Platten!$C$3:$AM$3,0)) -> 483 | J16: Boden | K16: 3012 | L16: =VLOOKUP($C16,Kalkulation_Platten!$C$6:$F$611,3,FALSE)&" / "&VLOOKUP($C16,Kalkulation_Platten!$C$6:$F$611,4,FALSE) -> 980 / 980 | M16: =IFERROR(ROUND(E16*(1+$R$2),0),"-") -> 207 | N16: =IFERROR(ROUND(F16*(1+$R$2),0),"-") -> 570 | O16: =IFERROR(ROUND(G16*(1+$R$2),0),"-") -> 296 | P16: =IFERROR(ROUND(H16*(1+$R$2),0),"-") -> 555 | T16: =IFERROR(F16-E16,"") -> 316 | U16: =IFERROR(G16-F16,"") -> -239 | V16: =IFERROR(H16-G16,"") -> 226
B17: Boden | C17: 3013 | D17: =VLOOKUP($C17,Kalkulation_Platten!$C$6:$F$611,3,FALSE)&" / "&VLOOKUP($C17,Kalkulation_Platten!$C$6:$F$611,4,FALSE) -> 420 / 780 | E17: =INDEX(Kalkulation_Platten!$C$3:$AM$1001,MATCH($C17,Kalkulation_Platten!$C$3:$C$1001,0),MATCH(E$3,Kalkulation_Platten!$C$3:$AM$3,0)) -> 71 | F17: =INDEX(Kalkulation_Platten!$C$3:$AM$1001,MATCH($C17,Kalkulation_Platten!$C$3:$C$1001,0),MATCH(F$3,Kalkulation_Platten!$C$3:$AM$3,0)) -> 219 | G17: =INDEX(Kalkulation_Platten!$C$3:$AM$1001,MATCH($C17,Kalkulation_Platten!$C$3:$C$1001,0),MATCH(G$3,Kalkulation_Platten!$C$3:$AM$3,0)) -> 113 | H17: =INDEX(Kalkulation_Platten!$C$3:$AM$1001,MATCH($C17,Kalkulation_Platten!$C$3:$C$1001,0),MATCH(H$3,Kalkulation_Platten!$C$3:$AM$3,0)) -> 213 | J17: Boden | K17: 3013 | L17: =VLOOKUP($C17,Kalkulation_Platten!$C$6:$F$611,3,FALSE)&" / "&VLOOKUP($C17,Kalkulation_Platten!$C$6:$F$611,4,FALSE) -> 420 / 780 | M17: =IFERROR(ROUND(E17*(1+$R$2),0),"-") -> 82 | N17: =IFERROR(ROUND(F17*(1+$R$2),0),"-") -> 252 | O17: =IFERROR(ROUND(G17*(1+$R$2),0),"-") -> 130 | P17: =IFERROR(ROUND(H17*(1+$R$2),0),"-") -> 245 | T17: =IFERROR(F17-E17,"") -> 148 | U17: =IFERROR(G17-F17,"") -> -106 | V17: =IFERROR(H17-G17,"") -> 100
B18: Boden | C18: 3014 | D18: =VLOOKUP($C18,Kalkulation_Platten!$C$6:$F$611,3,FALSE)&" / "&VLOOKUP($C18,Kalkulation_Platten!$C$6:$F$611,4,FALSE) -> 420 / 980 | E18: =INDEX(Kalkulation_Platten!$C$3:$AM$1001,MATCH($C18,Kalkulation_Platten!$C$3:$C$1001,0),MATCH(E$3,Kalkulation_Platten!$C$3:$AM$3,0)) -> 88 | F18: =INDEX(Kalkulation_Platten!$C$3:$AM$1001,MATCH($C18,Kalkulation_Platten!$C$3:$C$1001,0),MATCH(F$3,Kalkulation_Platten!$C$3:$AM$3,0)) -> 247 | G18: =INDEX(Kalkulation_Platten!$C$3:$AM$1001,MATCH($C18,Kalkulation_Platten!$C$3:$C$1001,0),MATCH(G$3,Kalkulation_Platten!$C$3:$AM$3,0)) -> 128 | H18: =INDEX(Kalkulation_Platten!$C$3:$AM$1001,MATCH($C18,Kalkulation_Platten!$C$3:$C$1001,0),MATCH(H$3,Kalkulation_Platten!$C$3:$AM$3,0)) -> 241 | J18: Boden | K18: 3014 | L18: =VLOOKUP($C18,Kalkulation_Platten!$C$6:$F$611,3,FALSE)&" / "&VLOOKUP($C18,Kalkulation_Platten!$C$6:$F$611,4,FALSE) -> 420 / 980 | M18: =IFERROR(ROUND(E18*(1+$R$2),0),"-") -> 101 | N18: =IFERROR(ROUND(F18*(1+$R$2),0),"-") -> 284 | O18: =IFERROR(ROUND(G18*(1+$R$2),0),"-") -> 147 | P18: =IFERROR(ROUND(H18*(1+$R$2),0),"-") -> 277 | T18: =IFERROR(F18-E18,"") -> 159 | U18: =IFERROR(G18-F18,"") -> -119 | V18: =IFERROR(H18-G18,"") -> 113
T19: =IFERROR(F19-E19,"") -> 0 | U19: =IFERROR(G19-F19,"") -> 0 | V19: =IFERROR(H19-G19,"") -> 0
B20: Panel | C20: Art. Nr. | D20: Breite / Tiefe | E20: PG1 | F20: PG2 | G20: PG3 | H20: PG4 | J20: Panel | K20: Art. Nr. | L20: Breite / Tiefe | M20: PG1 | N20: PG2 | O20: PG3 | P20: PG4 | T20: =IFERROR(F20-E20,"") | U20: =IFERROR(G20-F20,"") | V20: =IFERROR(H20-G20,"")
B21: Seite | C21: 3100 | D21: =VLOOKUP($C21,Kalkulation_Platten!$C$6:$F$611,3,FALSE)&" / "&VLOOKUP($C21,Kalkulation_Platten!$C$6:$F$611,4,FALSE) -> 360 / 180 | E21: =INDEX(Kalkulation_Platten!$C$3:$AM$1001,MATCH($C21,Kalkulation_Platten!$C$3:$C$1001,0),MATCH(E$3,Kalkulation_Platten!$C$3:$AM$3,0)) -> 34 | F21: =INDEX(Kalkulation_Platten!$C$3:$AM$1001,MATCH($C21,Kalkulation_Platten!$C$3:$C$1001,0),MATCH(F$3,Kalkulation_Platten!$C$3:$AM$3,0)) -> 114 | G21: =INDEX(Kalkulation_Platten!$C$3:$AM$1001,MATCH($C21,Kalkulation_Platten!$C$3:$C$1001,0),MATCH(G$3,Kalkulation_Platten!$C$3:$AM$3,0)) -> 89 | H21: =INDEX(Kalkulation_Platten!$C$3:$AM$1001,MATCH($C21,Kalkulation_Platten!$C$3:$C$1001,0),MATCH(H$3,Kalkulation_Platten!$C$3:$AM$3,0)) -> 201 | J21: Seite | K21: 3100 | L21: =VLOOKUP($C21,Kalkulation_Platten!$C$6:$F$611,3,FALSE)&" / "&VLOOKUP($C21,Kalkulation_Platten!$C$6:$F$611,4,FALSE) -> 360 / 180 | M21: =IFERROR(ROUND(E21*(1+$R$2),0),"-") -> 39 | N21: =IFERROR(ROUND(F21*(1+$R$2),0),"-") -> 131 | O21: =IFERROR(ROUND(G21*(1+$R$2),0),"-") -> 102 | P21: =IFERROR(ROUND(H21*(1+$R$2),0),"-") -> 231 | T21: =IFERROR(F21-E21,"") -> 80 | U21: =IFERROR(G21-F21,"") -> -25 | V21: =IFERROR(H21-G21,"") -> 112
B22: Seite | C22: 3101 | D22: =VLOOKUP($C22,Kalkulation_Platten!$C$6:$F$611,3,FALSE)&" / "&VLOOKUP($C22,Kalkulation_Platten!$C$6:$F$611,4,FALSE) -> 360 / 360 | E22: =INDEX(Kalkulation_Platten!$C$3:$AM$1001,MATCH($C22,Kalkulation_Platten!$C$3:$C$1001,0),MATCH(E$3,Kalkulation_Platten!$C$3:$AM$3,0)) -> 34 | F22: =INDEX(Kalkulation_Platten!$C$3:$AM$1001,MATCH($C22,Kalkulation_Platten!$C$3:$C$1001,0),MATCH(F$3,Kalkulation_Platten!$C$3:$AM$3,0)) -> 114 | G22: =INDEX(Kalkulation_Platten!$C$3:$AM$1001,MATCH($C22,Kalkulation_Platten!$C$3:$C$1001,0),MATCH(G$3,Kalkulation_Platten!$C$3:$AM$3,0)) -> 89 | H22: =INDEX(Kalkulation_Platten!$C$3:$AM$1001,MATCH($C22,Kalkulation_Platten!$C$3:$C$1001,0),MATCH(H$3,Kalkulation_Platten!$C$3:$AM$3,0)) -> 177 | J22: Seite | K22: 3101 | L22: =VLOOKUP($C22,Kalkulation_Platten!$C$6:$F$611,3,FALSE)&" / "&VLOOKUP($C22,Kalkulation_Platten!$C$6:$F$611,4,FALSE) -> 360 / 360 | M22: =IFERROR(ROUND(E22*(1+$R$2),0),"-") -> 39 | N22: =IFERROR(ROUND(F22*(1+$R$2),0),"-") -> 131 | O22: =IFERROR(ROUND(G22*(1+$R$2),0),"-") -> 102 | P22: =IFERROR(ROUND(H22*(1+$R$2),0),"-") -> 204 | T22: =IFERROR(F22-E22,"") -> 80 | U22: =IFERROR(G22-F22,"") -> -25 | V22: =IFERROR(H22-G22,"") -> 88
B23: Seite | C23: 3102 | D23: =VLOOKUP($C23,Kalkulation_Platten!$C$6:$F$611,3,FALSE)&" / "&VLOOKUP($C23,Kalkulation_Platten!$C$6:$F$611,4,FALSE) -> 360 / 720 | E23: =INDEX(Kalkulation_Platten!$C$3:$AM$1001,MATCH($C23,Kalkulation_Platten!$C$3:$C$1001,0),MATCH(E$3,Kalkulation_Platten!$C$3:$AM$3,0)) -> 52 | F23: =INDEX(Kalkulation_Platten!$C$3:$AM$1001,MATCH($C23,Kalkulation_Platten!$C$3:$C$1001,0),MATCH(F$3,Kalkulation_Platten!$C$3:$AM$3,0)) -> 181 | G23: =INDEX(Kalkulation_Platten!$C$3:$AM$1001,MATCH($C23,Kalkulation_Platten!$C$3:$C$1001,0),MATCH(G$3,Kalkulation_Platten!$C$3:$AM$3,0)) -> 143 | H23: =INDEX(Kalkulation_Platten!$C$3:$AM$1001,MATCH($C23,Kalkulation_Platten!$C$3:$C$1001,0),MATCH(H$3,Kalkulation_Platten!$C$3:$AM$3,0)) -> 212 | J23: Seite | K23: 3102 | L23: =VLOOKUP($C23,Kalkulation_Platten!$C$6:$F$611,3,FALSE)&" / "&VLOOKUP($C23,Kalkulation_Platten!$C$6:$F$611,4,FALSE) -> 360 / 720 | M23: =IFERROR(ROUND(E23*(1+$R$2),0),"-") -> 60 | N23: =IFERROR(ROUND(F23*(1+$R$2),0),"-") -> 208 | O23: =IFERROR(ROUND(G23*(1+$R$2),0),"-") -> 164 | P23: =IFERROR(ROUND(H23*(1+$R$2),0),"-") -> 244 | T23: =IFERROR(F23-E23,"") -> 129 | U23: =IFERROR(G23-F23,"") -> -38 | V23: =IFERROR(H23-G23,"") -> 69
B24: Seite | C24: 3103 | D24: =VLOOKUP($C24,Kalkulation_Platten!$C$6:$F$611,3,FALSE)&" / "&VLOOKUP($C24,Kalkulation_Platten!$C$6:$F$611,4,FALSE) -> 360 / 1080 | E24: =INDEX(Kalkulation_Platten!$C$3:$AM$1001,MATCH($C24,Kalkulation_Platten!$C$3:$C$1001,0),MATCH(E$3,Kalkulation_Platten!$C$3:$AM$3,0)) -> 76 | F24: =INDEX(Kalkulation_Platten!$C$3:$AM$1001,MATCH($C24,Kalkulation_Platten!$C$3:$C$1001,0),MATCH(F$3,Kalkulation_Platten!$C$3:$AM$3,0)) -> 267 | G24: =INDEX(Kalkulation_Platten!$C$3:$AM$1001,MATCH($C24,Kalkulation_Platten!$C$3:$C$1001,0),MATCH(G$3,Kalkulation_Platten!$C$3:$AM$3,0)) -> 222 | H24: =INDEX(Kalkulation_Platten!$C$3:$AM$1001,MATCH($C24,Kalkulation_Platten!$C$3:$C$1001,0),MATCH(H$3,Kalkulation_Platten!$C$3:$AM$3,0)) -> 240 | J24: Seite | K24: 3103 | L24: =VLOOKUP($C24,Kalkulation_Platten!$C$6:$F$611,3,FALSE)&" / "&VLOOKUP($C24,Kalkulation_Platten!$C$6:$F$611,4,FALSE) -> 360 / 1080 | M24: =IFERROR(ROUND(E24*(1+$R$2),0),"-") -> 87 | N24: =IFERROR(ROUND(F24*(1+$R$2),0),"-") -> 307 | O24: =IFERROR(ROUND(G24*(1+$R$2),0),"-") -> 255 | P24: =IFERROR(ROUND(H24*(1+$R$2),0),"-") -> 276 | T24: =IFERROR(F24-E24,"") -> 191 | U24: =IFERROR(G24-F24,"") -> -45 | V24: =IFERROR(H24-G24,"") -> 18
B25: Seite | C25: 3104 | D25: =VLOOKUP($C25,Kalkulation_Platten!$C$6:$F$611,3,FALSE)&" / "&VLOOKUP($C25,Kalkulation_Platten!$C$6:$F$611,4,FALSE) -> 360 / 1440 | E25: =INDEX(Kalkulation_Platten!$C$3:$AM$1001,MATCH($C25,Kalkulation_Platten!$C$3:$C$1001,0),MATCH(E$3,Kalkulation_Platten!$C$3:$AM$3,0)) -> 100 | F25: =INDEX(Kalkulation_Platten!$C$3:$AM$1001,MATCH($C25,Kalkulation_Platten!$C$3:$C$1001,0),MATCH(F$3,Kalkulation_Platten!$C$3:$AM$3,0)) -> 336 | G25: =INDEX(Kalkulation_Platten!$C$3:$AM$1001,MATCH($C25,Kalkulation_Platten!$C$3:$C$1001,0),MATCH(G$3,Kalkulation_Platten!$C$3:$AM$3,0)) -> 281 | H25: =INDEX(Kalkulation_Platten!$C$3:$AM$1001,MATCH($C25,Kalkulation_Platten!$C$3:$C$1001,0),MATCH(H$3,Kalkulation_Platten!$C$3:$AM$3,0)) -> 529 | J25: Seite | K25: 3104 | L25: =VLOOKUP($C25,Kalkulation_Platten!$C$6:$F$611,3,FALSE)&" / "&VLOOKUP($C25,Kalkulation_Platten!$C$6:$F$611,4,FALSE) -> 360 / 1440 | M25: =IFERROR(ROUND(E25*(1+$R$2),0),"-") -> 115 | N25: =IFERROR(ROUND(F25*(1+$R$2),0),"-") -> 386 | O25: =IFERROR(ROUND(G25*(1+$R$2),0),"-") -> 323 | P25: =IFERROR(ROUND(H25*(1+$R$2),0),"-") -> 608 | T25: =IFERROR(F25-E25,"") -> 236 | U25: =IFERROR(G25-F25,"") -> -55 | V25: =IFERROR(H25-G25,"") -> 248
B26: Seite | C26: 3105 | D26: =VLOOKUP($C26,Kalkulation_Platten!$C$6:$F$611,3,FALSE)&" / "&VLOOKUP($C26,Kalkulation_Platten!$C$6:$F$611,4,FALSE) -> 360 / 1800 | E26: =INDEX(Kalkulation_Platten!$C$3:$AM$1001,MATCH($C26,Kalkulation_Platten!$C$3:$C$1001,0),MATCH(E$3,Kalkulation_Platten!$C$3:$AM$3,0)) -> 125 | F26: =INDEX(Kalkulation_Platten!$C$3:$AM$1001,MATCH($C26,Kalkulation_Platten!$C$3:$C$1001,0),MATCH(F$3,Kalkulation_Platten!$C$3:$AM$3,0)) -> 246 | G26: =INDEX(Kalkulation_Platten!$C$3:$AM$1001,MATCH($C26,Kalkulation_Platten!$C$3:$C$1001,0),MATCH(G$3,Kalkulation_Platten!$C$3:$AM$3,0)) -> 343 | H26: =INDEX(Kalkulation_Platten!$C$3:$AM$1001,MATCH($C26,Kalkulation_Platten!$C$3:$C$1001,0),MATCH(H$3,Kalkulation_Platten!$C$3:$AM$3,0)) -> 645 | J26: Seite | K26: 3105 | L26: =VLOOKUP($C26,Kalkulation_Platten!$C$6:$F$611,3,FALSE)&" / "&VLOOKUP($C26,Kalkulation_Platten!$C$6:$F$611,4,FALSE) -> 360 / 1800 | M26: =IFERROR(ROUND(E26*(1+$R$2),0),"-") -> 144 | N26: =IFERROR(ROUND(F26*(1+$R$2),0),"-") -> 283 | O26: =IFERROR(ROUND(G26*(1+$R$2),0),"-") -> 394 | P26: =IFERROR(ROUND(H26*(1+$R$2),0),"-") -> 742 | T26: =IFERROR(F26-E26,"") -> 121 | U26: =IFERROR(G26-F26,"") -> 97 | V26: =IFERROR(H26-G26,"") -> 302
B27: Seite | C27: 3106 | D27: =VLOOKUP($C27,Kalkulation_Platten!$C$6:$F$611,3,FALSE)&" / "&VLOOKUP($C27,Kalkulation_Platten!$C$6:$F$611,4,FALSE) -> 580 / 180 | E27: =INDEX(Kalkulation_Platten!$C$3:$AM$1001,MATCH($C27,Kalkulation_Platten!$C$3:$C$1001,0),MATCH(E$3,Kalkulation_Platten!$C$3:$AM$3,0)) -> 43 | F27: =INDEX(Kalkulation_Platten!$C$3:$AM$1001,MATCH($C27,Kalkulation_Platten!$C$3:$C$1001,0),MATCH(F$3,Kalkulation_Platten!$C$3:$AM$3,0)) -> 161 | G27: =INDEX(Kalkulation_Platten!$C$3:$AM$1001,MATCH($C27,Kalkulation_Platten!$C$3:$C$1001,0),MATCH(G$3,Kalkulation_Platten!$C$3:$AM$3,0)) -> 130 | H27: =INDEX(Kalkulation_Platten!$C$3:$AM$1001,MATCH($C27,Kalkulation_Platten!$C$3:$C$1001,0),MATCH(H$3,Kalkulation_Platten!$C$3:$AM$3,0)) -> 208 | J27: Seite | K27: 3106 | L27: =VLOOKUP($C27,Kalkulation_Platten!$C$6:$F$611,3,FALSE)&" / "&VLOOKUP($C27,Kalkulation_Platten!$C$6:$F$611,4,FALSE) -> 580 / 180 | M27: =IFERROR(ROUND(E27*(1+$R$2),0),"-") -> 49 | N27: =IFERROR(ROUND(F27*(1+$R$2),0),"-") -> 185 | O27: =IFERROR(ROUND(G27*(1+$R$2),0),"-") -> 150 | P27: =IFERROR(ROUND(H27*(1+$R$2),0),"-") -> 239 | T27: =IFERROR(F27-E27,"") -> 118 | U27: =IFERROR(G27-F27,"") -> -31 | V27: =IFERROR(H27-G27,"") -> 78
B28: Seite | C28: 3107 | D28: =VLOOKUP($C28,Kalkulation_Platten!$C$6:$F$611,3,FALSE)&" / "&VLOOKUP($C28,Kalkulation_Platten!$C$6:$F$611,4,FALSE) -> 580 / 360 | E28: =INDEX(Kalkulation_Platten!$C$3:$AM$1001,MATCH($C28,Kalkulation_Platten!$C$3:$C$1001,0),MATCH(E$3,Kalkulation_Platten!$C$3:$AM$3,0)) -> 43 | F28: =INDEX(Kalkulation_Platten!$C$3:$AM$1001,MATCH($C28,Kalkulation_Platten!$C$3:$C$1001,0),MATCH(F$3,Kalkulation_Platten!$C$3:$AM$3,0)) -> 161 | G28: =INDEX(Kalkulation_Platten!$C$3:$AM$1001,MATCH($C28,Kalkulation_Platten!$C$3:$C$1001,0),MATCH(G$3,Kalkulation_Platten!$C$3:$AM$3,0)) -> 130 | H28: =INDEX(Kalkulation_Platten!$C$3:$AM$1001,MATCH($C28,Kalkulation_Platten!$C$3:$C$1001,0),MATCH(H$3,Kalkulation_Platten!$C$3:$AM$3,0)) -> 185 | J28: Seite | K28: 3107 | L28: =VLOOKUP($C28,Kalkulation_Platten!$C$6:$F$611,3,FALSE)&" / "&VLOOKUP($C28,Kalkulation_Platten!$C$6:$F$611,4,FALSE) -> 580 / 360 | M28: =IFERROR(ROUND(E28*(1+$R$2),0),"-") -> 49 | N28: =IFERROR(ROUND(F28*(1+$R$2),0),"-") -> 185 | O28: =IFERROR(ROUND(G28*(1+$R$2),0),"-") -> 150 | P28: =IFERROR(ROUND(H28*(1+$R$2),0),"-") -> 213 | T28: =IFERROR(F28-E28,"") -> 118 | U28: =IFERROR(G28-F28,"") -> -31 | V28: =IFERROR(H28-G28,"") -> 55
B29: Seite | C29: 3108 | D29: =VLOOKUP($C29,Kalkulation_Platten!$C$6:$F$611,3,FALSE)&" / "&VLOOKUP($C29,Kalkulation_Platten!$C$6:$F$611,4,FALSE) -> 580 / 720 | E29: =INDEX(Kalkulation_Platten!$C$3:$AM$1001,MATCH($C29,Kalkulation_Platten!$C$3:$C$1001,0),MATCH(E$3,Kalkulation_Platten!$C$3:$AM$3,0)) -> 82 | F29: =INDEX(Kalkulation_Platten!$C$3:$AM$1001,MATCH($C29,Kalkulation_Platten!$C$3:$C$1001,0),MATCH(F$3,Kalkulation_Platten!$C$3:$AM$3,0)) -> 262 | G29: =INDEX(Kalkulation_Platten!$C$3:$AM$1001,MATCH($C29,Kalkulation_Platten!$C$3:$C$1001,0),MATCH(G$3,Kalkulation_Platten!$C$3:$AM$3,0)) -> 216 | H29: =INDEX(Kalkulation_Platten!$C$3:$AM$1001,MATCH($C29,Kalkulation_Platten!$C$3:$C$1001,0),MATCH(H$3,Kalkulation_Platten!$C$3:$AM$3,0)) -> 245 | J29: Seite | K29: 3108 | L29: =VLOOKUP($C29,Kalkulation_Platten!$C$6:$F$611,3,FALSE)&" / "&VLOOKUP($C29,Kalkulation_Platten!$C$6:$F$611,4,FALSE) -> 580 / 720 | M29: =IFERROR(ROUND(E29*(1+$R$2),0),"-") -> 94 | N29: =IFERROR(ROUND(F29*(1+$R$2),0),"-") -> 301 | O29: =IFERROR(ROUND(G29*(1+$R$2),0),"-") -> 248 | P29: =IFERROR(ROUND(H29*(1+$R$2),0),"-") -> 282 | T29: =IFERROR(F29-E29,"") -> 180 | U29: =IFERROR(G29-F29,"") -> -46 | V29: =IFERROR(H29-G29,"") -> 29
B30: Seite | C30: 3109 | D30: =VLOOKUP($C30,Kalkulation_Platten!$C$6:$F$611,3,FALSE)&" / "&VLOOKUP($C30,Kalkulation_Platten!$C$6:$F$611,4,FALSE) -> 580 / 1080 | E30: =INDEX(Kalkulation_Platten!$C$3:$AM$1001,MATCH($C30,Kalkulation_Platten!$C$3:$C$1001,0),MATCH(E$3,Kalkulation_Platten!$C$3:$AM$3,0)) -> 119 | F30: =INDEX(Kalkulation_Platten!$C$3:$AM$1001,MATCH($C30,Kalkulation_Platten!$C$3:$C$1001,0),MATCH(F$3,Kalkulation_Platten!$C$3:$AM$3,0)) -> 377 | G30: =INDEX(Kalkulation_Platten!$C$3:$AM$1001,MATCH($C30,Kalkulation_Platten!$C$3:$C$1001,0),MATCH(G$3,Kalkulation_Platten!$C$3:$AM$3,0)) -> 300 | H30: =INDEX(Kalkulation_Platten!$C$3:$AM$1001,MATCH($C30,Kalkulation_Platten!$C$3:$C$1001,0),MATCH(H$3,Kalkulation_Platten!$C$3:$AM$3,0)) -> 307 | J30: Seite | K30: 3109 | L30: =VLOOKUP($C30,Kalkulation_Platten!$C$6:$F$611,3,FALSE)&" / "&VLOOKUP($C30,Kalkulation_Platten!$C$6:$F$611,4,FALSE) -> 580 / 1080 | M30: =IFERROR(ROUND(E30*(1+$R$2),0),"-") -> 137 | N30: =IFERROR(ROUND(F30*(1+$R$2),0),"-") -> 434 | O30: =IFERROR(ROUND(G30*(1+$R$2),0),"-") -> 345 | P30: =IFERROR(ROUND(H30*(1+$R$2),0),"-") -> 353 | T30: =IFERROR(F30-E30,"") -> 258 | U30: =IFERROR(G30-F30,"") -> -77 | V30: =IFERROR(H30-G30,"") -> 7
B31: Seite | C31: 3110 | D31: =VLOOKUP($C31,Kalkulation_Platten!$C$6:$F$611,3,FALSE)&" / "&VLOOKUP($C31,Kalkulation_Platten!$C$6:$F$611,4,FALSE) -> 580 / 1440 | E31: =INDEX(Kalkulation_Platten!$C$3:$AM$1001,MATCH($C31,Kalkulation_Platten!$C$3:$C$1001,0),MATCH(E$3,Kalkulation_Platten!$C$3:$AM$3,0)) -> 158 | F31: =INDEX(Kalkulation_Platten!$C$3:$AM$1001,MATCH($C31,Kalkulation_Platten!$C$3:$C$1001,0),MATCH(F$3,Kalkulation_Platten!$C$3:$AM$3,0)) -> 484 | G31: =INDEX(Kalkulation_Platten!$C$3:$AM$1001,MATCH($C31,Kalkulation_Platten!$C$3:$C$1001,0),MATCH(G$3,Kalkulation_Platten!$C$3:$AM$3,0)) -> 400 | H31: =INDEX(Kalkulation_Platten!$C$3:$AM$1001,MATCH($C31,Kalkulation_Platten!$C$3:$C$1001,0),MATCH(H$3,Kalkulation_Platten!$C$3:$AM$3,0)) -> 752 | J31: Seite | K31: 3110 | L31: =VLOOKUP($C31,Kalkulation_Platten!$C$6:$F$611,3,FALSE)&" / "&VLOOKUP($C31,Kalkulation_Platten!$C$6:$F$611,4,FALSE) -> 580 / 1440 | M31: =IFERROR(ROUND(E31*(1+$R$2),0),"-") -> 182 | N31: =IFERROR(ROUND(F31*(1+$R$2),0),"-") -> 557 | O31: =IFERROR(ROUND(G31*(1+$R$2),0),"-") -> 460 | P31: =IFERROR(ROUND(H31*(1+$R$2),0),"-") -> 865 | T31: =IFERROR(F31-E31,"") -> 326 | U31: =IFERROR(G31-F31,"") -> -84 | V31: =IFERROR(H31-G31,"") -> 352
B32: Seite | C32: 3111 | D32: =VLOOKUP($C32,Kalkulation_Platten!$C$6:$F$611,3,FALSE)&" / "&VLOOKUP($C32,Kalkulation_Platten!$C$6:$F$611,4,FALSE) -> 580 / 1800 | E32: =INDEX(Kalkulation_Platten!$C$3:$AM$1001,MATCH($C32,Kalkulation_Platten!$C$3:$C$1001,0),MATCH(E$3,Kalkulation_Platten!$C$3:$AM$3,0)) -> 197 | F32: =INDEX(Kalkulation_Platten!$C$3:$AM$1001,MATCH($C32,Kalkulation_Platten!$C$3:$C$1001,0),MATCH(F$3,Kalkulation_Platten!$C$3:$AM$3,0)) -> 388 | G32: =INDEX(Kalkulation_Platten!$C$3:$AM$1001,MATCH($C32,Kalkulation_Platten!$C$3:$C$1001,0),MATCH(G$3,Kalkulation_Platten!$C$3:$AM$3,0)) -> 467 | H32: =INDEX(Kalkulation_Platten!$C$3:$AM$1001,MATCH($C32,Kalkulation_Platten!$C$3:$C$1001,0),MATCH(H$3,Kalkulation_Platten!$C$3:$AM$3,0)) -> 879 | J32: Seite | K32: 3111 | L32: =VLOOKUP($C32,Kalkulation_Platten!$C$6:$F$611,3,FALSE)&" / "&VLOOKUP($C32,Kalkulation_Platten!$C$6:$F$611,4,FALSE) -> 580 / 1800 | M32: =IFERROR(ROUND(E32*(1+$R$2),0),"-") -> 227 | N32: =IFERROR(ROUND(F32*(1+$R$2),0),"-") -> 446 | O32: =IFERROR(ROUND(G32*(1+$R$2),0),"-") -> 537 | P32: =IFERROR(ROUND(H32*(1+$R$2),0),"-") -> 1011 | T32: =IFERROR(F32-E32,"") -> 191 | U32: =IFERROR(G32-F32,"") -> 79 | V32: =IFERROR(H32-G32,"") -> 412
... B45: Seite | C45: 3124 | D45: =VLOOKUP($C45,Kalkulation_Platten!$C$6:$F$611,3,FALSE)&" / "&VLOOKUP($C45,Kalkulation_Platten!$C$6:$F$611,4,FALSE) -> 580 / 580 | E45: =INDEX(Kalkulation_Platten!$C$3:$AM$1001,MATCH($C45,Kalkulation_Platten!$C$3:$C$1001,0),MATCH(E$3,Kalkulation_Platten!$C$3:$AM$3,0)) -> 67 | F45: =INDEX(Kalkulation_Platten!$C$3:$AM$1001,MATCH($C45,Kalkulation_Platten!$C$3:$C$1001,0),MATCH(F$3,Kalkulation_Platten!$C$3:$AM$3,0)) -> 228 | G45: =INDEX(Kalkulation_Platten!$C$3:$AM$1001,MATCH($C45,Kalkulation_Platten!$C$3:$C$1001,0),MATCH(G$3,Kalkulation_Platten!$C$3:$AM$3,0)) -> 183 | H45: =INDEX(Kalkulation_Platten!$C$3:$AM$1001,MATCH($C45,Kalkulation_Platten!$C$3:$C$1001,0),MATCH(H$3,Kalkulation_Platten!$C$3:$AM$3,0)) -> 191 | J45: Seite | K45: 3124 | L45: =VLOOKUP($C45,Kalkulation_Platten!$C$6:$F$611,3,FALSE)&" / "&VLOOKUP($C45,Kalkulation_Platten!$C$6:$F$611,4,FALSE) -> 580 / 580 | M45: =IFERROR(ROUND(E45*(1+$R$2),0),"-") -> 77 | N45: =IFERROR(ROUND(F45*(1+$R$2),0),"-") -> 262 | O45: =IFERROR(ROUND(G45*(1+$R$2),0),"-") -> 210 | P45: =IFERROR(ROUND(H45*(1+$R$2),0),"-") -> 220 | T45: =IFERROR(F45-E45,"") -> 161 | U45: =IFERROR(G45-F45,"") -> -45 | V45: =IFERROR(H45-G45,"") -> 8
T46: =IFERROR(F46-E46,"") -> 0 | U46: =IFERROR(G46-F46,"") -> 0 | V46: =IFERROR(H46-G46,"") -> 0
B47: Panel | C47: Art. Nr. | D47: Breite / Tiefe | E47: PG1 | F47: PG2 | G47: PG3 | H47: PG4 | J47: Panel | K47: Art. Nr. | L47: Breite / Tiefe | M47: PG1 | N47: PG2 | O47: PG3 | P47: PG4 | T47: =IFERROR(F47-E47,"") | U47: =IFERROR(G47-F47,"") | V47: =IFERROR(H47-G47,"")
B48: Rücken | C48: 3302 | D48: =VLOOKUP($C48,Kalkulation_Platten!$C$6:$F$611,3,FALSE)&" / "&VLOOKUP($C48,Kalkulation_Platten!$C$6:$F$611,4,FALSE) -> 580 / 180 | E48: =INDEX(Kalkulation_Platten!$C$3:$AM$1001,MATCH($C48,Kalkulation_Platten!$C$3:$C$1001,0),MATCH(E$3,Kalkulation_Platten!$C$3:$AM$3,0)) -> 43 | F48: =INDEX(Kalkulation_Platten!$C$3:$AM$1001,MATCH($C48,Kalkulation_Platten!$C$3:$C$1001,0),MATCH(F$3,Kalkulation_Platten!$C$3:$AM$3,0)) -> 161 | G48: =INDEX(Kalkulation_Platten!$C$3:$AM$1001,MATCH($C48,Kalkulation_Platten!$C$3:$C$1001,0),MATCH(G$3,Kalkulation_Platten!$C$3:$AM$3,0)) -> 130 | H48: =INDEX(Kalkulation_Platten!$C$3:$AM$1001,MATCH($C48,Kalkulation_Platten!$C$3:$C$1001,0),MATCH(H$3,Kalkulation_Platten!$C$3:$AM$3,0)) -> 208 | J48: Rück. | K48: 3302 | L48: =VLOOKUP($C48,Kalkulation_Platten!$C$6:$F$611,3,FALSE)&" / "&VLOOKUP($C48,Kalkulation_Platten!$C$6:$F$611,4,FALSE) -> 580 / 180 | M48: =IFERROR(ROUND(E48*(1+$R$2),0),"-") -> 49 | N48: =IFERROR(ROUND(F48*(1+$R$2),0),"-") -> 185 | O48: =IFERROR(ROUND(G48*(1+$R$2),0),"-") -> 150 | P48: =IFERROR(ROUND(H48*(1+$R$2),0),"-") -> 239 | T48: =IFERROR(F48-E48,"") -> 118 | U48: =IFERROR(G48-F48,"") -> -31 | V48: =IFERROR(H48-G48,"") -> 78
B49: Rücken | C49: 3303 | D49: =VLOOKUP($C49,Kalkulation_Platten!$C$6:$F$611,3,FALSE)&" / "&VLOOKUP($C49,Kalkulation_Platten!$C$6:$F$611,4,FALSE) -> 780 / 180 | E49: =INDEX(Kalkulation_Platten!$C$3:$AM$1001,MATCH($C49,Kalkulation_Platten!$C$3:$C$1001,0),MATCH(E$3,Kalkulation_Platten!$C$3:$AM$3,0)) -> 56 | F49: =INDEX(Kalkulation_Platten!$C$3:$AM$1001,MATCH($C49,Kalkulation_Platten!$C$3:$C$1001,0),MATCH(F$3,Kalkulation_Platten!$C$3:$AM$3,0)) -> 185 | G49: =INDEX(Kalkulation_Platten!$C$3:$AM$1001,MATCH($C49,Kalkulation_Platten!$C$3:$C$1001,0),MATCH(G$3,Kalkulation_Platten!$C$3:$AM$3,0)) -> 144 | H49: =INDEX(Kalkulation_Platten!$C$3:$AM$1001,MATCH($C49,Kalkulation_Platten!$C$3:$C$1001,0),MATCH(H$3,Kalkulation_Platten!$C$3:$AM$3,0)) -> 212 | J49: Rück. | K49: 3303 | L49: =VLOOKUP($C49,Kalkulation_Platten!$C$6:$F$611,3,FALSE)&" / "&VLOOKUP($C49,Kalkulation_Platten!$C$6:$F$611,4,FALSE) -> 780 / 180 | M49: =IFERROR(ROUND(E49*(1+$R$2),0),"-") -> 64 | N49: =IFERROR(ROUND(F49*(1+$R$2),0),"-") -> 213 | O49: =IFERROR(ROUND(G49*(1+$R$2),0),"-") -> 166 | P49: =IFERROR(ROUND(H49*(1+$R$2),0),"-") -> 244 | T49: =IFERROR(F49-E49,"") -> 129 | U49: =IFERROR(G49-F49,"") -> -41 | V49: =IFERROR(H49-G49,"") -> 68
B50: Rücken | C50: 3304 | D50: =VLOOKUP($C50,Kalkulation_Platten!$C$6:$F$611,3,FALSE)&" / "&VLOOKUP($C50,Kalkulation_Platten!$C$6:$F$611,4,FALSE) -> 980 / 180 | E50: =INDEX(Kalkulation_Platten!$C$3:$AM$1001,MATCH($C50,Kalkulation_Platten!$C$3:$C$1001,0),MATCH(E$3,Kalkulation_Platten!$C$3:$AM$3,0)) -> 70 | F50: =INDEX(Kalkulation_Platten!$C$3:$AM$1001,MATCH($C50,Kalkulation_Platten!$C$3:$C$1001,0),MATCH(F$3,Kalkulation_Platten!$C$3:$AM$3,0)) -> 223 | G50: =INDEX(Kalkulation_Platten!$C$3:$AM$1001,MATCH($C50,Kalkulation_Platten!$C$3:$C$1001,0),MATCH(G$3,Kalkulation_Platten!$C$3:$AM$3,0)) -> 174 | H50: =INDEX(Kalkulation_Platten!$C$3:$AM$1001,MATCH($C50,Kalkulation_Platten!$C$3:$C$1001,0),MATCH(H$3,Kalkulation_Platten!$C$3:$AM$3,0)) -> 229 | J50: Rück. | K50: 3304 | L50: =VLOOKUP($C50,Kalkulation_Platten!$C$6:$F$611,3,FALSE)&" / "&VLOOKUP($C50,Kalkulation_Platten!$C$6:$F$611,4,FALSE) -> 980 / 180 | M50: =IFERROR(ROUND(E50*(1+$R$2),0),"-") -> 81 | N50: =IFERROR(ROUND(F50*(1+$R$2),0),"-") -> 256 | O50: =IFERROR(ROUND(G50*(1+$R$2),0),"-") -> 200 | P50: =IFERROR(ROUND(H50*(1+$R$2),0),"-") -> 263 | T50: =IFERROR(F50-E50,"") -> 153 | U50: =IFERROR(G50-F50,"") -> -49 | V50: =IFERROR(H50-G50,"") -> 55
B51: Rücken | C51: 3305 | D51: =VLOOKUP($C51,Kalkulation_Platten!$C$6:$F$611,3,FALSE)&" / "&VLOOKUP($C51,Kalkulation_Platten!$C$6:$F$611,4,FALSE) -> 360 / 360 | E51: =INDEX(Kalkulation_Platten!$C$3:$AM$1001,MATCH($C51,Kalkulation_Platten!$C$3:$C$1001,0),MATCH(E$3,Kalkulation_Platten!$C$3:$AM$3,0)) -> 34 | F51: =INDEX(Kalkulation_Platten!$C$3:$AM$1001,MATCH($C51,Kalkulation_Platten!$C$3:$C$1001,0),MATCH(F$3,Kalkulation_Platten!$C$3:$AM$3,0)) -> 114 | G51: =INDEX(Kalkulation_Platten!$C$3:$AM$1001,MATCH($C51,Kalkulation_Platten!$C$3:$C$1001,0),MATCH(G$3,Kalkulation_Platten!$C$3:$AM$3,0)) -> 89 | H51: =INDEX(Kalkulation_Platten!$C$3:$AM$1001,MATCH($C51,Kalkulation_Platten!$C$3:$C$1001,0),MATCH(H$3,Kalkulation_Platten!$C$3:$AM$3,0)) -> 177 | J51: Rück. | K51: 3305 | L51: =VLOOKUP($C51,Kalkulation_Platten!$C$6:$F$611,3,FALSE)&" / "&VLOOKUP($C51,Kalkulation_Platten!$C$6:$F$611,4,FALSE) -> 360 / 360 | M51: =IFERROR(ROUND(E51*(1+$R$2),0),"-") -> 39 | N51: =IFERROR(ROUND(F51*(1+$R$2),0),"-") -> 131 | O51: =IFERROR(ROUND(G51*(1+$R$2),0),"-") -> 102 | P51: =IFERROR(ROUND(H51*(1+$R$2),0),"-") -> 204 | T51: =IFERROR(F51-E51,"") -> 80 | U51: =IFERROR(G51-F51,"") -> -25 | V51: =IFERROR(H51-G51,"") -> 88
B52: Rücken | C52: 3306 | D52: =VLOOKUP($C52,Kalkulation_Platten!$C$6:$F$611,3,FALSE)&" / "&VLOOKUP($C52,Kalkulation_Platten!$C$6:$F$611,4,FALSE) -> 420 / 360 | E52: =INDEX(Kalkulation_Platten!$C$3:$AM$1001,MATCH($C52,Kalkulation_Platten!$C$3:$C$1001,0),MATCH(E$3,Kalkulation_Platten!$C$3:$AM$3,0)) -> 34 | F52: =INDEX(Kalkulation_Platten!$C$3:$AM$1001,MATCH($C52,Kalkulation_Platten!$C$3:$C$1001,0),MATCH(F$3,Kalkulation_Platten!$C$3:$AM$3,0)) -> 121 | G52: =INDEX(Kalkulation_Platten!$C$3:$AM$1001,MATCH($C52,Kalkulation_Platten!$C$3:$C$1001,0),MATCH(G$3,Kalkulation_Platten!$C$3:$AM$3,0)) -> 92 | H52: =INDEX(Kalkulation_Platten!$C$3:$AM$1001,MATCH($C52,Kalkulation_Platten!$C$3:$C$1001,0),MATCH(H$3,Kalkulation_Platten!$C$3:$AM$3,0)) -> 178 | J52: Rück. | K52: 3306 | L52: =VLOOKUP($C52,Kalkulation_Platten!$C$6:$F$611,3,FALSE)&" / "&VLOOKUP($C52,Kalkulation_Platten!$C$6:$F$611,4,FALSE) -> 420 / 360 | M52: =IFERROR(ROUND(E52*(1+$R$2),0),"-") -> 39 | N52: =IFERROR(ROUND(F52*(1+$R$2),0),"-") -> 139 | O52: =IFERROR(ROUND(G52*(1+$R$2),0),"-") -> 106 | P52: =IFERROR(ROUND(H52*(1+$R$2),0),"-") -> 205 | T52: =IFERROR(F52-E52,"") -> 87 | U52: =IFERROR(G52-F52,"") -> -29 | V52: =IFERROR(H52-G52,"") -> 86
B53: Rücken | C53: 3307 | D53: =VLOOKUP($C53,Kalkulation_Platten!$C$6:$F$611,3,FALSE)&" / "&VLOOKUP($C53,Kalkulation_Platten!$C$6:$F$611,4,FALSE) -> 580 / 360 | E53: =INDEX(Kalkulation_Platten!$C$3:$AM$1001,MATCH($C53,Kalkulation_Platten!$C$3:$C$1001,0),MATCH(E$3,Kalkulation_Platten!$C$3:$AM$3,0)) -> 43 | F53: =INDEX(Kalkulation_Platten!$C$3:$AM$1001,MATCH($C53,Kalkulation_Platten!$C$3:$C$1001,0),MATCH(F$3,Kalkulation_Platten!$C$3:$AM$3,0)) -> 161 | G53: =INDEX(Kalkulation_Platten!$C$3:$AM$1001,MATCH($C53,Kalkulation_Platten!$C$3:$C$1001,0),MATCH(G$3,Kalkulation_Platten!$C$3:$AM$3,0)) -> 130 | H53: =INDEX(Kalkulation_Platten!$C$3:$AM$1001,MATCH($C53,Kalkulation_Platten!$C$3:$C$1001,0),MATCH(H$3,Kalkulation_Platten!$C$3:$AM$3,0)) -> 185 | J53: Rück. | K53: 3307 | L53: =VLOOKUP($C53,Kalkulation_Platten!$C$6:$F$611,3,FALSE)&" / "&VLOOKUP($C53,Kalkulation_Platten!$C$6:$F$611,4,FALSE) -> 580 / 360 | M53: =IFERROR(ROUND(E53*(1+$R$2),0),"-") -> 49 | N53: =IFERROR(ROUND(F53*(1+$R$2),0),"-") -> 185 | O53: =IFERROR(ROUND(G53*(1+$R$2),0),"-") -> 150 | P53: =IFERROR(ROUND(H53*(1+$R$2),0),"-") -> 213 | T53: =IFERROR(F53-E53,"") -> 118 | U53: =IFERROR(G53-F53,"") -> -31 | V53: =IFERROR(H53-G53,"") -> 55
B54: Rücken | C54: 3308 | D54: =VLOOKUP($C54,Kalkulation_Platten!$C$6:$F$611,3,FALSE)&" / "&VLOOKUP($C54,Kalkulation_Platten!$C$6:$F$611,4,FALSE) -> 780 / 360 | E54: =INDEX(Kalkulation_Platten!$C$3:$AM$1001,MATCH($C54,Kalkulation_Platten!$C$3:$C$1001,0),MATCH(E$3,Kalkulation_Platten!$C$3:$AM$3,0)) -> 56 | F54: =INDEX(Kalkulation_Platten!$C$3:$AM$1001,MATCH($C54,Kalkulation_Platten!$C$3:$C$1001,0),MATCH(F$3,Kalkulation_Platten!$C$3:$AM$3,0)) -> 185 | G54: =INDEX(Kalkulation_Platten!$C$3:$AM$1001,MATCH($C54,Kalkulation_Platten!$C$3:$C$1001,0),MATCH(G$3,Kalkulation_Platten!$C$3:$AM$3,0)) -> 144 | H54: =INDEX(Kalkulation_Platten!$C$3:$AM$1001,MATCH($C54,Kalkulation_Platten!$C$3:$C$1001,0),MATCH(H$3,Kalkulation_Platten!$C$3:$AM$3,0)) -> 190 | J54: Rück. | K54: 3308 | L54: =VLOOKUP($C54,Kalkulation_Platten!$C$6:$F$611,3,FALSE)&" / "&VLOOKUP($C54,Kalkulation_Platten!$C$6:$F$611,4,FALSE) -> 780 / 360 | M54: =IFERROR(ROUND(E54*(1+$R$2),0),"-") -> 64 | N54: =IFERROR(ROUND(F54*(1+$R$2),0),"-") -> 213 | O54: =IFERROR(ROUND(G54*(1+$R$2),0),"-") -> 166 | P54: =IFERROR(ROUND(H54*(1+$R$2),0),"-") -> 219 | T54: =IFERROR(F54-E54,"") -> 129 | U54: =IFERROR(G54-F54,"") -> -41 | V54: =IFERROR(H54-G54,"") -> 46
B55: Rücken | C55: 3309 | D55: =VLOOKUP($C55,Kalkulation_Platten!$C$6:$F$611,3,FALSE)&" / "&VLOOKUP($C55,Kalkulation_Platten!$C$6:$F$611,4,FALSE) -> 980 / 360 | E55: =INDEX(Kalkulation_Platten!$C$3:$AM$1001,MATCH($C55,Kalkulation_Platten!$C$3:$C$1001,0),MATCH(E$3,Kalkulation_Platten!$C$3:$AM$3,0)) -> 70 | F55: =INDEX(Kalkulation_Platten!$C$3:$AM$1001,MATCH($C55,Kalkulation_Platten!$C$3:$C$1001,0),MATCH(F$3,Kalkulation_Platten!$C$3:$AM$3,0)) -> 223 | G55: =INDEX(Kalkulation_Platten!$C$3:$AM$1001,MATCH($C55,Kalkulation_Platten!$C$3:$C$1001,0),MATCH(G$3,Kalkulation_Platten!$C$3:$AM$3,0)) -> 174 | H55: =INDEX(Kalkulation_Platten!$C$3:$AM$1001,MATCH($C55,Kalkulation_Platten!$C$3:$C$1001,0),MATCH(H$3,Kalkulation_Platten!$C$3:$AM$3,0)) -> 209 | J55: Rück. | K55: 3309 | L55: =VLOOKUP($C55,Kalkulation_Platten!$C$6:$F$611,3,FALSE)&" / "&VLOOKUP($C55,Kalkulation_Platten!$C$6:$F$611,4,FALSE) -> 980 / 360 | M55: =IFERROR(ROUND(E55*(1+$R$2),0),"-") -> 81 | N55: =IFERROR(ROUND(F55*(1+$R$2),0),"-") -> 256 | O55: =IFERROR(ROUND(G55*(1+$R$2),0),"-") -> 200 | P55: =IFERROR(ROUND(H55*(1+$R$2),0),"-") -> 240 | T55: =IFERROR(F55-E55,"") -> 153 | U55: =IFERROR(G55-F55,"") -> -49 | V55: =IFERROR(H55-G55,"") -> 35
B56: Rücken | C56: 3310 | D56: =VLOOKUP($C56,Kalkulation_Platten!$C$6:$F$611,3,FALSE)&" / "&VLOOKUP($C56,Kalkulation_Platten!$C$6:$F$611,4,FALSE) -> 360 / 720 | E56: =INDEX(Kalkulation_Platten!$C$3:$AM$1001,MATCH($C56,Kalkulation_Platten!$C$3:$C$1001,0),MATCH(E$3,Kalkulation_Platten!$C$3:$AM$3,0)) -> 52 | F56: =INDEX(Kalkulation_Platten!$C$3:$AM$1001,MATCH($C56,Kalkulation_Platten!$C$3:$C$1001,0),MATCH(F$3,Kalkulation_Platten!$C$3:$AM$3,0)) -> 181 | G56: =INDEX(Kalkulation_Platten!$C$3:$AM$1001,MATCH($C56,Kalkulation_Platten!$C$3:$C$1001,0),MATCH(G$3,Kalkulation_Platten!$C$3:$AM$3,0)) -> 143 | H56: =INDEX(Kalkulation_Platten!$C$3:$AM$1001,MATCH($C56,Kalkulation_Platten!$C$3:$C$1001,0),MATCH(H$3,Kalkulation_Platten!$C$3:$AM$3,0)) -> 212 | J56: Rück. | K56: 3310 | L56: =VLOOKUP($C56,Kalkulation_Platten!$C$6:$F$611,3,FALSE)&" / "&VLOOKUP($C56,Kalkulation_Platten!$C$6:$F$611,4,FALSE) -> 360 / 720 | M56: =IFERROR(ROUND(E56*(1+$R$2),0),"-") -> 60 | N56: =IFERROR(ROUND(F56*(1+$R$2),0),"-") -> 208 | O56: =IFERROR(ROUND(G56*(1+$R$2),0),"-") -> 164 | P56: =IFERROR(ROUND(H56*(1+$R$2),0),"-") -> 244 | T56: =IFERROR(F56-E56,"") -> 129 | U56: =IFERROR(G56-F56,"") -> -38 | V56: =IFERROR(H56-G56,"") -> 69
B57: Rücken | C57: 3311 | D57: =VLOOKUP($C57,Kalkulation_Platten!$C$6:$F$611,3,FALSE)&" / "&VLOOKUP($C57,Kalkulation_Platten!$C$6:$F$611,4,FALSE) -> 420 / 720 | E57: =INDEX(Kalkulation_Platten!$C$3:$AM$1001,MATCH($C57,Kalkulation_Platten!$C$3:$C$1001,0),MATCH(E$3,Kalkulation_Platten!$C$3:$AM$3,0)) -> 60 | F57: =INDEX(Kalkulation_Platten!$C$3:$AM$1001,MATCH($C57,Kalkulation_Platten!$C$3:$C$1001,0),MATCH(F$3,Kalkulation_Platten!$C$3:$AM$3,0)) -> 212 | G57: =INDEX(Kalkulation_Platten!$C$3:$AM$1001,MATCH($C57,Kalkulation_Platten!$C$3:$C$1001,0),MATCH(G$3,Kalkulation_Platten!$C$3:$AM$3,0)) -> 166 | H57: =INDEX(Kalkulation_Platten!$C$3:$AM$1001,MATCH($C57,Kalkulation_Platten!$C$3:$C$1001,0),MATCH(H$3,Kalkulation_Platten!$C$3:$AM$3,0)) -> 212 | J57: Rück. | K57: 3311 | L57: =VLOOKUP($C57,Kalkulation_Platten!$C$6:$F$611,3,FALSE)&" / "&VLOOKUP($C57,Kalkulation_Platten!$C$6:$F$611,4,FALSE) -> 420 / 720 | M57: =IFERROR(ROUND(E57*(1+$R$2),0),"-") -> 69 | N57: =IFERROR(ROUND(F57*(1+$R$2),0),"-") -> 244 | O57: =IFERROR(ROUND(G57*(1+$R$2),0),"-") -> 191 | P57: =IFERROR(ROUND(H57*(1+$R$2),0),"-") -> 244 | T57: =IFERROR(F57-E57,"") -> 152 | U57: =IFERROR(G57-F57,"") -> -46 | V57: =IFERROR(H57-G57,"") -> 46
B58: Rücken | C58: 3312 | D58: =VLOOKUP($C58,Kalkulation_Platten!$C$6:$F$611,3,FALSE)&" / "&VLOOKUP($C58,Kalkulation_Platten!$C$6:$F$611,4,FALSE) -> 580 / 720 | E58: =INDEX(Kalkulation_Platten!$C$3:$AM$1001,MATCH($C58,Kalkulation_Platten!$C$3:$C$1001,0),MATCH(E$3,Kalkulation_Platten!$C$3:$AM$3,0)) -> 82 | F58: =INDEX(Kalkulation_Platten!$C$3:$AM$1001,MATCH($C58,Kalkulation_Platten!$C$3:$C$1001,0),MATCH(F$3,Kalkulation_Platten!$C$3:$AM$3,0)) -> 262 | G58: =INDEX(Kalkulation_Platten!$C$3:$AM$1001,MATCH($C58,Kalkulation_Platten!$C$3:$C$1001,0),MATCH(G$3,Kalkulation_Platten!$C$3:$AM$3,0)) -> 216 | H58: =INDEX(Kalkulation_Platten!$C$3:$AM$1001,MATCH($C58,Kalkulation_Platten!$C$3:$C$1001,0),MATCH(H$3,Kalkulation_Platten!$C$3:$AM$3,0)) -> 245 | J58: Rück. | K58: 3312 | L58: =VLOOKUP($C58,Kalkulation_Platten!$C$6:$F$611,3,FALSE)&" / "&VLOOKUP($C58,Kalkulation_Platten!$C$6:$F$611,4,FALSE) -> 580 / 720 | M58: =IFERROR(ROUND(E58*(1+$R$2),0),"-") -> 94 | N58: =IFERROR(ROUND(F58*(1+$R$2),0),"-") -> 301 | O58: =IFERROR(ROUND(G58*(1+$R$2),0),"-") -> 248 | P58: =IFERROR(ROUND(H58*(1+$R$2),0),"-") -> 282 | T58: =IFERROR(F58-E58,"") -> 180 | U58: =IFERROR(G58-F58,"") -> -46 | V58: =IFERROR(H58-G58,"") -> 29
B59: Rücken | C59: 3313 | D59: =VLOOKUP($C59,Kalkulation_Platten!$C$6:$F$611,3,FALSE)&" / "&VLOOKUP($C59,Kalkulation_Platten!$C$6:$F$611,4,FALSE) -> 780 / 720 | E59: =INDEX(Kalkulation_Platten!$C$3:$AM$1001,MATCH($C59,Kalkulation_Platten!$C$3:$C$1001,0),MATCH(E$3,Kalkulation_Platten!$C$3:$AM$3,0)) -> 107 | F59: =INDEX(Kalkulation_Platten!$C$3:$AM$1001,MATCH($C59,Kalkulation_Platten!$C$3:$C$1001,0),MATCH(F$3,Kalkulation_Platten!$C$3:$AM$3,0)) -> 355 | G59: =INDEX(Kalkulation_Platten!$C$3:$AM$1001,MATCH($C59,Kalkulation_Platten!$C$3:$C$1001,0),MATCH(G$3,Kalkulation_Platten!$C$3:$AM$3,0)) -> 277 | H59: =INDEX(Kalkulation_Platten!$C$3:$AM$1001,MATCH($C59,Kalkulation_Platten!$C$3:$C$1001,0),MATCH(H$3,Kalkulation_Platten!$C$3:$AM$3,0)) -> 268 | J59: Rück. | K59: 3313 | L59: =VLOOKUP($C59,Kalkulation_Platten!$C$6:$F$611,3,FALSE)&" / "&VLOOKUP($C59,Kalkulation_Platten!$C$6:$F$611,4,FALSE) -> 780 / 720 | M59: =IFERROR(ROUND(E59*(1+$R$2),0),"-") -> 123 | N59: =IFERROR(ROUND(F59*(1+$R$2),0),"-") -> 408 | O59: =IFERROR(ROUND(G59*(1+$R$2),0),"-") -> 319 | P59: =IFERROR(ROUND(H59*(1+$R$2),0),"-") -> 308 | T59: =IFERROR(F59-E59,"") -> 248 | U59: =IFERROR(G59-F59,"") -> -78 | V59: =IFERROR(H59-G59,"") -> -9
... B75: Rücken | C75: 3329 | D75: =VLOOKUP($C75,Kalkulation_Platten!$C$6:$F$611,3,FALSE)&" / "&VLOOKUP($C75,Kalkulation_Platten!$C$6:$F$611,4,FALSE) -> 980 / 1800 | E75: =INDEX(Kalkulation_Platten!$C$3:$AM$1001,MATCH($C75,Kalkulation_Platten!$C$3:$C$1001,0),MATCH(E$3,Kalkulation_Platten!$C$3:$AM$3,0)) -> 329 | F75: =INDEX(Kalkulation_Platten!$C$3:$AM$1001,MATCH($C75,Kalkulation_Platten!$C$3:$C$1001,0),MATCH(F$3,Kalkulation_Platten!$C$3:$AM$3,0)) -> 648 | G75: =INDEX(Kalkulation_Platten!$C$3:$AM$1001,MATCH($C75,Kalkulation_Platten!$C$3:$C$1001,0),MATCH(G$3,Kalkulation_Platten!$C$3:$AM$3,0)) -> 753 | H75: =INDEX(Kalkulation_Platten!$C$3:$AM$1001,MATCH($C75,Kalkulation_Platten!$C$3:$C$1001,0),MATCH(H$3,Kalkulation_Platten!$C$3:$AM$3,0)) -> 1417 | J75: Rück. | K75: 3329 | L75: =VLOOKUP($C75,Kalkulation_Platten!$C$6:$F$611,3,FALSE)&" / "&VLOOKUP($C75,Kalkulation_Platten!$C$6:$F$611,4,FALSE) -> 980 / 1800 | M75: =IFERROR(ROUND(E75*(1+$R$2),0),"-") -> 378 | N75: =IFERROR(ROUND(F75*(1+$R$2),0),"-") -> 745 | O75: =IFERROR(ROUND(G75*(1+$R$2),0),"-") -> 866 | P75: =IFERROR(ROUND(H75*(1+$R$2),0),"-") -> 1630 | T75: =IFERROR(F75-E75,"") -> 319 | U75: =IFERROR(G75-F75,"") -> 105 | V75: =IFERROR(H75-G75,"") -> 664
T76: =IFERROR(F76-E76,"") -> 0 | U76: =IFERROR(G76-F76,"") -> 0 | V76: =IFERROR(H76-G76,"") -> 0
B77: Panel | C77: Art. Nr. | D77: Breite / Tiefe | E77: PG1 | F77: PG2 | G77: PG3 | H77: PG4 | J77: Panel | K77: Art. Nr. | L77: Breite / Tiefe | M77: PG1 | N77: PG2 | O77: PG3 | P77: PG4 | T77: =IFERROR(F77-E77,"") | U77: =IFERROR(G77-F77,"") | V77: =IFERROR(H77-G77,"")
B78: Fachboden | C78: 3700 | D78: =VLOOKUP($C78,Kalkulation_Platten!$C$6:$F$611,3,FALSE)&" / "&VLOOKUP($C78,Kalkulation_Platten!$C$6:$F$611,4,FALSE) -> 360 / 360 | E78: =INDEX(Kalkulation_Platten!$C$3:$AM$1001,MATCH($C78,Kalkulation_Platten!$C$3:$C$1001,0),MATCH(E$3,Kalkulation_Platten!$C$3:$AM$3,0)) -> 34 | F78: =INDEX(Kalkulation_Platten!$C$3:$AM$1001,MATCH($C78,Kalkulation_Platten!$C$3:$C$1001,0),MATCH(F$3,Kalkulation_Platten!$C$3:$AM$3,0)) -> 114 | G78: =INDEX(Kalkulation_Platten!$C$3:$AM$1001,MATCH($C78,Kalkulation_Platten!$C$3:$C$1001,0),MATCH(G$3,Kalkulation_Platten!$C$3:$AM$3,0)) -> 89 | H78: =INDEX(Kalkulation_Platten!$C$3:$AM$1001,MATCH($C78,Kalkulation_Platten!$C$3:$C$1001,0),MATCH(H$3,Kalkulation_Platten!$C$3:$AM$3,0)) -> 177 | J78: Fachboden | K78: 3700 | L78: =VLOOKUP($C78,Kalkulation_Platten!$C$6:$F$611,3,FALSE)&" / "&VLOOKUP($C78,Kalkulation_Platten!$C$6:$F$611,4,FALSE) -> 360 / 360 | M78: =IFERROR(ROUND(E78*(1+$R$2),0),"-") -> 39 | N78: =IFERROR(ROUND(F78*(1+$R$2),0),"-") -> 131 | O78: =IFERROR(ROUND(G78*(1+$R$2),0),"-") -> 102 | P78: =IFERROR(ROUND(H78*(1+$R$2),0),"-") -> 204 | T78: =IFERROR(F78-E78,"") -> 80 | U78: =IFERROR(G78-F78,"") -> -25 | V78: =IFERROR(H78-G78,"") -> 88
B79: Fachboden | C79: 3701 | D79: =VLOOKUP($C79,Kalkulation_Platten!$C$6:$F$611,3,FALSE)&" / "&VLOOKUP($C79,Kalkulation_Platten!$C$6:$F$611,4,FALSE) -> 420 / 360 | E79: =INDEX(Kalkulation_Platten!$C$3:$AM$1001,MATCH($C79,Kalkulation_Platten!$C$3:$C$1001,0),MATCH(E$3,Kalkulation_Platten!$C$3:$AM$3,0)) -> 34 | F79: =INDEX(Kalkulation_Platten!$C$3:$AM$1001,MATCH($C79,Kalkulation_Platten!$C$3:$C$1001,0),MATCH(F$3,Kalkulation_Platten!$C$3:$AM$3,0)) -> 121 | G79: =INDEX(Kalkulation_Platten!$C$3:$AM$1001,MATCH($C79,Kalkulation_Platten!$C$3:$C$1001,0),MATCH(G$3,Kalkulation_Platten!$C$3:$AM$3,0)) -> 92 | H79: =INDEX(Kalkulation_Platten!$C$3:$AM$1001,MATCH($C79,Kalkulation_Platten!$C$3:$C$1001,0),MATCH(H$3,Kalkulation_Platten!$C$3:$AM$3,0)) -> 178 | J79: Fachboden | K79: 3701 | L79: =VLOOKUP($C79,Kalkulation_Platten!$C$6:$F$611,3,FALSE)&" / "&VLOOKUP($C79,Kalkulation_Platten!$C$6:$F$611,4,FALSE) -> 420 / 360 | M79: =IFERROR(ROUND(E79*(1+$R$2),0),"-") -> 39 | N79: =IFERROR(ROUND(F79*(1+$R$2),0),"-") -> 139 | O79: =IFERROR(ROUND(G79*(1+$R$2),0),"-") -> 106 | P79: =IFERROR(ROUND(H79*(1+$R$2),0),"-") -> 205 | T79: =IFERROR(F79-E79,"") -> 87 | U79: =IFERROR(G79-F79,"") -> -29 | V79: =IFERROR(H79-G79,"") -> 86
B80: Fachboden | C80: 3702 | D80: =VLOOKUP($C80,Kalkulation_Platten!$C$6:$F$611,3,FALSE)&" / "&VLOOKUP($C80,Kalkulation_Platten!$C$6:$F$611,4,FALSE) -> 580 / 360 | E80: =INDEX(Kalkulation_Platten!$C$3:$AM$1001,MATCH($C80,Kalkulation_Platten!$C$3:$C$1001,0),MATCH(E$3,Kalkulation_Platten!$C$3:$AM$3,0)) -> 43 | F80: =INDEX(Kalkulation_Platten!$C$3:$AM$1001,MATCH($C80,Kalkulation_Platten!$C$3:$C$1001,0),MATCH(F$3,Kalkulation_Platten!$C$3:$AM$3,0)) -> 161 | G80: =INDEX(Kalkulation_Platten!$C$3:$AM$1001,MATCH($C80,Kalkulation_Platten!$C$3:$C$1001,0),MATCH(G$3,Kalkulation_Platten!$C$3:$AM$3,0)) -> 130 | H80: =INDEX(Kalkulation_Platten!$C$3:$AM$1001,MATCH($C80,Kalkulation_Platten!$C$3:$C$1001,0),MATCH(H$3,Kalkulation_Platten!$C$3:$AM$3,0)) -> 185 | J80: Fachboden | K80: 3702 | L80: =VLOOKUP($C80,Kalkulation_Platten!$C$6:$F$611,3,FALSE)&" / "&VLOOKUP($C80,Kalkulation_Platten!$C$6:$F$611,4,FALSE) -> 580 / 360 | M80: =IFERROR(ROUND(E80*(1+$R$2),0),"-") -> 49 | N80: =IFERROR(ROUND(F80*(1+$R$2),0),"-") -> 185 | O80: =IFERROR(ROUND(G80*(1+$R$2),0),"-") -> 150 | P80: =IFERROR(ROUND(H80*(1+$R$2),0),"-") -> 213 | T80: =IFERROR(F80-E80,"") -> 118 | U80: =IFERROR(G80-F80,"") -> -31 | V80: =IFERROR(H80-G80,"") -> 55
B81: Fachboden | C81: 3703 | D81: =VLOOKUP($C81,Kalkulation_Platten!$C$6:$F$611,3,FALSE)&" / "&VLOOKUP($C81,Kalkulation_Platten!$C$6:$F$611,4,FALSE) -> 780 / 360 | E81: =INDEX(Kalkulation_Platten!$C$3:$AM$1001,MATCH($C81,Kalkulation_Platten!$C$3:$C$1001,0),MATCH(E$3,Kalkulation_Platten!$C$3:$AM$3,0)) -> 56 | F81: =INDEX(Kalkulation_Platten!$C$3:$AM$1001,MATCH($C81,Kalkulation_Platten!$C$3:$C$1001,0),MATCH(F$3,Kalkulation_Platten!$C$3:$AM$3,0)) -> 185 | G81: =INDEX(Kalkulation_Platten!$C$3:$AM$1001,MATCH($C81,Kalkulation_Platten!$C$3:$C$1001,0),MATCH(G$3,Kalkulation_Platten!$C$3:$AM$3,0)) -> 144 | H81: =INDEX(Kalkulation_Platten!$C$3:$AM$1001,MATCH($C81,Kalkulation_Platten!$C$3:$C$1001,0),MATCH(H$3,Kalkulation_Platten!$C$3:$AM$3,0)) -> 190 | J81: Fachboden | K81: 3703 | L81: =VLOOKUP($C81,Kalkulation_Platten!$C$6:$F$611,3,FALSE)&" / "&VLOOKUP($C81,Kalkulation_Platten!$C$6:$F$611,4,FALSE) -> 780 / 360 | M81: =IFERROR(ROUND(E81*(1+$R$2),0),"-") -> 64 | N81: =IFERROR(ROUND(F81*(1+$R$2),0),"-") -> 213 | O81: =IFERROR(ROUND(G81*(1+$R$2),0),"-") -> 166 | P81: =IFERROR(ROUND(H81*(1+$R$2),0),"-") -> 219 | T81: =IFERROR(F81-E81,"") -> 129 | U81: =IFERROR(G81-F81,"") -> -41 | V81: =IFERROR(H81-G81,"") -> 46
B82: Fachboden | C82: 3704 | D82: =VLOOKUP($C82,Kalkulation_Platten!$C$6:$F$611,3,FALSE)&" / "&VLOOKUP($C82,Kalkulation_Platten!$C$6:$F$611,4,FALSE) -> 980 / 360 | E82: =INDEX(Kalkulation_Platten!$C$3:$AM$1001,MATCH($C82,Kalkulation_Platten!$C$3:$C$1001,0),MATCH(E$3,Kalkulation_Platten!$C$3:$AM$3,0)) -> 70 | F82: =INDEX(Kalkulation_Platten!$C$3:$AM$1001,MATCH($C82,Kalkulation_Platten!$C$3:$C$1001,0),MATCH(F$3,Kalkulation_Platten!$C$3:$AM$3,0)) -> 223 | G82: =INDEX(Kalkulation_Platten!$C$3:$AM$1001,MATCH($C82,Kalkulation_Platten!$C$3:$C$1001,0),MATCH(G$3,Kalkulation_Platten!$C$3:$AM$3,0)) -> 174 | H82: =INDEX(Kalkulation_Platten!$C$3:$AM$1001,MATCH($C82,Kalkulation_Platten!$C$3:$C$1001,0),MATCH(H$3,Kalkulation_Platten!$C$3:$AM$3,0)) -> 209 | J82: Fachboden | K82: 3704 | L82: =VLOOKUP($C82,Kalkulation_Platten!$C$6:$F$611,3,FALSE)&" / "&VLOOKUP($C82,Kalkulation_Platten!$C$6:$F$611,4,FALSE) -> 980 / 360 | M82: =IFERROR(ROUND(E82*(1+$R$2),0),"-") -> 81 | N82: =IFERROR(ROUND(F82*(1+$R$2),0),"-") -> 256 | O82: =IFERROR(ROUND(G82*(1+$R$2),0),"-") -> 200 | P82: =IFERROR(ROUND(H82*(1+$R$2),0),"-") -> 240 | T82: =IFERROR(F82-E82,"") -> 153 | U82: =IFERROR(G82-F82,"") -> -49 | V82: =IFERROR(H82-G82,"") -> 35
B83: Fachboden | C83: 3705 | D83: =VLOOKUP($C83,Kalkulation_Platten!$C$6:$F$611,3,FALSE)&" / "&VLOOKUP($C83,Kalkulation_Platten!$C$6:$F$611,4,FALSE) -> 360 / 580 | E83: =INDEX(Kalkulation_Platten!$C$3:$AM$1001,MATCH($C83,Kalkulation_Platten!$C$3:$C$1001,0),MATCH(E$3,Kalkulation_Platten!$C$3:$AM$3,0)) -> 43 | F83: =INDEX(Kalkulation_Platten!$C$3:$AM$1001,MATCH($C83,Kalkulation_Platten!$C$3:$C$1001,0),MATCH(F$3,Kalkulation_Platten!$C$3:$AM$3,0)) -> 161 | G83: =INDEX(Kalkulation_Platten!$C$3:$AM$1001,MATCH($C83,Kalkulation_Platten!$C$3:$C$1001,0),MATCH(G$3,Kalkulation_Platten!$C$3:$AM$3,0)) -> 130 | H83: =INDEX(Kalkulation_Platten!$C$3:$AM$1001,MATCH($C83,Kalkulation_Platten!$C$3:$C$1001,0),MATCH(H$3,Kalkulation_Platten!$C$3:$AM$3,0)) -> 185 | J83: Fachboden | K83: 3705 | L83: =VLOOKUP($C83,Kalkulation_Platten!$C$6:$F$611,3,FALSE)&" / "&VLOOKUP($C83,Kalkulation_Platten!$C$6:$F$611,4,FALSE) -> 360 / 580 | M83: =IFERROR(ROUND(E83*(1+$R$2),0),"-") -> 49 | N83: =IFERROR(ROUND(F83*(1+$R$2),0),"-") -> 185 | O83: =IFERROR(ROUND(G83*(1+$R$2),0),"-") -> 150 | P83: =IFERROR(ROUND(H83*(1+$R$2),0),"-") -> 213 | T83: =IFERROR(F83-E83,"") -> 118 | U83: =IFERROR(G83-F83,"") -> -31 | V83: =IFERROR(H83-G83,"") -> 55
B84: Fachboden | C84: 3706 | D84: =VLOOKUP($C84,Kalkulation_Platten!$C$6:$F$611,3,FALSE)&" / "&VLOOKUP($C84,Kalkulation_Platten!$C$6:$F$611,4,FALSE) -> 420 / 580 | E84: =INDEX(Kalkulation_Platten!$C$3:$AM$1001,MATCH($C84,Kalkulation_Platten!$C$3:$C$1001,0),MATCH(E$3,Kalkulation_Platten!$C$3:$AM$3,0)) -> 49 | F84: =INDEX(Kalkulation_Platten!$C$3:$AM$1001,MATCH($C84,Kalkulation_Platten!$C$3:$C$1001,0),MATCH(F$3,Kalkulation_Platten!$C$3:$AM$3,0)) -> 181 | G84: =INDEX(Kalkulation_Platten!$C$3:$AM$1001,MATCH($C84,Kalkulation_Platten!$C$3:$C$1001,0),MATCH(G$3,Kalkulation_Platten!$C$3:$AM$3,0)) -> 147 | H84: =INDEX(Kalkulation_Platten!$C$3:$AM$1001,MATCH($C84,Kalkulation_Platten!$C$3:$C$1001,0),MATCH(H$3,Kalkulation_Platten!$C$3:$AM$3,0)) -> 186 | J84: Fachboden | K84: 3706 | L84: =VLOOKUP($C84,Kalkulation_Platten!$C$6:$F$611,3,FALSE)&" / "&VLOOKUP($C84,Kalkulation_Platten!$C$6:$F$611,4,FALSE) -> 420 / 580 | M84: =IFERROR(ROUND(E84*(1+$R$2),0),"-") -> 56 | N84: =IFERROR(ROUND(F84*(1+$R$2),0),"-") -> 208 | O84: =IFERROR(ROUND(G84*(1+$R$2),0),"-") -> 169 | P84: =IFERROR(ROUND(H84*(1+$R$2),0),"-") -> 214 | T84: =IFERROR(F84-E84,"") -> 132 | U84: =IFERROR(G84-F84,"") -> -34 | V84: =IFERROR(H84-G84,"") -> 39
B85: Fachboden | C85: 3707 | D85: =VLOOKUP($C85,Kalkulation_Platten!$C$6:$F$611,3,FALSE)&" / "&VLOOKUP($C85,Kalkulation_Platten!$C$6:$F$611,4,FALSE) -> 580 / 580 | E85: =INDEX(Kalkulation_Platten!$C$3:$AM$1001,MATCH($C85,Kalkulation_Platten!$C$3:$C$1001,0),MATCH(E$3,Kalkulation_Platten!$C$3:$AM$3,0)) -> 67 | F85: =INDEX(Kalkulation_Platten!$C$3:$AM$1001,MATCH($C85,Kalkulation_Platten!$C$3:$C$1001,0),MATCH(F$3,Kalkulation_Platten!$C$3:$AM$3,0)) -> 228 | G85: =INDEX(Kalkulation_Platten!$C$3:$AM$1001,MATCH($C85,Kalkulation_Platten!$C$3:$C$1001,0),MATCH(G$3,Kalkulation_Platten!$C$3:$AM$3,0)) -> 183 | H85: =INDEX(Kalkulation_Platten!$C$3:$AM$1001,MATCH($C85,Kalkulation_Platten!$C$3:$C$1001,0),MATCH(H$3,Kalkulation_Platten!$C$3:$AM$3,0)) -> 191 | J85: Fachboden | K85: 3707 | L85: =VLOOKUP($C85,Kalkulation_Platten!$C$6:$F$611,3,FALSE)&" / "&VLOOKUP($C85,Kalkulation_Platten!$C$6:$F$611,4,FALSE) -> 580 / 580 | M85: =IFERROR(ROUND(E85*(1+$R$2),0),"-") -> 77 | N85: =IFERROR(ROUND(F85*(1+$R$2),0),"-") -> 262 | O85: =IFERROR(ROUND(G85*(1+$R$2),0),"-") -> 210 | P85: =IFERROR(ROUND(H85*(1+$R$2),0),"-") -> 220 | T85: =IFERROR(F85-E85,"") -> 161 | U85: =IFERROR(G85-F85,"") -> -45 | V85: =IFERROR(H85-G85,"") -> 8
B86: Fachboden | C86: 3708 | D86: =VLOOKUP($C86,Kalkulation_Platten!$C$6:$F$611,3,FALSE)&" / "&VLOOKUP($C86,Kalkulation_Platten!$C$6:$F$611,4,FALSE) -> 780 / 580 | E86: =INDEX(Kalkulation_Platten!$C$3:$AM$1001,MATCH($C86,Kalkulation_Platten!$C$3:$C$1001,0),MATCH(E$3,Kalkulation_Platten!$C$3:$AM$3,0)) -> 87 | F86: =INDEX(Kalkulation_Platten!$C$3:$AM$1001,MATCH($C86,Kalkulation_Platten!$C$3:$C$1001,0),MATCH(F$3,Kalkulation_Platten!$C$3:$AM$3,0)) -> 275 | G86: =INDEX(Kalkulation_Platten!$C$3:$AM$1001,MATCH($C86,Kalkulation_Platten!$C$3:$C$1001,0),MATCH(G$3,Kalkulation_Platten!$C$3:$AM$3,0)) -> 225 | H86: =INDEX(Kalkulation_Platten!$C$3:$AM$1001,MATCH($C86,Kalkulation_Platten!$C$3:$C$1001,0),MATCH(H$3,Kalkulation_Platten!$C$3:$AM$3,0)) -> 237 | J86: Fachboden | K86: 3708 | L86: =VLOOKUP($C86,Kalkulation_Platten!$C$6:$F$611,3,FALSE)&" / "&VLOOKUP($C86,Kalkulation_Platten!$C$6:$F$611,4,FALSE) -> 780 / 580 | M86: =IFERROR(ROUND(E86*(1+$R$2),0),"-") -> 100 | N86: =IFERROR(ROUND(F86*(1+$R$2),0),"-") -> 316 | O86: =IFERROR(ROUND(G86*(1+$R$2),0),"-") -> 259 | P86: =IFERROR(ROUND(H86*(1+$R$2),0),"-") -> 273 | T86: =IFERROR(F86-E86,"") -> 188 | U86: =IFERROR(G86-F86,"") -> -50 | V86: =IFERROR(H86-G86,"") -> 12
B87: Fachboden | C87: 3709 | D87: =VLOOKUP($C87,Kalkulation_Platten!$C$6:$F$611,3,FALSE)&" / "&VLOOKUP($C87,Kalkulation_Platten!$C$6:$F$611,4,FALSE) -> 980 / 580 | E87: =INDEX(Kalkulation_Platten!$C$3:$AM$1001,MATCH($C87,Kalkulation_Platten!$C$3:$C$1001,0),MATCH(E$3,Kalkulation_Platten!$C$3:$AM$3,0)) -> 110 | F87: =INDEX(Kalkulation_Platten!$C$3:$AM$1001,MATCH($C87,Kalkulation_Platten!$C$3:$C$1001,0),MATCH(F$3,Kalkulation_Platten!$C$3:$AM$3,0)) -> 355 | G87: =INDEX(Kalkulation_Platten!$C$3:$AM$1001,MATCH($C87,Kalkulation_Platten!$C$3:$C$1001,0),MATCH(G$3,Kalkulation_Platten!$C$3:$AM$3,0)) -> 286 | H87: =INDEX(Kalkulation_Platten!$C$3:$AM$1001,MATCH($C87,Kalkulation_Platten!$C$3:$C$1001,0),MATCH(H$3,Kalkulation_Platten!$C$3:$AM$3,0)) -> 276 | J87: Fachboden | K87: 3709 | L87: =VLOOKUP($C87,Kalkulation_Platten!$C$6:$F$611,3,FALSE)&" / "&VLOOKUP($C87,Kalkulation_Platten!$C$6:$F$611,4,FALSE) -> 980 / 580 | M87: =IFERROR(ROUND(E87*(1+$R$2),0),"-") -> 127 | N87: =IFERROR(ROUND(F87*(1+$R$2),0),"-") -> 408 | O87: =IFERROR(ROUND(G87*(1+$R$2),0),"-") -> 329 | P87: =IFERROR(ROUND(H87*(1+$R$2),0),"-") -> 317 | T87: =IFERROR(F87-E87,"") -> 245 | U87: =IFERROR(G87-F87,"") -> -69 | V87: =IFERROR(H87-G87,"") -> -10
B88: Fachboden | C88: 3710 | D88: =VLOOKUP($C88,Kalkulation_Platten!$C$6:$F$611,3,FALSE)&" / "&VLOOKUP($C88,Kalkulation_Platten!$C$6:$F$611,4,FALSE) -> 780 / 780 | E88: =INDEX(Kalkulation_Platten!$C$3:$AM$1001,MATCH($C88,Kalkulation_Platten!$C$3:$C$1001,0),MATCH(E$3,Kalkulation_Platten!$C$3:$AM$3,0)) -> 110 | F88: =INDEX(Kalkulation_Platten!$C$3:$AM$1001,MATCH($C88,Kalkulation_Platten!$C$3:$C$1001,0),MATCH(F$3,Kalkulation_Platten!$C$3:$AM$3,0)) -> 302 | G88: =INDEX(Kalkulation_Platten!$C$3:$AM$1001,MATCH($C88,Kalkulation_Platten!$C$3:$C$1001,0),MATCH(G$3,Kalkulation_Platten!$C$3:$AM$3,0)) -> 272 | H88: =INDEX(Kalkulation_Platten!$C$3:$AM$1001,MATCH($C88,Kalkulation_Platten!$C$3:$C$1001,0),MATCH(H$3,Kalkulation_Platten!$C$3:$AM$3,0)) -> 295 | J88: Fachboden | K88: 3710 | L88: =VLOOKUP($C88,Kalkulation_Platten!$C$6:$F$611,3,FALSE)&" / "&VLOOKUP($C88,Kalkulation_Platten!$C$6:$F$611,4,FALSE) -> 780 / 780 | M88: =IFERROR(ROUND(E88*(1+$R$2),0),"-") -> 127 | N88: =IFERROR(ROUND(F88*(1+$R$2),0),"-") -> 347 | O88: =IFERROR(ROUND(G88*(1+$R$2),0),"-") -> 313 | P88: =IFERROR(ROUND(H88*(1+$R$2),0),"-") -> 339 | T88: =IFERROR(F88-E88,"") -> 192 | U88: =IFERROR(G88-F88,"") -> -30 | V88: =IFERROR(H88-G88,"") -> 23
B89: Fachboden | C89: 3711 | D89: =VLOOKUP($C89,Kalkulation_Platten!$C$6:$F$611,3,FALSE)&" / "&VLOOKUP($C89,Kalkulation_Platten!$C$6:$F$611,4,FALSE) -> 980 / 780 | E89: =INDEX(Kalkulation_Platten!$C$3:$AM$1001,MATCH($C89,Kalkulation_Platten!$C$3:$C$1001,0),MATCH(E$3,Kalkulation_Platten!$C$3:$AM$3,0)) -> 138 | F89: =INDEX(Kalkulation_Platten!$C$3:$AM$1001,MATCH($C89,Kalkulation_Platten!$C$3:$C$1001,0),MATCH(F$3,Kalkulation_Platten!$C$3:$AM$3,0)) -> 272 | G89: =INDEX(Kalkulation_Platten!$C$3:$AM$1001,MATCH($C89,Kalkulation_Platten!$C$3:$C$1001,0),MATCH(G$3,Kalkulation_Platten!$C$3:$AM$3,0)) -> 10 | H89: =INDEX(Kalkulation_Platten!$C$3:$AM$1001,MATCH($C89,Kalkulation_Platten!$C$3:$C$1001,0),MATCH(H$3,Kalkulation_Platten!$C$3:$AM$3,0)) -> 0 | J89: Fachboden | K89: 3711 | L89: =VLOOKUP($C89,Kalkulation_Platten!$C$6:$F$611,3,FALSE)&" / "&VLOOKUP($C89,Kalkulation_Platten!$C$6:$F$611,4,FALSE) -> 980 / 780 | M89: =IFERROR(ROUND(E89*(1+$R$2),0),"-") -> 159 | N89: =IFERROR(ROUND(F89*(1+$R$2),0),"-") -> 313 | O89: =IFERROR(ROUND(G89*(1+$R$2),0),"-") -> 12 | P89: =IFERROR(ROUND(H89*(1+$R$2),0),"-") -> 0 | T89: =IFERROR(F89-E89,"") -> 134 | U89: =IFERROR(G89-F89,"") -> -262 | V89: =IFERROR(H89-G89,"") -> -10
B90: Fachboden | C90: 3712 | D90: =VLOOKUP($C90,Kalkulation_Platten!$C$6:$F$611,3,FALSE)&" / "&VLOOKUP($C90,Kalkulation_Platten!$C$6:$F$611,4,FALSE) -> 980 / 980 | E90: =INDEX(Kalkulation_Platten!$C$3:$AM$1001,MATCH($C90,Kalkulation_Platten!$C$3:$C$1001,0),MATCH(E$3,Kalkulation_Platten!$C$3:$AM$3,0)) -> 166 | F90: =INDEX(Kalkulation_Platten!$C$3:$AM$1001,MATCH($C90,Kalkulation_Platten!$C$3:$C$1001,0),MATCH(F$3,Kalkulation_Platten!$C$3:$AM$3,0)) -> 327 | G90: =INDEX(Kalkulation_Platten!$C$3:$AM$1001,MATCH($C90,Kalkulation_Platten!$C$3:$C$1001,0),MATCH(G$3,Kalkulation_Platten!$C$3:$AM$3,0)) -> 10 | H90: =INDEX(Kalkulation_Platten!$C$3:$AM$1001,MATCH($C90,Kalkulation_Platten!$C$3:$C$1001,0),MATCH(H$3,Kalkulation_Platten!$C$3:$AM$3,0)) -> 0 | J90: Fachboden | K90: 3712 | L90: =VLOOKUP($C90,Kalkulation_Platten!$C$6:$F$611,3,FALSE)&" / "&VLOOKUP($C90,Kalkulation_Platten!$C$6:$F$611,4,FALSE) -> 980 / 980 | M90: =IFERROR(ROUND(E90*(1+$R$2),0),"-") -> 191 | N90: =IFERROR(ROUND(F90*(1+$R$2),0),"-") -> 376 | O90: =IFERROR(ROUND(G90*(1+$R$2),0),"-") -> 12 | P90: =IFERROR(ROUND(H90*(1+$R$2),0),"-") -> 0 | T90: =IFERROR(F90-E90,"") -> 161 | U90: =IFERROR(G90-F90,"") -> -317 | V90: =IFERROR(H90-G90,"") -> -10
T91: =IFERROR(F91-E91,"") -> 0 | U91: =IFERROR(G91-F91,"") -> 0 | V91: =IFERROR(H91-G91,"") -> 0
B92: Panel | C92: Art. Nr. | D92: Breite / Tiefe | E92: PG1 | F92: PG2 | G92: PG3 | H92: PG4 | J92: Panel | K92: Art. Nr. | L92: Breite / Tiefe | M92: PG1 | N92: PG2 | O92: PG3 | P92: PG4 | T92: =IFERROR(F92-E92,"") | U92: =IFERROR(G92-F92,"") | V92: =IFERROR(H92-G92,"")
B93: Klappe | C93: 5000 | D93: =VLOOKUP($C93,Kalkulation_Platten!$C$6:$F$611,3,FALSE)&" / "&VLOOKUP($C93,Kalkulation_Platten!$C$6:$F$611,4,FALSE) -> 420 / 180 | E93: =INDEX(Kalkulation_Platten!$C$3:$AM$1001,MATCH($C93,Kalkulation_Platten!$C$3:$C$1001,0),MATCH(E$3,Kalkulation_Platten!$C$3:$AM$3,0)) -> 169 | F93: =INDEX(Kalkulation_Platten!$C$3:$AM$1001,MATCH($C93,Kalkulation_Platten!$C$3:$C$1001,0),MATCH(F$3,Kalkulation_Platten!$C$3:$AM$3,0)) -> 255 | G93: =INDEX(Kalkulation_Platten!$C$3:$AM$1001,MATCH($C93,Kalkulation_Platten!$C$3:$C$1001,0),MATCH(G$3,Kalkulation_Platten!$C$3:$AM$3,0)) -> 237 | H93: =INDEX(Kalkulation_Platten!$C$3:$AM$1001,MATCH($C93,Kalkulation_Platten!$C$3:$C$1001,0),MATCH(H$3,Kalkulation_Platten!$C$3:$AM$3,0)) -> 446 | J93: Klappe | K93: 5000 | L93: =VLOOKUP($C93,Kalkulation_Platten!$C$6:$F$611,3,FALSE)&" / "&VLOOKUP($C93,Kalkulation_Platten!$C$6:$F$611,4,FALSE) -> 420 / 180 | M93: =IFERROR(ROUND(E93*(1+$R$2),0),"-") -> 194 | N93: =IFERROR(ROUND(F93*(1+$R$2),0),"-") -> 293 | O93: =IFERROR(ROUND(G93*(1+$R$2),0),"-") -> 273 | P93: =IFERROR(ROUND(H93*(1+$R$2),0),"-") -> 513 | T93: =IFERROR(F93-E93,"") -> 86 | U93: =IFERROR(G93-F93,"") -> -18 | V93: =IFERROR(H93-G93,"") -> 209
B94: Klappe | C94: 5001 | D94: =VLOOKUP($C94,Kalkulation_Platten!$C$6:$F$611,3,FALSE)&" / "&VLOOKUP($C94,Kalkulation_Platten!$C$6:$F$611,4,FALSE) -> 420 / 360 | E94: =INDEX(Kalkulation_Platten!$C$3:$AM$1001,MATCH($C94,Kalkulation_Platten!$C$3:$C$1001,0),MATCH(E$3,Kalkulation_Platten!$C$3:$AM$3,0)) -> 169 | F94: =INDEX(Kalkulation_Platten!$C$3:$AM$1001,MATCH($C94,Kalkulation_Platten!$C$3:$C$1001,0),MATCH(F$3,Kalkulation_Platten!$C$3:$AM$3,0)) -> 255 | G94: =INDEX(Kalkulation_Platten!$C$3:$AM$1001,MATCH($C94,Kalkulation_Platten!$C$3:$C$1001,0),MATCH(G$3,Kalkulation_Platten!$C$3:$AM$3,0)) -> 237 | H94: =INDEX(Kalkulation_Platten!$C$3:$AM$1001,MATCH($C94,Kalkulation_Platten!$C$3:$C$1001,0),MATCH(H$3,Kalkulation_Platten!$C$3:$AM$3,0)) -> 446 | J94: Klappe | K94: 5001 | L94: =VLOOKUP($C94,Kalkulation_Platten!$C$6:$F$611,3,FALSE)&" / "&VLOOKUP($C94,Kalkulation_Platten!$C$6:$F$611,4,FALSE) -> 420 / 360 | M94: =IFERROR(ROUND(E94*(1+$R$2),0),"-") -> 194 | N94: =IFERROR(ROUND(F94*(1+$R$2),0),"-") -> 293 | O94: =IFERROR(ROUND(G94*(1+$R$2),0),"-") -> 273 | P94: =IFERROR(ROUND(H94*(1+$R$2),0),"-") -> 513 | T94: =IFERROR(F94-E94,"") -> 86 | U94: =IFERROR(G94-F94,"") -> -18 | V94: =IFERROR(H94-G94,"") -> 209
B95: Klappe | C95: 5002 | D95: =VLOOKUP($C95,Kalkulation_Platten!$C$6:$F$611,3,FALSE)&" / "&VLOOKUP($C95,Kalkulation_Platten!$C$6:$F$611,4,FALSE) -> 580 / 180 | E95: =INDEX(Kalkulation_Platten!$C$3:$AM$1001,MATCH($C95,Kalkulation_Platten!$C$3:$C$1001,0),MATCH(E$3,Kalkulation_Platten!$C$3:$AM$3,0)) -> 184 | F95: =INDEX(Kalkulation_Platten!$C$3:$AM$1001,MATCH($C95,Kalkulation_Platten!$C$3:$C$1001,0),MATCH(F$3,Kalkulation_Platten!$C$3:$AM$3,0)) -> 283 | G95: =INDEX(Kalkulation_Platten!$C$3:$AM$1001,MATCH($C95,Kalkulation_Platten!$C$3:$C$1001,0),MATCH(G$3,Kalkulation_Platten!$C$3:$AM$3,0)) -> 259 | H95: =INDEX(Kalkulation_Platten!$C$3:$AM$1001,MATCH($C95,Kalkulation_Platten!$C$3:$C$1001,0),MATCH(H$3,Kalkulation_Platten!$C$3:$AM$3,0)) -> 487 | J95: Klappe | K95: 5002 | L95: =VLOOKUP($C95,Kalkulation_Platten!$C$6:$F$611,3,FALSE)&" / "&VLOOKUP($C95,Kalkulation_Platten!$C$6:$F$611,4,FALSE) -> 580 / 180 | M95: =IFERROR(ROUND(E95*(1+$R$2),0),"-") -> 212 | N95: =IFERROR(ROUND(F95*(1+$R$2),0),"-") -> 325 | O95: =IFERROR(ROUND(G95*(1+$R$2),0),"-") -> 298 | P95: =IFERROR(ROUND(H95*(1+$R$2),0),"-") -> 560 | T95: =IFERROR(F95-E95,"") -> 99 | U95: =IFERROR(G95-F95,"") -> -24 | V95: =IFERROR(H95-G95,"") -> 228
B96: Klappe | C96: 5003 | D96: =VLOOKUP($C96,Kalkulation_Platten!$C$6:$F$611,3,FALSE)&" / "&VLOOKUP($C96,Kalkulation_Platten!$C$6:$F$611,4,FALSE) -> 580 / 360 | E96: =INDEX(Kalkulation_Platten!$C$3:$AM$1001,MATCH($C96,Kalkulation_Platten!$C$3:$C$1001,0),MATCH(E$3,Kalkulation_Platten!$C$3:$AM$3,0)) -> 184 | F96: =INDEX(Kalkulation_Platten!$C$3:$AM$1001,MATCH($C96,Kalkulation_Platten!$C$3:$C$1001,0),MATCH(F$3,Kalkulation_Platten!$C$3:$AM$3,0)) -> 283 | G96: =INDEX(Kalkulation_Platten!$C$3:$AM$1001,MATCH($C96,Kalkulation_Platten!$C$3:$C$1001,0),MATCH(G$3,Kalkulation_Platten!$C$3:$AM$3,0)) -> 259 | H96: =INDEX(Kalkulation_Platten!$C$3:$AM$1001,MATCH($C96,Kalkulation_Platten!$C$3:$C$1001,0),MATCH(H$3,Kalkulation_Platten!$C$3:$AM$3,0)) -> 487 | J96: Klappe | K96: 5003 | L96: =VLOOKUP($C96,Kalkulation_Platten!$C$6:$F$611,3,FALSE)&" / "&VLOOKUP($C96,Kalkulation_Platten!$C$6:$F$611,4,FALSE) -> 580 / 360 | M96: =IFERROR(ROUND(E96*(1+$R$2),0),"-") -> 212 | N96: =IFERROR(ROUND(F96*(1+$R$2),0),"-") -> 325 | O96: =IFERROR(ROUND(G96*(1+$R$2),0),"-") -> 298 | P96: =IFERROR(ROUND(H96*(1+$R$2),0),"-") -> 560 | T96: =IFERROR(F96-E96,"") -> 99 | U96: =IFERROR(G96-F96,"") -> -24 | V96: =IFERROR(H96-G96,"") -> 228
B97: Klappe | C97: 5004 | D97: =VLOOKUP($C97,Kalkulation_Platten!$C$6:$F$611,3,FALSE)&" / "&VLOOKUP($C97,Kalkulation_Platten!$C$6:$F$611,4,FALSE) -> 780 / 180 | E97: =INDEX(Kalkulation_Platten!$C$3:$AM$1001,MATCH($C97,Kalkulation_Platten!$C$3:$C$1001,0),MATCH(E$3,Kalkulation_Platten!$C$3:$AM$3,0)) -> 198 | F97: =INDEX(Kalkulation_Platten!$C$3:$AM$1001,MATCH($C97,Kalkulation_Platten!$C$3:$C$1001,0),MATCH(F$3,Kalkulation_Platten!$C$3:$AM$3,0)) -> 310 | G97: =INDEX(Kalkulation_Platten!$C$3:$AM$1001,MATCH($C97,Kalkulation_Platten!$C$3:$C$1001,0),MATCH(G$3,Kalkulation_Platten!$C$3:$AM$3,0)) -> 280 | H97: =INDEX(Kalkulation_Platten!$C$3:$AM$1001,MATCH($C97,Kalkulation_Platten!$C$3:$C$1001,0),MATCH(H$3,Kalkulation_Platten!$C$3:$AM$3,0)) -> 527 | J97: Klappe | K97: 5004 | L97: =VLOOKUP($C97,Kalkulation_Platten!$C$6:$F$611,3,FALSE)&" / "&VLOOKUP($C97,Kalkulation_Platten!$C$6:$F$611,4,FALSE) -> 780 / 180 | M97: =IFERROR(ROUND(E97*(1+$R$2),0),"-") -> 228 | N97: =IFERROR(ROUND(F97*(1+$R$2),0),"-") -> 357 | O97: =IFERROR(ROUND(G97*(1+$R$2),0),"-") -> 322 | P97: =IFERROR(ROUND(H97*(1+$R$2),0),"-") -> 606 | T97: =IFERROR(F97-E97,"") -> 112 | U97: =IFERROR(G97-F97,"") -> -30 | V97: =IFERROR(H97-G97,"") -> 247
B98: Klappe | C98: 5005 | D98: =VLOOKUP($C98,Kalkulation_Platten!$C$6:$F$611,3,FALSE)&" / "&VLOOKUP($C98,Kalkulation_Platten!$C$6:$F$611,4,FALSE) -> 780 / 360 | E98: =INDEX(Kalkulation_Platten!$C$3:$AM$1001,MATCH($C98,Kalkulation_Platten!$C$3:$C$1001,0),MATCH(E$3,Kalkulation_Platten!$C$3:$AM$3,0)) -> 198 | F98: =INDEX(Kalkulation_Platten!$C$3:$AM$1001,MATCH($C98,Kalkulation_Platten!$C$3:$C$1001,0),MATCH(F$3,Kalkulation_Platten!$C$3:$AM$3,0)) -> 310 | G98: =INDEX(Kalkulation_Platten!$C$3:$AM$1001,MATCH($C98,Kalkulation_Platten!$C$3:$C$1001,0),MATCH(G$3,Kalkulation_Platten!$C$3:$AM$3,0)) -> 280 | H98: =INDEX(Kalkulation_Platten!$C$3:$AM$1001,MATCH($C98,Kalkulation_Platten!$C$3:$C$1001,0),MATCH(H$3,Kalkulation_Platten!$C$3:$AM$3,0)) -> 527 | J98: Klappe | K98: 5005 | L98: =VLOOKUP($C98,Kalkulation_Platten!$C$6:$F$611,3,FALSE)&" / "&VLOOKUP($C98,Kalkulation_Platten!$C$6:$F$611,4,FALSE) -> 780 / 360 | M98: =IFERROR(ROUND(E98*(1+$R$2),0),"-") -> 228 | N98: =IFERROR(ROUND(F98*(1+$R$2),0),"-") -> 357 | O98: =IFERROR(ROUND(G98*(1+$R$2),0),"-") -> 322 | P98: =IFERROR(ROUND(H98*(1+$R$2),0),"-") -> 606 | T98: =IFERROR(F98-E98,"") -> 112 | U98: =IFERROR(G98-F98,"") -> -30 | V98: =IFERROR(H98-G98,"") -> 247
B99: Klappe | C99: 5006 | D99: =VLOOKUP($C99,Kalkulation_Platten!$C$6:$F$611,3,FALSE)&" / "&VLOOKUP($C99,Kalkulation_Platten!$C$6:$F$611,4,FALSE) -> 980 / 180 | E99: =INDEX(Kalkulation_Platten!$C$3:$AM$1001,MATCH($C99,Kalkulation_Platten!$C$3:$C$1001,0),MATCH(E$3,Kalkulation_Platten!$C$3:$AM$3,0)) -> 250 | F99: =INDEX(Kalkulation_Platten!$C$3:$AM$1001,MATCH($C99,Kalkulation_Platten!$C$3:$C$1001,0),MATCH(F$3,Kalkulation_Platten!$C$3:$AM$3,0)) -> 369 | G99: =INDEX(Kalkulation_Platten!$C$3:$AM$1001,MATCH($C99,Kalkulation_Platten!$C$3:$C$1001,0),MATCH(G$3,Kalkulation_Platten!$C$3:$AM$3,0)) -> 345 | H99: =INDEX(Kalkulation_Platten!$C$3:$AM$1001,MATCH($C99,Kalkulation_Platten!$C$3:$C$1001,0),MATCH(H$3,Kalkulation_Platten!$C$3:$AM$3,0)) -> 649 | J99: Klappe | K99: 5006 | L99: =VLOOKUP($C99,Kalkulation_Platten!$C$6:$F$611,3,FALSE)&" / "&VLOOKUP($C99,Kalkulation_Platten!$C$6:$F$611,4,FALSE) -> 980 / 180 | M99: =IFERROR(ROUND(E99*(1+$R$2),0),"-") -> 288 | N99: =IFERROR(ROUND(F99*(1+$R$2),0),"-") -> 424 | O99: =IFERROR(ROUND(G99*(1+$R$2),0),"-") -> 397 | P99: =IFERROR(ROUND(H99*(1+$R$2),0),"-") -> 746 | T99: =IFERROR(F99-E99,"") -> 119 | U99: =IFERROR(G99-F99,"") -> -24 | V99: =IFERROR(H99-G99,"") -> 304
B100: Klappe | C100: 5007 | D100: =VLOOKUP($C100,Kalkulation_Platten!$C$6:$F$611,3,FALSE)&" / "&VLOOKUP($C100,Kalkulation_Platten!$C$6:$F$611,4,FALSE) -> 980 / 360 | E100: =INDEX(Kalkulation_Platten!$C$3:$AM$1001,MATCH($C100,Kalkulation_Platten!$C$3:$C$1001,0),MATCH(E$3,Kalkulation_Platten!$C$3:$AM$3,0)) -> 250 | F100: =INDEX(Kalkulation_Platten!$C$3:$AM$1001,MATCH($C100,Kalkulation_Platten!$C$3:$C$1001,0),MATCH(F$3,Kalkulation_Platten!$C$3:$AM$3,0)) -> 369 | G100: =INDEX(Kalkulation_Platten!$C$3:$AM$1001,MATCH($C100,Kalkulation_Platten!$C$3:$C$1001,0),MATCH(G$3,Kalkulation_Platten!$C$3:$AM$3,0)) -> 345 | H100: =INDEX(Kalkulation_Platten!$C$3:$AM$1001,MATCH($C100,Kalkulation_Platten!$C$3:$C$1001,0),MATCH(H$3,Kalkulation_Platten!$C$3:$AM$3,0)) -> 649 | J100: Klappe | K100: 5007 | L100: =VLOOKUP($C100,Kalkulation_Platten!$C$6:$F$611,3,FALSE)&" / "&VLOOKUP($C100,Kalkulation_Platten!$C$6:$F$611,4,FALSE) -> 980 / 360 | M100: =IFERROR(ROUND(E100*(1+$R$2),0),"-") -> 288 | N100: =IFERROR(ROUND(F100*(1+$R$2),0),"-") -> 424 | O100: =IFERROR(ROUND(G100*(1+$R$2),0),"-") -> 397 | P100: =IFERROR(ROUND(H100*(1+$R$2),0),"-") -> 746 | T100: =IFERROR(F100-E100,"") -> 119 | U100: =IFERROR(G100-F100,"") -> -24 | V100: =IFERROR(H100-G100,"") -> 304
B101: Klappe | C101: 5008 | D101: =VLOOKUP($C101,Kalkulation_Platten!$C$6:$F$611,3,FALSE)&" / "&VLOOKUP($C101,Kalkulation_Platten!$C$6:$F$611,4,FALSE) -> 360 / 360 | E101: =INDEX(Kalkulation_Platten!$C$3:$AM$1001,MATCH($C101,Kalkulation_Platten!$C$3:$C$1001,0),MATCH(E$3,Kalkulation_Platten!$C$3:$AM$3,0)) -> 169 | F101: =INDEX(Kalkulation_Platten!$C$3:$AM$1001,MATCH($C101,Kalkulation_Platten!$C$3:$C$1001,0),MATCH(F$3,Kalkulation_Platten!$C$3:$AM$3,0)) -> 333 | G101: =INDEX(Kalkulation_Platten!$C$3:$AM$1001,MATCH($C101,Kalkulation_Platten!$C$3:$C$1001,0),MATCH(G$3,Kalkulation_Platten!$C$3:$AM$3,0)) -> 345 | H101: =INDEX(Kalkulation_Platten!$C$3:$AM$1001,MATCH($C101,Kalkulation_Platten!$C$3:$C$1001,0),MATCH(H$3,Kalkulation_Platten!$C$3:$AM$3,0)) -> 649 | J101: Klappe | K101: 5008 | L101: =VLOOKUP($C101,Kalkulation_Platten!$C$6:$F$611,3,FALSE)&" / "&VLOOKUP($C101,Kalkulation_Platten!$C$6:$F$611,4,FALSE) -> 360 / 360 | M101: =IFERROR(ROUND(E101*(1+$R$2),0),"-") -> 194 | N101: =IFERROR(ROUND(F101*(1+$R$2),0),"-") -> 383 | O101: =IFERROR(ROUND(G101*(1+$R$2),0),"-") -> 397 | P101: =IFERROR(ROUND(H101*(1+$R$2),0),"-") -> 746 | T101: =IFERROR(F101-E101,"") -> 164 | U101: =IFERROR(G101-F101,"") -> 12 | V101: =IFERROR(H101-G101,"") -> 304
B102: Klappe | C102: 5009 | D102: =VLOOKUP($C102,Kalkulation_Platten!$C$6:$F$611,3,FALSE)&" / "&VLOOKUP($C102,Kalkulation_Platten!$C$6:$F$611,4,FALSE) -> 360 / 180 | E102: =INDEX(Kalkulation_Platten!$C$3:$AM$1001,MATCH($C102,Kalkulation_Platten!$C$3:$C$1001,0),MATCH(E$3,Kalkulation_Platten!$C$3:$AM$3,0)) -> 169 | F102: =INDEX(Kalkulation_Platten!$C$3:$AM$1001,MATCH($C102,Kalkulation_Platten!$C$3:$C$1001,0),MATCH(F$3,Kalkulation_Platten!$C$3:$AM$3,0)) -> 333 | G102: =INDEX(Kalkulation_Platten!$C$3:$AM$1001,MATCH($C102,Kalkulation_Platten!$C$3:$C$1001,0),MATCH(G$3,Kalkulation_Platten!$C$3:$AM$3,0)) -> 345 | H102: =INDEX(Kalkulation_Platten!$C$3:$AM$1001,MATCH($C102,Kalkulation_Platten!$C$3:$C$1001,0),MATCH(H$3,Kalkulation_Platten!$C$3:$AM$3,0)) -> 649 | J102: Klappe | K102: 5009 | L102: =VLOOKUP($C102,Kalkulation_Platten!$C$6:$F$611,3,FALSE)&" / "&VLOOKUP($C102,Kalkulation_Platten!$C$6:$F$611,4,FALSE) -> 360 / 180 | M102: =IFERROR(ROUND(E102*(1+$R$2),0),"-") -> 194 | N102: =IFERROR(ROUND(F102*(1+$R$2),0),"-") -> 383 | O102: =IFERROR(ROUND(G102*(1+$R$2),0),"-") -> 397 | P102: =IFERROR(ROUND(H102*(1+$R$2),0),"-") -> 746 | T102: =IFERROR(F102-E102,"") -> 164 | U102: =IFERROR(G102-F102,"") -> 12 | V102: =IFERROR(H102-G102,"") -> 304
T103: =IFERROR(F103-E103,"") -> 0 | U103: =IFERROR(G103-F103,"") -> 0 | V103: =IFERROR(H103-G103,"") -> 0
B104: Panel | C104: Art. Nr. | D104: Breite / Tiefe | E104: PG1 | F104: PG2 | G104: PG3 | H104: PG4 | J104: Panel | K104: Art. Nr. | L104: Breite / Tiefe | M104: PG1 | N104: PG2 | O104: PG3 | P104: PG4 | T104: =IFERROR(F104-E104,"") | U104: =IFERROR(G104-F104,"") | V104: =IFERROR(H104-G104,"")
B105: Tür | C105: 5100 | D105: =VLOOKUP($C105,Kalkulation_Platten!$C$6:$F$611,3,FALSE)&" / "&VLOOKUP($C105,Kalkulation_Platten!$C$6:$F$611,4,FALSE) -> 420 / 360 | E105: =INDEX(Kalkulation_Platten!$C$3:$AM$1001,MATCH($C105,Kalkulation_Platten!$C$3:$C$1001,0),MATCH(E$3,Kalkulation_Platten!$C$3:$AM$3,0)) -> 136 | F105: =INDEX(Kalkulation_Platten!$C$3:$AM$1001,MATCH($C105,Kalkulation_Platten!$C$3:$C$1001,0),MATCH(F$3,Kalkulation_Platten!$C$3:$AM$3,0)) -> 205 | G105: =INDEX(Kalkulation_Platten!$C$3:$AM$1001,MATCH($C105,Kalkulation_Platten!$C$3:$C$1001,0),MATCH(G$3,Kalkulation_Platten!$C$3:$AM$3,0)) -> 182 | H105: =INDEX(Kalkulation_Platten!$C$3:$AM$1001,MATCH($C105,Kalkulation_Platten!$C$3:$C$1001,0),MATCH(H$3,Kalkulation_Platten!$C$3:$AM$3,0)) -> 479 | J105: Türe | K105: 5100 | L105: =VLOOKUP($C105,Kalkulation_Platten!$C$6:$F$611,3,FALSE)&" / "&VLOOKUP($C105,Kalkulation_Platten!$C$6:$F$611,4,FALSE) -> 420 / 360 | M105: =IFERROR(ROUND(E105*(1+$R$2),0),"-") -> 156 | N105: =IFERROR(ROUND(F105*(1+$R$2),0),"-") -> 236 | O105: =IFERROR(ROUND(G105*(1+$R$2),0),"-") -> 209 | P105: =IFERROR(ROUND(H105*(1+$R$2),0),"-") -> 551 | T105: =IFERROR(F105-E105,"") -> 69 | U105: =IFERROR(G105-F105,"") -> -23 | V105: =IFERROR(H105-G105,"") -> 297
B106: Tür | C106: 5101 | D106: =VLOOKUP($C106,Kalkulation_Platten!$C$6:$F$611,3,FALSE)&" / "&VLOOKUP($C106,Kalkulation_Platten!$C$6:$F$611,4,FALSE) -> 420 / 720 | E106: =INDEX(Kalkulation_Platten!$C$3:$AM$1001,MATCH($C106,Kalkulation_Platten!$C$3:$C$1001,0),MATCH(E$3,Kalkulation_Platten!$C$3:$AM$3,0)) -> 159 | F106: =INDEX(Kalkulation_Platten!$C$3:$AM$1001,MATCH($C106,Kalkulation_Platten!$C$3:$C$1001,0),MATCH(F$3,Kalkulation_Platten!$C$3:$AM$3,0)) -> 270 | G106: =INDEX(Kalkulation_Platten!$C$3:$AM$1001,MATCH($C106,Kalkulation_Platten!$C$3:$C$1001,0),MATCH(G$3,Kalkulation_Platten!$C$3:$AM$3,0)) -> 230 | H106: =INDEX(Kalkulation_Platten!$C$3:$AM$1001,MATCH($C106,Kalkulation_Platten!$C$3:$C$1001,0),MATCH(H$3,Kalkulation_Platten!$C$3:$AM$3,0)) -> 544 | J106: Türe | K106: 5101 | L106: =VLOOKUP($C106,Kalkulation_Platten!$C$6:$F$611,3,FALSE)&" / "&VLOOKUP($C106,Kalkulation_Platten!$C$6:$F$611,4,FALSE) -> 420 / 720 | M106: =IFERROR(ROUND(E106*(1+$R$2),0),"-") -> 183 | N106: =IFERROR(ROUND(F106*(1+$R$2),0),"-") -> 311 | O106: =IFERROR(ROUND(G106*(1+$R$2),0),"-") -> 265 | P106: =IFERROR(ROUND(H106*(1+$R$2),0),"-") -> 626 | T106: =IFERROR(F106-E106,"") -> 111 | U106: =IFERROR(G106-F106,"") -> -40 | V106: =IFERROR(H106-G106,"") -> 314
B107: Tür | C107: 5102 | D107: =VLOOKUP($C107,Kalkulation_Platten!$C$6:$F$611,3,FALSE)&" / "&VLOOKUP($C107,Kalkulation_Platten!$C$6:$F$611,4,FALSE) -> 420 / 1080 | E107: =INDEX(Kalkulation_Platten!$C$3:$AM$1001,MATCH($C107,Kalkulation_Platten!$C$3:$C$1001,0),MATCH(E$3,Kalkulation_Platten!$C$3:$AM$3,0)) -> 235 | F107: =INDEX(Kalkulation_Platten!$C$3:$AM$1001,MATCH($C107,Kalkulation_Platten!$C$3:$C$1001,0),MATCH(F$3,Kalkulation_Platten!$C$3:$AM$3,0)) -> 373 | G107: =INDEX(Kalkulation_Platten!$C$3:$AM$1001,MATCH($C107,Kalkulation_Platten!$C$3:$C$1001,0),MATCH(G$3,Kalkulation_Platten!$C$3:$AM$3,0)) -> 339 | H107: =INDEX(Kalkulation_Platten!$C$3:$AM$1001,MATCH($C107,Kalkulation_Platten!$C$3:$C$1001,0),MATCH(H$3,Kalkulation_Platten!$C$3:$AM$3,0)) -> 643 | J107: Türe | K107: 5102 | L107: =VLOOKUP($C107,Kalkulation_Platten!$C$6:$F$611,3,FALSE)&" / "&VLOOKUP($C107,Kalkulation_Platten!$C$6:$F$611,4,FALSE) -> 420 / 1080 | M107: =IFERROR(ROUND(E107*(1+$R$2),0),"-") -> 270 | N107: =IFERROR(ROUND(F107*(1+$R$2),0),"-") -> 429 | O107: =IFERROR(ROUND(G107*(1+$R$2),0),"-") -> 390 | P107: =IFERROR(ROUND(H107*(1+$R$2),0),"-") -> 739 | T107: =IFERROR(F107-E107,"") -> 138 | U107: =IFERROR(G107-F107,"") -> -34 | V107: =IFERROR(H107-G107,"") -> 304
B108: Tür | C108: 5103 | D108: =VLOOKUP($C108,Kalkulation_Platten!$C$6:$F$611,3,FALSE)&" / "&VLOOKUP($C108,Kalkulation_Platten!$C$6:$F$611,4,FALSE) -> 420 / 1440 | E108: =INDEX(Kalkulation_Platten!$C$3:$AM$1001,MATCH($C108,Kalkulation_Platten!$C$3:$C$1001,0),MATCH(E$3,Kalkulation_Platten!$C$3:$AM$3,0)) -> 257 | F108: =INDEX(Kalkulation_Platten!$C$3:$AM$1001,MATCH($C108,Kalkulation_Platten!$C$3:$C$1001,0),MATCH(F$3,Kalkulation_Platten!$C$3:$AM$3,0)) -> 472 | G108: =INDEX(Kalkulation_Platten!$C$3:$AM$1001,MATCH($C108,Kalkulation_Platten!$C$3:$C$1001,0),MATCH(G$3,Kalkulation_Platten!$C$3:$AM$3,0)) -> 402 | H108: =INDEX(Kalkulation_Platten!$C$3:$AM$1001,MATCH($C108,Kalkulation_Platten!$C$3:$C$1001,0),MATCH(H$3,Kalkulation_Platten!$C$3:$AM$3,0)) -> 712 | J108: Türe | K108: 5103 | L108: =VLOOKUP($C108,Kalkulation_Platten!$C$6:$F$611,3,FALSE)&" / "&VLOOKUP($C108,Kalkulation_Platten!$C$6:$F$611,4,FALSE) -> 420 / 1440 | M108: =IFERROR(ROUND(E108*(1+$R$2),0),"-") -> 296 | N108: =IFERROR(ROUND(F108*(1+$R$2),0),"-") -> 543 | O108: =IFERROR(ROUND(G108*(1+$R$2),0),"-") -> 462 | P108: =IFERROR(ROUND(H108*(1+$R$2),0),"-") -> 819 | T108: =IFERROR(F108-E108,"") -> 215 | U108: =IFERROR(G108-F108,"") -> -70 | V108: =IFERROR(H108-G108,"") -> 310
B109: Tür | C109: 5104 | D109: =VLOOKUP($C109,Kalkulation_Platten!$C$6:$F$611,3,FALSE)&" / "&VLOOKUP($C109,Kalkulation_Platten!$C$6:$F$611,4,FALSE) -> 420 / 1800 | E109: =INDEX(Kalkulation_Platten!$C$3:$AM$1001,MATCH($C109,Kalkulation_Platten!$C$3:$C$1001,0),MATCH(E$3,Kalkulation_Platten!$C$3:$AM$3,0)) -> 340 | F109: =INDEX(Kalkulation_Platten!$C$3:$AM$1001,MATCH($C109,Kalkulation_Platten!$C$3:$C$1001,0),MATCH(F$3,Kalkulation_Platten!$C$3:$AM$3,0)) -> 669 | G109: =INDEX(Kalkulation_Platten!$C$3:$AM$1001,MATCH($C109,Kalkulation_Platten!$C$3:$C$1001,0),MATCH(G$3,Kalkulation_Platten!$C$3:$AM$3,0)) -> 494 | H109: =INDEX(Kalkulation_Platten!$C$3:$AM$1001,MATCH($C109,Kalkulation_Platten!$C$3:$C$1001,0),MATCH(H$3,Kalkulation_Platten!$C$3:$AM$3,0)) -> 834 | J109: Türe | K109: 5104 | L109: =VLOOKUP($C109,Kalkulation_Platten!$C$6:$F$611,3,FALSE)&" / "&VLOOKUP($C109,Kalkulation_Platten!$C$6:$F$611,4,FALSE) -> 420 / 1800 | M109: =IFERROR(ROUND(E109*(1+$R$2),0),"-") -> 391 | N109: =IFERROR(ROUND(F109*(1+$R$2),0),"-") -> 769 | O109: =IFERROR(ROUND(G109*(1+$R$2),0),"-") -> 568 | P109: =IFERROR(ROUND(H109*(1+$R$2),0),"-") -> 959 | T109: =IFERROR(F109-E109,"") -> 329 | U109: =IFERROR(G109-F109,"") -> -175 | V109: =IFERROR(H109-G109,"") -> 340
B110: Tür | C110: 5105 | D110: =VLOOKUP($C110,Kalkulation_Platten!$C$6:$F$611,3,FALSE)&" / "&VLOOKUP($C110,Kalkulation_Platten!$C$6:$F$611,4,FALSE) -> 580 / 360 | E110: =INDEX(Kalkulation_Platten!$C$3:$AM$1001,MATCH($C110,Kalkulation_Platten!$C$3:$C$1001,0),MATCH(E$3,Kalkulation_Platten!$C$3:$AM$3,0)) -> 153 | F110: =INDEX(Kalkulation_Platten!$C$3:$AM$1001,MATCH($C110,Kalkulation_Platten!$C$3:$C$1001,0),MATCH(F$3,Kalkulation_Platten!$C$3:$AM$3,0)) -> 228 | G110: =INDEX(Kalkulation_Platten!$C$3:$AM$1001,MATCH($C110,Kalkulation_Platten!$C$3:$C$1001,0),MATCH(G$3,Kalkulation_Platten!$C$3:$AM$3,0)) -> 208 | H110: =INDEX(Kalkulation_Platten!$C$3:$AM$1001,MATCH($C110,Kalkulation_Platten!$C$3:$C$1001,0),MATCH(H$3,Kalkulation_Platten!$C$3:$AM$3,0)) -> 509 | J110: Türe | K110: 5105 | L110: =VLOOKUP($C110,Kalkulation_Platten!$C$6:$F$611,3,FALSE)&" / "&VLOOKUP($C110,Kalkulation_Platten!$C$6:$F$611,4,FALSE) -> 580 / 360 | M110: =IFERROR(ROUND(E110*(1+$R$2),0),"-") -> 176 | N110: =IFERROR(ROUND(F110*(1+$R$2),0),"-") -> 262 | O110: =IFERROR(ROUND(G110*(1+$R$2),0),"-") -> 239 | P110: =IFERROR(ROUND(H110*(1+$R$2),0),"-") -> 585 | T110: =IFERROR(F110-E110,"") -> 75 | U110: =IFERROR(G110-F110,"") -> -20 | V110: =IFERROR(H110-G110,"") -> 301
B111: Tür | C111: 5106 | D111: =VLOOKUP($C111,Kalkulation_Platten!$C$6:$F$611,3,FALSE)&" / "&VLOOKUP($C111,Kalkulation_Platten!$C$6:$F$611,4,FALSE) -> 580 / 720 | E111: =INDEX(Kalkulation_Platten!$C$3:$AM$1001,MATCH($C111,Kalkulation_Platten!$C$3:$C$1001,0),MATCH(E$3,Kalkulation_Platten!$C$3:$AM$3,0)) -> 210 | F111: =INDEX(Kalkulation_Platten!$C$3:$AM$1001,MATCH($C111,Kalkulation_Platten!$C$3:$C$1001,0),MATCH(F$3,Kalkulation_Platten!$C$3:$AM$3,0)) -> 332 | G111: =INDEX(Kalkulation_Platten!$C$3:$AM$1001,MATCH($C111,Kalkulation_Platten!$C$3:$C$1001,0),MATCH(G$3,Kalkulation_Platten!$C$3:$AM$3,0)) -> 306 | H111: =INDEX(Kalkulation_Platten!$C$3:$AM$1001,MATCH($C111,Kalkulation_Platten!$C$3:$C$1001,0),MATCH(H$3,Kalkulation_Platten!$C$3:$AM$3,0)) -> 585 | J111: Türe | K111: 5106 | L111: =VLOOKUP($C111,Kalkulation_Platten!$C$6:$F$611,3,FALSE)&" / "&VLOOKUP($C111,Kalkulation_Platten!$C$6:$F$611,4,FALSE) -> 580 / 720 | M111: =IFERROR(ROUND(E111*(1+$R$2),0),"-") -> 242 | N111: =IFERROR(ROUND(F111*(1+$R$2),0),"-") -> 382 | O111: =IFERROR(ROUND(G111*(1+$R$2),0),"-") -> 352 | P111: =IFERROR(ROUND(H111*(1+$R$2),0),"-") -> 673 | T111: =IFERROR(F111-E111,"") -> 122 | U111: =IFERROR(G111-F111,"") -> -26 | V111: =IFERROR(H111-G111,"") -> 279
B112: Tür | C112: 5107 | D112: =VLOOKUP($C112,Kalkulation_Platten!$C$6:$F$611,3,FALSE)&" / "&VLOOKUP($C112,Kalkulation_Platten!$C$6:$F$611,4,FALSE) -> 580 / 1080 | E112: =INDEX(Kalkulation_Platten!$C$3:$AM$1001,MATCH($C112,Kalkulation_Platten!$C$3:$C$1001,0),MATCH(E$3,Kalkulation_Platten!$C$3:$AM$3,0)) -> 278 | F112: =INDEX(Kalkulation_Platten!$C$3:$AM$1001,MATCH($C112,Kalkulation_Platten!$C$3:$C$1001,0),MATCH(F$3,Kalkulation_Platten!$C$3:$AM$3,0)) -> 459 | G112: =INDEX(Kalkulation_Platten!$C$3:$AM$1001,MATCH($C112,Kalkulation_Platten!$C$3:$C$1001,0),MATCH(G$3,Kalkulation_Platten!$C$3:$AM$3,0)) -> 415 | H112: =INDEX(Kalkulation_Platten!$C$3:$AM$1001,MATCH($C112,Kalkulation_Platten!$C$3:$C$1001,0),MATCH(H$3,Kalkulation_Platten!$C$3:$AM$3,0)) -> 709 | J112: Türe | K112: 5107 | L112: =VLOOKUP($C112,Kalkulation_Platten!$C$6:$F$611,3,FALSE)&" / "&VLOOKUP($C112,Kalkulation_Platten!$C$6:$F$611,4,FALSE) -> 580 / 1080 | M112: =IFERROR(ROUND(E112*(1+$R$2),0),"-") -> 320 | N112: =IFERROR(ROUND(F112*(1+$R$2),0),"-") -> 528 | O112: =IFERROR(ROUND(G112*(1+$R$2),0),"-") -> 477 | P112: =IFERROR(ROUND(H112*(1+$R$2),0),"-") -> 815 | T112: =IFERROR(F112-E112,"") -> 181 | U112: =IFERROR(G112-F112,"") -> -44 | V112: =IFERROR(H112-G112,"") -> 294
B113: Tür | C113: 5108 | D113: =VLOOKUP($C113,Kalkulation_Platten!$C$6:$F$611,3,FALSE)&" / "&VLOOKUP($C113,Kalkulation_Platten!$C$6:$F$611,4,FALSE) -> 580 / 1440 | E113: =INDEX(Kalkulation_Platten!$C$3:$AM$1001,MATCH($C113,Kalkulation_Platten!$C$3:$C$1001,0),MATCH(E$3,Kalkulation_Platten!$C$3:$AM$3,0)) -> 337 | F113: =INDEX(Kalkulation_Platten!$C$3:$AM$1001,MATCH($C113,Kalkulation_Platten!$C$3:$C$1001,0),MATCH(F$3,Kalkulation_Platten!$C$3:$AM$3,0)) -> 560 | G113: =INDEX(Kalkulation_Platten!$C$3:$AM$1001,MATCH($C113,Kalkulation_Platten!$C$3:$C$1001,0),MATCH(G$3,Kalkulation_Platten!$C$3:$AM$3,0)) -> 503 | H113: =INDEX(Kalkulation_Platten!$C$3:$AM$1001,MATCH($C113,Kalkulation_Platten!$C$3:$C$1001,0),MATCH(H$3,Kalkulation_Platten!$C$3:$AM$3,0)) -> 946 | J113: Türe | K113: 5108 | L113: =VLOOKUP($C113,Kalkulation_Platten!$C$6:$F$611,3,FALSE)&" / "&VLOOKUP($C113,Kalkulation_Platten!$C$6:$F$611,4,FALSE) -> 580 / 1440 | M113: =IFERROR(ROUND(E113*(1+$R$2),0),"-") -> 388 | N113: =IFERROR(ROUND(F113*(1+$R$2),0),"-") -> 644 | O113: =IFERROR(ROUND(G113*(1+$R$2),0),"-") -> 578 | P113: =IFERROR(ROUND(H113*(1+$R$2),0),"-") -> 1088 | T113: =IFERROR(F113-E113,"") -> 223 | U113: =IFERROR(G113-F113,"") -> -57 | V113: =IFERROR(H113-G113,"") -> 443
B114: Tür | C114: 5109 | D114: =VLOOKUP($C114,Kalkulation_Platten!$C$6:$F$611,3,FALSE)&" / "&VLOOKUP($C114,Kalkulation_Platten!$C$6:$F$611,4,FALSE) -> 580 / 1800 | E114: =INDEX(Kalkulation_Platten!$C$3:$AM$1001,MATCH($C114,Kalkulation_Platten!$C$3:$C$1001,0),MATCH(E$3,Kalkulation_Platten!$C$3:$AM$3,0)) -> 417 | F114: =INDEX(Kalkulation_Platten!$C$3:$AM$1001,MATCH($C114,Kalkulation_Platten!$C$3:$C$1001,0),MATCH(F$3,Kalkulation_Platten!$C$3:$AM$3,0)) -> 821 | G114: =INDEX(Kalkulation_Platten!$C$3:$AM$1001,MATCH($C114,Kalkulation_Platten!$C$3:$C$1001,0),MATCH(G$3,Kalkulation_Platten!$C$3:$AM$3,0)) -> 619 | H114: =INDEX(Kalkulation_Platten!$C$3:$AM$1001,MATCH($C114,Kalkulation_Platten!$C$3:$C$1001,0),MATCH(H$3,Kalkulation_Platten!$C$3:$AM$3,0)) -> 1164 | J114: Türe | K114: 5109 | L114: =VLOOKUP($C114,Kalkulation_Platten!$C$6:$F$611,3,FALSE)&" / "&VLOOKUP($C114,Kalkulation_Platten!$C$6:$F$611,4,FALSE) -> 580 / 1800 | M114: =IFERROR(ROUND(E114*(1+$R$2),0),"-") -> 480 | N114: =IFERROR(ROUND(F114*(1+$R$2),0),"-") -> 944 | O114: =IFERROR(ROUND(G114*(1+$R$2),0),"-") -> 712 | P114: =IFERROR(ROUND(H114*(1+$R$2),0),"-") -> 1339 | T114: =IFERROR(F114-E114,"") -> 404 | U114: =IFERROR(G114-F114,"") -> -202 | V114: =IFERROR(H114-G114,"") -> 545
B115: Tür | C115: 5110 | D115: =VLOOKUP($C115,Kalkulation_Platten!$C$6:$F$611,3,FALSE)&" / "&VLOOKUP($C115,Kalkulation_Platten!$C$6:$F$611,4,FALSE) -> 360 / 360 | E115: =INDEX(Kalkulation_Platten!$C$3:$AM$1001,MATCH($C115,Kalkulation_Platten!$C$3:$C$1001,0),MATCH(E$3,Kalkulation_Platten!$C$3:$AM$3,0)) -> 136 | F115: =INDEX(Kalkulation_Platten!$C$3:$AM$1001,MATCH($C115,Kalkulation_Platten!$C$3:$C$1001,0),MATCH(F$3,Kalkulation_Platten!$C$3:$AM$3,0)) -> 268 | G115: =INDEX(Kalkulation_Platten!$C$3:$AM$1001,MATCH($C115,Kalkulation_Platten!$C$3:$C$1001,0),MATCH(G$3,Kalkulation_Platten!$C$3:$AM$3,0)) -> 237 | H115: =INDEX(Kalkulation_Platten!$C$3:$AM$1001,MATCH($C115,Kalkulation_Platten!$C$3:$C$1001,0),MATCH(H$3,Kalkulation_Platten!$C$3:$AM$3,0)) -> 446 | J115: Türe | K115: 5110 | L115: =VLOOKUP($C115,Kalkulation_Platten!$C$6:$F$611,3,FALSE)&" / "&VLOOKUP($C115,Kalkulation_Platten!$C$6:$F$611,4,FALSE) -> 360 / 360 | M115: =IFERROR(ROUND(E115*(1+$R$2),0),"-") -> 156 | N115: =IFERROR(ROUND(F115*(1+$R$2),0),"-") -> 308 | O115: =IFERROR(ROUND(G115*(1+$R$2),0),"-") -> 273 | P115: =IFERROR(ROUND(H115*(1+$R$2),0),"-") -> 513 | T115: =IFERROR(F115-E115,"") -> 132 | U115: =IFERROR(G115-F115,"") -> -31 | V115: =IFERROR(H115-G115,"") -> 209
B116: Tür | C116: 5111 | D116: =VLOOKUP($C116,Kalkulation_Platten!$C$6:$F$611,3,FALSE)&" / "&VLOOKUP($C116,Kalkulation_Platten!$C$6:$F$611,4,FALSE) -> 780 / 360 | E116: =INDEX(Kalkulation_Platten!$C$3:$AM$1001,MATCH($C116,Kalkulation_Platten!$C$3:$C$1001,0),MATCH(E$3,Kalkulation_Platten!$C$3:$AM$3,0)) -> 0 | F116: =INDEX(Kalkulation_Platten!$C$3:$AM$1001,MATCH($C116,Kalkulation_Platten!$C$3:$C$1001,0),MATCH(F$3,Kalkulation_Platten!$C$3:$AM$3,0)) -> 0 | G116: =INDEX(Kalkulation_Platten!$C$3:$AM$1001,MATCH($C116,Kalkulation_Platten!$C$3:$C$1001,0),MATCH(G$3,Kalkulation_Platten!$C$3:$AM$3,0)) -> 259 | H116: =INDEX(Kalkulation_Platten!$C$3:$AM$1001,MATCH($C116,Kalkulation_Platten!$C$3:$C$1001,0),MATCH(H$3,Kalkulation_Platten!$C$3:$AM$3,0)) -> 487 | J116: Türe | K116: 5111 | L116: =VLOOKUP($C116,Kalkulation_Platten!$C$6:$F$611,3,FALSE)&" / "&VLOOKUP($C116,Kalkulation_Platten!$C$6:$F$611,4,FALSE) -> 780 / 360 | M116: =IFERROR(ROUND(E116*(1+$R$2),0),"-") -> 0 | N116: =IFERROR(ROUND(F116*(1+$R$2),0),"-") -> 0 | O116: =IFERROR(ROUND(G116*(1+$R$2),0),"-") -> 298 | P116: =IFERROR(ROUND(H116*(1+$R$2),0),"-") -> 560 | T116: =IFERROR(F116-E116,"") -> 0 | U116: =IFERROR(G116-F116,"") -> 259 | V116: =IFERROR(H116-G116,"") -> 228
... B120: Tür | C120: 5115 | D120: =VLOOKUP($C120,Kalkulation_Platten!$C$6:$F$611,3,FALSE)&" / "&VLOOKUP($C120,Kalkulation_Platten!$C$6:$F$611,4,FALSE) -> 780 / 1800 | E120: =INDEX(Kalkulation_Platten!$C$3:$AM$1001,MATCH($C120,Kalkulation_Platten!$C$3:$C$1001,0),MATCH(E$3,Kalkulation_Platten!$C$3:$AM$3,0)) -> 0 | F120: =INDEX(Kalkulation_Platten!$C$3:$AM$1001,MATCH($C120,Kalkulation_Platten!$C$3:$C$1001,0),MATCH(F$3,Kalkulation_Platten!$C$3:$AM$3,0)) -> 0 | G120: =INDEX(Kalkulation_Platten!$C$3:$AM$1001,MATCH($C120,Kalkulation_Platten!$C$3:$C$1001,0),MATCH(G$3,Kalkulation_Platten!$C$3:$AM$3,0)) -> 10 | H120: =INDEX(Kalkulation_Platten!$C$3:$AM$1001,MATCH($C120,Kalkulation_Platten!$C$3:$C$1001,0),MATCH(H$3,Kalkulation_Platten!$C$3:$AM$3,0)) -> 19 | J120: Türe | K120: 5115 | L120: =VLOOKUP($C120,Kalkulation_Platten!$C$6:$F$611,3,FALSE)&" / "&VLOOKUP($C120,Kalkulation_Platten!$C$6:$F$611,4,FALSE) -> 780 / 1800 | M120: =IFERROR(ROUND(E120*(1+$R$2),0),"-") -> 0 | N120: =IFERROR(ROUND(F120*(1+$R$2),0),"-") -> 0 | O120: =IFERROR(ROUND(G120*(1+$R$2),0),"-") -> 12 | P120: =IFERROR(ROUND(H120*(1+$R$2),0),"-") -> 22 | T120: =IFERROR(F120-E120,"") -> 0 | U120: =IFERROR(G120-F120,"") -> 10 | V120: =IFERROR(H120-G120,"") -> 9
T121: =IFERROR(F121-E121,"") -> 0 | U121: =IFERROR(G121-F121,"") -> 0 | V121: =IFERROR(H121-G121,"") -> 0
B122: Panel | C122: Art. Nr. | D122: Breite / Tiefe | E122: PG1 | F122: PG2 | G122: PG3 | H122: PG4 | J122: Panel | K122: Art. Nr. | L122: Breite / Tiefe | M122: PG1 | N122: PG2 | O122: PG3 | P122: PG4 | T122: =IFERROR(F122-E122,"") | U122: =IFERROR(G122-F122,"") | V122: =IFERROR(H122-G122,"")
B123: Doppeltür | C123: 5200 | D123: =VLOOKUP($C123,Kalkulation_Platten!$C$6:$F$611,3,FALSE)&" / "&VLOOKUP($C123,Kalkulation_Platten!$C$6:$F$611,4,FALSE) -> 780 / 360 | E123: =INDEX(Kalkulation_Platten!$C$3:$AM$1001,MATCH($C123,Kalkulation_Platten!$C$3:$C$1001,0),MATCH(E$3,Kalkulation_Platten!$C$3:$AM$3,0)) -> 255 | F123: =INDEX(Kalkulation_Platten!$C$3:$AM$1001,MATCH($C123,Kalkulation_Platten!$C$3:$C$1001,0),MATCH(F$3,Kalkulation_Platten!$C$3:$AM$3,0)) -> 367 | G123: =INDEX(Kalkulation_Platten!$C$3:$AM$1001,MATCH($C123,Kalkulation_Platten!$C$3:$C$1001,0),MATCH(G$3,Kalkulation_Platten!$C$3:$AM$3,0)) -> 334 | H123: =INDEX(Kalkulation_Platten!$C$3:$AM$1001,MATCH($C123,Kalkulation_Platten!$C$3:$C$1001,0),MATCH(H$3,Kalkulation_Platten!$C$3:$AM$3,0)) -> 867 | J123: DT | K123: 5200 | L123: =VLOOKUP($C123,Kalkulation_Platten!$C$6:$F$611,3,FALSE)&" / "&VLOOKUP($C123,Kalkulation_Platten!$C$6:$F$611,4,FALSE) -> 780 / 360 | M123: =IFERROR(ROUND(E123*(1+$R$2),0),"-") -> 293 | N123: =IFERROR(ROUND(F123*(1+$R$2),0),"-") -> 422 | O123: =IFERROR(ROUND(G123*(1+$R$2),0),"-") -> 384 | P123: =IFERROR(ROUND(H123*(1+$R$2),0),"-") -> 997 | T123: =IFERROR(F123-E123,"") -> 112 | U123: =IFERROR(G123-F123,"") -> -33 | V123: =IFERROR(H123-G123,"") -> 533
B124: Doppeltür | C124: 5210 | D124: =VLOOKUP($C124,Kalkulation_Platten!$C$6:$F$611,3,FALSE)&" / "&VLOOKUP($C124,Kalkulation_Platten!$C$6:$F$611,4,FALSE) -> 780 / 660 | E124: =INDEX(Kalkulation_Platten!$C$3:$AM$1001,MATCH($C124,Kalkulation_Platten!$C$3:$C$1001,0),MATCH(E$3,Kalkulation_Platten!$C$3:$AM$3,0)) -> 314 | F124: =INDEX(Kalkulation_Platten!$C$3:$AM$1001,MATCH($C124,Kalkulation_Platten!$C$3:$C$1001,0),MATCH(F$3,Kalkulation_Platten!$C$3:$AM$3,0)) -> 618 | G124: =INDEX(Kalkulation_Platten!$C$3:$AM$1001,MATCH($C124,Kalkulation_Platten!$C$3:$C$1001,0),MATCH(G$3,Kalkulation_Platten!$C$3:$AM$3,0)) -> 423 | H124: =INDEX(Kalkulation_Platten!$C$3:$AM$1001,MATCH($C124,Kalkulation_Platten!$C$3:$C$1001,0),MATCH(H$3,Kalkulation_Platten!$C$3:$AM$3,0)) -> 796 | J124: DT | K124: 5210 | L124: =VLOOKUP($C124,Kalkulation_Platten!$C$6:$F$611,3,FALSE)&" / "&VLOOKUP($C124,Kalkulation_Platten!$C$6:$F$611,4,FALSE) -> 780 / 660 | M124: =IFERROR(ROUND(E124*(1+$R$2),0),"-") -> 361 | N124: =IFERROR(ROUND(F124*(1+$R$2),0),"-") -> 711 | O124: =IFERROR(ROUND(G124*(1+$R$2),0),"-") -> 486 | P124: =IFERROR(ROUND(H124*(1+$R$2),0),"-") -> 915 | T124: =IFERROR(F124-E124,"") -> 304 | U124: =IFERROR(G124-F124,"") -> -195 | V124: =IFERROR(H124-G124,"") -> 373
B125: Doppeltür | C125: 5201 | D125: =VLOOKUP($C125,Kalkulation_Platten!$C$6:$F$611,3,FALSE)&" / "&VLOOKUP($C125,Kalkulation_Platten!$C$6:$F$611,4,FALSE) -> 780 / 720 | E125: =INDEX(Kalkulation_Platten!$C$3:$AM$1001,MATCH($C125,Kalkulation_Platten!$C$3:$C$1001,0),MATCH(E$3,Kalkulation_Platten!$C$3:$AM$3,0)) -> 314 | F125: =INDEX(Kalkulation_Platten!$C$3:$AM$1001,MATCH($C125,Kalkulation_Platten!$C$3:$C$1001,0),MATCH(F$3,Kalkulation_Platten!$C$3:$AM$3,0)) -> 484 | G125: =INDEX(Kalkulation_Platten!$C$3:$AM$1001,MATCH($C125,Kalkulation_Platten!$C$3:$C$1001,0),MATCH(G$3,Kalkulation_Platten!$C$3:$AM$3,0)) -> 423 | H125: =INDEX(Kalkulation_Platten!$C$3:$AM$1001,MATCH($C125,Kalkulation_Platten!$C$3:$C$1001,0),MATCH(H$3,Kalkulation_Platten!$C$3:$AM$3,0)) -> 902 | J125: DT | K125: 5201 | L125: =VLOOKUP($C125,Kalkulation_Platten!$C$6:$F$611,3,FALSE)&" / "&VLOOKUP($C125,Kalkulation_Platten!$C$6:$F$611,4,FALSE) -> 780 / 720 | M125: =IFERROR(ROUND(E125*(1+$R$2),0),"-") -> 361 | N125: =IFERROR(ROUND(F125*(1+$R$2),0),"-") -> 557 | O125: =IFERROR(ROUND(G125*(1+$R$2),0),"-") -> 486 | P125: =IFERROR(ROUND(H125*(1+$R$2),0),"-") -> 1037 | T125: =IFERROR(F125-E125,"") -> 170 | U125: =IFERROR(G125-F125,"") -> -61 | V125: =IFERROR(H125-G125,"") -> 479
B126: Doppeltür | C126: 5202 | D126: =VLOOKUP($C126,Kalkulation_Platten!$C$6:$F$611,3,FALSE)&" / "&VLOOKUP($C126,Kalkulation_Platten!$C$6:$F$611,4,FALSE) -> 780 / 1080 | E126: =INDEX(Kalkulation_Platten!$C$3:$AM$1001,MATCH($C126,Kalkulation_Platten!$C$3:$C$1001,0),MATCH(E$3,Kalkulation_Platten!$C$3:$AM$3,0)) -> 464 | F126: =INDEX(Kalkulation_Platten!$C$3:$AM$1001,MATCH($C126,Kalkulation_Platten!$C$3:$C$1001,0),MATCH(F$3,Kalkulation_Platten!$C$3:$AM$3,0)) -> 716 | G126: =INDEX(Kalkulation_Platten!$C$3:$AM$1001,MATCH($C126,Kalkulation_Platten!$C$3:$C$1001,0),MATCH(G$3,Kalkulation_Platten!$C$3:$AM$3,0)) -> 624 | H126: =INDEX(Kalkulation_Platten!$C$3:$AM$1001,MATCH($C126,Kalkulation_Platten!$C$3:$C$1001,0),MATCH(H$3,Kalkulation_Platten!$C$3:$AM$3,0)) -> 1139 | J126: DT | K126: 5202 | L126: =VLOOKUP($C126,Kalkulation_Platten!$C$6:$F$611,3,FALSE)&" / "&VLOOKUP($C126,Kalkulation_Platten!$C$6:$F$611,4,FALSE) -> 780 / 1080 | M126: =IFERROR(ROUND(E126*(1+$R$2),0),"-") -> 534 | N126: =IFERROR(ROUND(F126*(1+$R$2),0),"-") -> 823 | O126: =IFERROR(ROUND(G126*(1+$R$2),0),"-") -> 718 | P126: =IFERROR(ROUND(H126*(1+$R$2),0),"-") -> 1310 | T126: =IFERROR(F126-E126,"") -> 252 | U126: =IFERROR(G126-F126,"") -> -92 | V126: =IFERROR(H126-G126,"") -> 515
B127: Doppeltür | C127: 5203 | D127: =VLOOKUP($C127,Kalkulation_Platten!$C$6:$F$611,3,FALSE)&" / "&VLOOKUP($C127,Kalkulation_Platten!$C$6:$F$611,4,FALSE) -> 780 / 1440 | E127: =INDEX(Kalkulation_Platten!$C$3:$AM$1001,MATCH($C127,Kalkulation_Platten!$C$3:$C$1001,0),MATCH(E$3,Kalkulation_Platten!$C$3:$AM$3,0)) -> 542 | F127: =INDEX(Kalkulation_Platten!$C$3:$AM$1001,MATCH($C127,Kalkulation_Platten!$C$3:$C$1001,0),MATCH(F$3,Kalkulation_Platten!$C$3:$AM$3,0)) -> 863 | G127: =INDEX(Kalkulation_Platten!$C$3:$AM$1001,MATCH($C127,Kalkulation_Platten!$C$3:$C$1001,0),MATCH(G$3,Kalkulation_Platten!$C$3:$AM$3,0)) -> 746 | H127: =INDEX(Kalkulation_Platten!$C$3:$AM$1001,MATCH($C127,Kalkulation_Platten!$C$3:$C$1001,0),MATCH(H$3,Kalkulation_Platten!$C$3:$AM$3,0)) -> 1265 | J127: DT | K127: 5203 | L127: =VLOOKUP($C127,Kalkulation_Platten!$C$6:$F$611,3,FALSE)&" / "&VLOOKUP($C127,Kalkulation_Platten!$C$6:$F$611,4,FALSE) -> 780 / 1440 | M127: =IFERROR(ROUND(E127*(1+$R$2),0),"-") -> 623 | N127: =IFERROR(ROUND(F127*(1+$R$2),0),"-") -> 992 | O127: =IFERROR(ROUND(G127*(1+$R$2),0),"-") -> 858 | P127: =IFERROR(ROUND(H127*(1+$R$2),0),"-") -> 1455 | T127: =IFERROR(F127-E127,"") -> 321 | U127: =IFERROR(G127-F127,"") -> -117 | V127: =IFERROR(H127-G127,"") -> 519
B128: Doppeltür | C128: 5204 | D128: =VLOOKUP($C128,Kalkulation_Platten!$C$6:$F$611,3,FALSE)&" / "&VLOOKUP($C128,Kalkulation_Platten!$C$6:$F$611,4,FALSE) -> 780 / 1800 | E128: =INDEX(Kalkulation_Platten!$C$3:$AM$1001,MATCH($C128,Kalkulation_Platten!$C$3:$C$1001,0),MATCH(E$3,Kalkulation_Platten!$C$3:$AM$3,0)) -> 668 | F128: =INDEX(Kalkulation_Platten!$C$3:$AM$1001,MATCH($C128,Kalkulation_Platten!$C$3:$C$1001,0),MATCH(F$3,Kalkulation_Platten!$C$3:$AM$3,0)) -> 1315 | G128: =INDEX(Kalkulation_Platten!$C$3:$AM$1001,MATCH($C128,Kalkulation_Platten!$C$3:$C$1001,0),MATCH(G$3,Kalkulation_Platten!$C$3:$AM$3,0)) -> 917 | H128: =INDEX(Kalkulation_Platten!$C$3:$AM$1001,MATCH($C128,Kalkulation_Platten!$C$3:$C$1001,0),MATCH(H$3,Kalkulation_Platten!$C$3:$AM$3,0)) -> 1496 | J128: DT | K128: 5204 | L128: =VLOOKUP($C128,Kalkulation_Platten!$C$6:$F$611,3,FALSE)&" / "&VLOOKUP($C128,Kalkulation_Platten!$C$6:$F$611,4,FALSE) -> 780 / 1800 | M128: =IFERROR(ROUND(E128*(1+$R$2),0),"-") -> 768 | N128: =IFERROR(ROUND(F128*(1+$R$2),0),"-") -> 1512 | O128: =IFERROR(ROUND(G128*(1+$R$2),0),"-") -> 1055 | P128: =IFERROR(ROUND(H128*(1+$R$2),0),"-") -> 1720 | T128: =IFERROR(F128-E128,"") -> 647 | U128: =IFERROR(G128-F128,"") -> -398 | V128: =IFERROR(H128-G128,"") -> 579
B129: Doppeltür | C129: 5205 | D129: =VLOOKUP($C129,Kalkulation_Platten!$C$6:$F$611,3,FALSE)&" / "&VLOOKUP($C129,Kalkulation_Platten!$C$6:$F$611,4,FALSE) -> 980 / 360 | E129: =INDEX(Kalkulation_Platten!$C$3:$AM$1001,MATCH($C129,Kalkulation_Platten!$C$3:$C$1001,0),MATCH(E$3,Kalkulation_Platten!$C$3:$AM$3,0)) -> 269 | F129: =INDEX(Kalkulation_Platten!$C$3:$AM$1001,MATCH($C129,Kalkulation_Platten!$C$3:$C$1001,0),MATCH(F$3,Kalkulation_Platten!$C$3:$AM$3,0)) -> 406 | G129: =INDEX(Kalkulation_Platten!$C$3:$AM$1001,MATCH($C129,Kalkulation_Platten!$C$3:$C$1001,0),MATCH(G$3,Kalkulation_Platten!$C$3:$AM$3,0)) -> 363 | H129: =INDEX(Kalkulation_Platten!$C$3:$AM$1001,MATCH($C129,Kalkulation_Platten!$C$3:$C$1001,0),MATCH(H$3,Kalkulation_Platten!$C$3:$AM$3,0)) -> 888 | J129: DT | K129: 5205 | L129: =VLOOKUP($C129,Kalkulation_Platten!$C$6:$F$611,3,FALSE)&" / "&VLOOKUP($C129,Kalkulation_Platten!$C$6:$F$611,4,FALSE) -> 980 / 360 | M129: =IFERROR(ROUND(E129*(1+$R$2),0),"-") -> 309 | N129: =IFERROR(ROUND(F129*(1+$R$2),0),"-") -> 467 | O129: =IFERROR(ROUND(G129*(1+$R$2),0),"-") -> 417 | P129: =IFERROR(ROUND(H129*(1+$R$2),0),"-") -> 1021 | T129: =IFERROR(F129-E129,"") -> 137 | U129: =IFERROR(G129-F129,"") -> -43 | V129: =IFERROR(H129-G129,"") -> 525
B130: Doppeltür | C130: 5206 | D130: =VLOOKUP($C130,Kalkulation_Platten!$C$6:$F$611,3,FALSE)&" / "&VLOOKUP($C130,Kalkulation_Platten!$C$6:$F$611,4,FALSE) -> 980 / 720 | E130: =INDEX(Kalkulation_Platten!$C$3:$AM$1001,MATCH($C130,Kalkulation_Platten!$C$3:$C$1001,0),MATCH(E$3,Kalkulation_Platten!$C$3:$AM$3,0)) -> 375 | F130: =INDEX(Kalkulation_Platten!$C$3:$AM$1001,MATCH($C130,Kalkulation_Platten!$C$3:$C$1001,0),MATCH(F$3,Kalkulation_Platten!$C$3:$AM$3,0)) -> 587 | G130: =INDEX(Kalkulation_Platten!$C$3:$AM$1001,MATCH($C130,Kalkulation_Platten!$C$3:$C$1001,0),MATCH(G$3,Kalkulation_Platten!$C$3:$AM$3,0)) -> 517 | H130: =INDEX(Kalkulation_Platten!$C$3:$AM$1001,MATCH($C130,Kalkulation_Platten!$C$3:$C$1001,0),MATCH(H$3,Kalkulation_Platten!$C$3:$AM$3,0)) -> 944 | J130: DT | K130: 5206 | L130: =VLOOKUP($C130,Kalkulation_Platten!$C$6:$F$611,3,FALSE)&" / "&VLOOKUP($C130,Kalkulation_Platten!$C$6:$F$611,4,FALSE) -> 980 / 720 | M130: =IFERROR(ROUND(E130*(1+$R$2),0),"-") -> 431 | N130: =IFERROR(ROUND(F130*(1+$R$2),0),"-") -> 675 | O130: =IFERROR(ROUND(G130*(1+$R$2),0),"-") -> 595 | P130: =IFERROR(ROUND(H130*(1+$R$2),0),"-") -> 1086 | T130: =IFERROR(F130-E130,"") -> 212 | U130: =IFERROR(G130-F130,"") -> -70 | V130: =IFERROR(H130-G130,"") -> 427
...

Sheet Kalkulation_Platten
A1: 1 | B1: 2 | C1: 3 | D1: 4 | E1: 5 | F1: 6 | G1: 7 | H1: 8 | I1: 9 | J1: 10 | K1: 12 | L1: 13 | M1: 14 | N1: 15 | O1: 16 | P1: 17 | Q1: 21 | R1: 22 | S1: 23 | T1: 24 | U1: 25 | V1: 26 | W1: 30 | X1: 31 | Y1: 32 | Z1: 33 | AA1: 34 | AB1: 35 | AC1: 36 | AD1: 37 | AE1: 38 | AF1: 39 | AG1: 40 | AH1: 41 | AI1: 42 | AJ1: 43 | AK1: 44 | AL1: 45 | AM1: 46 | AN1: 47
I2: min | J2: 5 | K2: Inflation | L2: 0.03 | M2: Jahre | N2: 10 | P2: min | Q2: 20 | R2: Inflation | S2: 0.03 | T2: Jahre | U2: 10 | V2: min | W2: 10 | X2: Inflation | Y2: 0.03 | Z2: Jahre | AA2: 10 | AB2: min | AC2: 10 | AD2: Inflation | AE2: 0.03 | AF2: Jahre | AG2: 10 | AJ2: 0.1 | AK2: 0.1 | AL2: 0.1 | AM2: 0.1
K3: PG1 | L3: MDF | Q3: PG2 | R3: Aluminium | W3: PG3 | X3: Furnier | AC3: PG4 | AD3: Glas | AJ3: CHF | AK3: CHF | AL3: CHF | AM3: CHF
A4: Bez. | B4: Bezeichnung VPM | C4: Nummer | D4: Bez. Kurz | E4: M1 | F4: M2 | I4: m2 | J4: lfm | K4: Preis | L4: Preis alt | M4: Delta rel. | N4: Delta abs. | O4: Status | Q4: Preis | R4: Preis alt | S4: Delta rel. | T4: Delta abs. | U4: Status | V4: =AVERAGE(R6:R611)/AVERAGE(L6:L611) -> 1.9682652 | W4: Preis | X4: Preis alt | Y4: Delta rel. | Z4: Delta abs. | AA4: Status | AB4: =AVERAGE(X6:X611)/AVERAGE(R6:R611) -> 0.51822193 | AC4: Preis | AD4: Preis alt | AE4: Delta rel. | AF4: Delta abs. | AG4: Status | AH4: =AVERAGE(AD6:AD611)/AVERAGE(X6:X611) -> 1.8811601 | AJ4: PG1 | AK4: PG2 | AL4: PG3 | AM4: PG4
B5: Boden | I5: =AVERAGE(I$6:I$56) -> 0.38635 | J5: 34 | K5: =AVERAGE(K$6:K$56) -> 24.313725 | M5: =AVERAGE(M6:M56) -> 0.4886483 | S5: =AVERAGE(S6:S56) -> 0.49431021 | Y5: =AVERAGE(Y6:Y56) -> 0.44184309 | AC5: 0.45
A6: Boden | B6: =IF(OR(E6="-",F6="-"),"-",D6&" ("&E6&"x"&F6&")") -> Boden (360x360) | C6: 3000 | D6: Boden | E6: 360 | F6: 360 | I6: =+IF($E6="","",MAX($E6,360)/1000*MAX($F6,360)/1000) -> 0.1296 | J6: =IF($F6="","",2*MAX($E6,360)/1000+2*MAX($F6,360)/1000) -> 1.44 | K6: =+IFERROR(MAX($J$5,ROUND(L6*(1+L$2)^N$2+J$2,0)),0) -> 34 | L6: 18 | M6: =IFERROR(K6/L6-1,"-") -> 0.88888889 | N6: =IFERROR(K6-L6,"-") -> 16 | O6: OK | Q6: =+IFERROR(IF(AND(R6="-",K6>0),ROUND(V$4*K6,0),ROUND(R6*(1+S$2)^U$2+Q$2,0)),0) -> 114 | R6: 70 | S6: =IFERROR(Q6/R6-1,"-") -> 0.62857143 | T6: =IFERROR(Q6-R6,"-") -> 44 | U6: OK | W6: =+IFERROR(IF(AND(X6="-",Q6>0),ROUND(AB$4*Q6,0),ROUND(X6*(1+Y$2)^AA$2+W$2,0)),0) -> 89 | X6: 59 | Y6: =IFERROR(W6/X6-1,"-") -> 0.50847458 | Z6: =IFERROR(W6-X6,"-") -> 30 | AA6: OK | AB6: =+AC6-W6 -> 88 | AC6: =+IFERROR(IF(AND(AD6="-",W6>0),ROUND(AH$4*W6,0),ROUND(AD6*(1+AE$2)^AG$2+AC$2,0)),0) -> 177 | AD6: 124 | AE6: =IFERROR(AC6/AD6-1,"-") -> 0.42741935 | AF6: =IFERROR(AC6-AD6,"-") -> 53 | AG6: OK | AJ6: =+IFERROR(ROUND(K6*(1+AJ$2),0),"-") -> 37 | AK6: =+IFERROR(ROUND(Q6*(1+AK$2),0),"-") -> 125 | AL6: =+IFERROR(ROUND(AC6*(1+AL$2),0),"-") -> 195 | AM6: =+IFERROR(ROUND(W6*(1+AM$2),0),"-") -> 98
A7: Boden | B7: =IF(OR(E7="-",F7="-"),"-",D7&" ("&E7&"x"&F7&")") -> Boden (420x360) | C7: 3001 | D7: Boden | E7: 420 | F7: 360 | I7: =+IF($E7="","",MAX($E7,360)/1000*MAX($F7,360)/1000) -> 0.1512 | J7: =IF($F7="","",2*MAX($E7,360)/1000+2*MAX($F7,360)/1000) -> 1.56 | K7: =+IFERROR(MAX($J$5,ROUND(L7*(1+L$2)^N$2+J$2,0)),0) -> 34 | L7: 21 | M7: =IFERROR(K7/L7-1,"-") -> 0.61904762 | N7: =IFERROR(K7-L7,"-") -> 13 | O7: OK | Q7: =+IFERROR(IF(AND(R7="-",K7>0),ROUND(V$4*K7,0),ROUND(R7*(1+S$2)^U$2+Q$2,0)),0) -> 121 | R7: 75 | S7: =IFERROR(Q7/R7-1,"-") -> 0.61333333 | T7: =IFERROR(Q7-R7,"-") -> 46 | U7: OK | W7: =+IFERROR(IF(AND(X7="-",Q7>0),ROUND(AB$4*Q7,0),ROUND(X7*(1+Y$2)^AA$2+W$2,0)),0) -> 92 | X7: 61 | Y7: =IFERROR(W7/X7-1,"-") -> 0.50819672 | Z7: =IFERROR(W7-X7,"-") -> 31 | AA7: OK | AB7: =+AC7-W7 -> 86 | AC7: =+IFERROR(IF(AND(AD7="-",W7>0),ROUND(AH$4*W7,0),ROUND(AD7*(1+AE$2)^AG$2+AC$2,0)),0) -> 178 | AD7: 125 | AE7: =IFERROR(AC7/AD7-1,"-") -> 0.424 | AF7: =IFERROR(AC7-AD7,"-") -> 53 | AG7: OK | AJ7: =+IFERROR(ROUND(K7*(1+AJ$2),0),"-") -> 37 | AK7: =+IFERROR(ROUND(Q7*(1+AK$2),0),"-") -> 133 | AL7: =+IFERROR(ROUND(AC7*(1+AL$2),0),"-") -> 196 | AM7: =+IFERROR(ROUND(W7*(1+AM$2),0),"-") -> 101
A8: Boden | B8: =IF(OR(E8="-",F8="-"),"-",D8&" ("&E8&"x"&F8&")") -> Boden (580x360) | C8: 3002 | D8: Boden | E8: 580 | F8: 360 | I8: =+IF($E8="","",MAX($E8,360)/1000*MAX($F8,360)/1000) -> 0.2088 | J8: =IF($F8="","",2*MAX($E8,360)/1000+2*MAX($F8,360)/1000) -> 1.88 | K8: =+IFERROR(MAX($J$5,ROUND(L8*(1+L$2)^N$2+J$2,0)),0) -> 43 | L8: 28 | M8: =IFERROR(K8/L8-1,"-") -> 0.53571429 | N8: =IFERROR(K8-L8,"-") -> 15 | O8: OK | Q8: =+IFERROR(IF(AND(R8="-",K8>0),ROUND(V$4*K8,0),ROUND(R8*(1+S$2)^U$2+Q$2,0)),0) -> 161 | R8: 105 | S8: =IFERROR(Q8/R8-1,"-") -> 0.53333333 | T8: =IFERROR(Q8-R8,"-") -> 56 | U8: OK | W8: =+IFERROR(IF(AND(X8="-",Q8>0),ROUND(AB$4*Q8,0),ROUND(X8*(1+Y$2)^AA$2+W$2,0)),0) -> 130 | X8: 89 | Y8: =IFERROR(W8/X8-1,"-") -> 0.46067416 | Z8: =IFERROR(W8-X8,"-") -> 41 | AA8: OK | AB8: =+AC8-W8 -> 55 | AC8: =+IFERROR(IF(AND(AD8="-",W8>0),ROUND(AH$4*W8,0),ROUND(AD8*(1+AE$2)^AG$2+AC$2,0)),0) -> 185 | AD8: 130 | AE8: =IFERROR(AC8/AD8-1,"-") -> 0.42307692 | AF8: =IFERROR(AC8-AD8,"-") -> 55 | AG8: OK | AJ8: =+IFERROR(ROUND(K8*(1+AJ$2),0),"-") -> 47 | AK8: =+IFERROR(ROUND(Q8*(1+AK$2),0),"-") -> 177 | AL8: =+IFERROR(ROUND(AC8*(1+AL$2),0),"-") -> 204 | AM8: =+IFERROR(ROUND(W8*(1+AM$2),0),"-") -> 143
A9: Boden | B9: =IF(OR(E9="-",F9="-"),"-",D9&" ("&E9&"x"&F9&")") -> Boden (780x360) | C9: 3003 | D9: Boden | E9: 780 | F9: 360 | I9: =+IF($E9="","",MAX($E9,360)/1000*MAX($F9,360)/1000) -> 0.2808 | J9: =IF($F9="","",2*MAX($E9,360)/1000+2*MAX($F9,360)/1000) -> 2.28 | K9: =+IFERROR(MAX($J$5,ROUND(L9*(1+L$2)^N$2+J$2,0)),0) -> 56 | L9: 38 | M9: =IFERROR(K9/L9-1,"-") -> 0.47368421 | N9: =IFERROR(K9-L9,"-") -> 18 | O9: OK | Q9: =+IFERROR(IF(AND(R9="-",K9>0),ROUND(V$4*K9,0),ROUND(R9*(1+S$2)^U$2+Q$2,0)),0) -> 185 | R9: 123 | S9: =IFERROR(Q9/R9-1,"-") -> 0.50406504 | T9: =IFERROR(Q9-R9,"-") -> 62 | U9: OK | W9: =+IFERROR(IF(AND(X9="-",Q9>0),ROUND(AB$4*Q9,0),ROUND(X9*(1+Y$2)^AA$2+W$2,0)),0) -> 144 | X9: 100 | Y9: =IFERROR(W9/X9-1,"-") -> 0.44 | Z9: =IFERROR(W9-X9,"-") -> 44 | AA9: OK | AB9: =+AC9-W9 -> 46 | AC9: =+IFERROR(IF(AND(AD9="-",W9>0),ROUND(AH$4*W9,0),ROUND(AD9*(1+AE$2)^AG$2+AC$2,0)),0) -> 190 | AD9: 134 | AE9: =IFERROR(AC9/AD9-1,"-") -> 0.41791045 | AF9: =IFERROR(AC9-AD9,"-") -> 56 | AG9: OK | AJ9: =+IFERROR(ROUND(K9*(1+AJ$2),0),"-") -> 62 | AK9: =+IFERROR(ROUND(Q9*(1+AK$2),0),"-") -> 204 | AL9: =+IFERROR(ROUND(AC9*(1+AL$2),0),"-") -> 209 | AM9: =+IFERROR(ROUND(W9*(1+AM$2),0),"-") -> 158
A10: Boden | B10: =IF(OR(E10="-",F10="-"),"-",D10&" ("&E10&"x"&F10&")") -> Boden (980x360) | C10: 3004 | D10: Boden | E10: 980 | F10: 360 | I10: =+IF($E10="","",MAX($E10,360)/1000*MAX($F10,360)/1000) -> 0.3528 | J10: =IF($F10="","",2*MAX($E10,360)/1000+2*MAX($F10,360)/1000) -> 2.68 | K10: =+IFERROR(MAX($J$5,ROUND(L10*(1+L$2)^N$2+J$2,0)),0) -> 70 | L10: 48 | M10: =IFERROR(K10/L10-1,"-") -> 0.45833333 | N10: =IFERROR(K10-L10,"-") -> 22 | O10: OK | Q10: =+IFERROR(IF(AND(R10="-",K10>0),ROUND(V$4*K10,0),ROUND(R10*(1+S$2)^U$2+Q$2,0)),0) -> 223 | R10: 151 | S10: =IFERROR(Q10/R10-1,"-") -> 0.47682119 | T10: =IFERROR(Q10-R10,"-") -> 72 | U10: OK | W10: =+IFERROR(IF(AND(X10="-",Q10>0),ROUND(AB$4*Q10,0),ROUND(X10*(1+Y$2)^AA$2+W$2,0)),0) -> 174 | X10: 122 | Y10: =IFERROR(W10/X10-1,"-") -> 0.42622951 | Z10: =IFERROR(W10-X10,"-") -> 52 | AA10: OK | AB10: =+AC10-W10 -> 35 | AC10: =+IFERROR(IF(AND(AD10="-",W10>0),ROUND(AH$4*W10,0),ROUND(AD10*(1+AE$2)^AG$2+AC$2,0)),0) -> 209 | AD10: 148 | AE10: =IFERROR(AC10/AD10-1,"-") -> 0.41216216 | AF10: =IFERROR(AC10-AD10,"-") -> 61 | AG10: OK | AJ10: =+IFERROR(ROUND(K10*(1+AJ$2),0),"-") -> 77 | AK10: =+IFERROR(ROUND(Q10*(1+AK$2),0),"-") -> 245 | AL10: =+IFERROR(ROUND(AC10*(1+AL$2),0),"-") -> 230 | AM10: =+IFERROR(ROUND(W10*(1+AM$2),0),"-") -> 191
A11: Boden | B11: =IF(OR(E11="-",F11="-"),"-",D11&" ("&E11&"x"&F11&")") -> Boden (360x580) | C11: 3005 | D11: Boden | E11: 360 | F11: 580 | I11: =+IF($E11="","",MAX($E11,360)/1000*MAX($F11,360)/1000) -> 0.2088 | J11: =IF($F11="","",2*MAX($E11,360)/1000+2*MAX($F11,360)/1000) -> 1.88 | K11: =+IFERROR(MAX($J$5,ROUND(L11*(1+L$2)^N$2+J$2,0)),0) -> 43 | L11: 28 | M11: =IFERROR(K11/L11-1,"-") -> 0.53571429 | N11: =IFERROR(K11-L11,"-") -> 15 | O11: OK | Q11: =+IFERROR(IF(AND(R11="-",K11>0),ROUND(V$4*K11,0),ROUND(R11*(1+S$2)^U$2+Q$2,0)),0) -> 161 | R11: 105 | S11: =IFERROR(Q11/R11-1,"-") -> 0.53333333 | T11: =IFERROR(Q11-R11,"-") -> 56 | U11: OK | W11: =+IFERROR(IF(AND(X11="-",Q11>0),ROUND(AB$4*Q11,0),ROUND(X11*(1+Y$2)^AA$2+W$2,0)),0) -> 130 | X11: 89 | Y11: =IFERROR(W11/X11-1,"-") -> 0.46067416 | Z11: =IFERROR(W11-X11,"-") -> 41 | AA11: OK | AB11: =+AC11-W11 -> 55 | AC11: =+IFERROR(IF(AND(AD11="-",W11>0),ROUND(AH$4*W11,0),ROUND(AD11*(1+AE$2)^AG$2+AC$2,0)),0) -> 185 | AD11: 130 | AE11: =IFERROR(AC11/AD11-1,"-") -> 0.42307692 | AF11: =IFERROR(AC11-AD11,"-") -> 55 | AG11: OK | AJ11: =+IFERROR(ROUND(K11*(1+AJ$2),0),"-") -> 47 | AK11: =+IFERROR(ROUND(Q11*(1+AK$2),0),"-") -> 177 | AL11: =+IFERROR(ROUND(AC11*(1+AL$2),0),"-") -> 204 | AM11: =+IFERROR(ROUND(W11*(1+AM$2),0),"-") -> 143
A12: Boden | B12: =IF(OR(E12="-",F12="-"),"-",D12&" ("&E12&"x"&F12&")") -> Boden (420x580) | C12: 3006 | D12: Boden | E12: 420 | F12: 580 | I12: =+IF($E12="","",MAX($E12,360)/1000*MAX($F12,360)/1000) -> 0.2436 | J12: =IF($F12="","",2*MAX($E12,360)/1000+2*MAX($F12,360)/1000) -> 2 | K12: =+IFERROR(MAX($J$5,ROUND(L12*(1+L$2)^N$2+J$2,0)),0) -> 49 | L12: 33 | M12: =IFERROR(K12/L12-1,"-") -> 0.48484848 | N12: =IFERROR(K12-L12,"-") -> 16 | O12: OK | Q12: =+IFERROR(IF(AND(R12="-",K12>0),ROUND(V$4*K12,0),ROUND(R12*(1+S$2)^U$2+Q$2,0)),0) -> 181 | R12: 120 | S12: =IFERROR(Q12/R12-1,"-") -> 0.50833333 | T12: =IFERROR(Q12-R12,"-") -> 61 | U12: OK | W12: =+IFERROR(IF(AND(X12="-",Q12>0),ROUND(AB$4*Q12,0),ROUND(X12*(1+Y$2)^AA$2+W$2,0)),0) -> 147 | X12: 102 | Y12: =IFERROR(W12/X12-1,"-") -> 0.44117647 | Z12: =IFERROR(W12-X12,"-") -> 45 | AA12: OK | AB12: =+AC12-W12 -> 39 | AC12: =+IFERROR(IF(AND(AD12="-",W12>0),ROUND(AH$4*W12,0),ROUND(AD12*(1+AE$2)^AG$2+AC$2,0)),0) -> 186 | AD12: 131 | AE12: =IFERROR(AC12/AD12-1,"-") -> 0.41984733 | AF12: =IFERROR(AC12-AD12,"-") -> 55 | AG12: OK | AJ12: =+IFERROR(ROUND(K12*(1+AJ$2),0),"-") -> 54 | AK12: =+IFERROR(ROUND(Q12*(1+AK$2),0),"-") -> 199 | AL12: =+IFERROR(ROUND(AC12*(1+AL$2),0),"-") -> 205 | AM12: =+IFERROR(ROUND(W12*(1+AM$2),0),"-") -> 162
A13: Boden | B13: =IF(OR(E13="-",F13="-"),"-",D13&" ("&E13&"x"&F13&")") -> Boden (580x580) | C13: 3007 | D13: Boden | E13: 580 | F13: 580 | I13: =+IF($E13="","",MAX($E13,360)/1000*MAX($F13,360)/1000) -> 0.3364 | J13: =IF($F13="","",2*MAX($E13,360)/1000+2*MAX($F13,360)/1000) -> 2.32 | K13: =+IFERROR(MAX($J$5,ROUND(L13*(1+L$2)^N$2+J$2,0)),0) -> 67 | L13: 46 | M13: =IFERROR(K13/L13-1,"-") -> 0.45652174 | N13: =IFERROR(K13-L13,"-") -> 21 | O13: OK | Q13: =+IFERROR(IF(AND(R13="-",K13>0),ROUND(V$4*K13,0),ROUND(R13*(1+S$2)^U$2+Q$2,0)),0) -> 228 | R13: 155 | S13: =IFERROR(Q13/R13-1,"-") -> 0.47096774 | T13: =IFERROR(Q13-R13,"-") -> 73 | U13: OK | W13: =+IFERROR(IF(AND(X13="-",Q13>0),ROUND(AB$4*Q13,0),ROUND(X13*(1+Y$2)^AA$2+W$2,0)),0) -> 183 | X13: 129 | Y13: =IFERROR(W13/X13-1,"-") -> 0.41860465 | Z13: =IFERROR(W13-X13,"-") -> 54 | AA13: OK | AB13: =+AC13-W13 -> 8 | AC13: =+IFERROR(IF(AND(AD13="-",W13>0),ROUND(AH$4*W13,0),ROUND(AD13*(1+AE$2)^AG$2+AC$2,0)),0) -> 191 | AD13: 135 | AE13: =IFERROR(AC13/AD13-1,"-") -> 0.41481481 | AF13: =IFERROR(AC13-AD13,"-") -> 56 | AG13: OK | AJ13: =+IFERROR(ROUND(K13*(1+AJ$2),0),"-") -> 74 | AK13: =+IFERROR(ROUND(Q13*(1+AK$2),0),"-") -> 251 | AL13: =+IFERROR(ROUND(AC13*(1+AL$2),0),"-") -> 210 | AM13: =+IFERROR(ROUND(W13*(1+AM$2),0),"-") -> 201
A14: Boden | B14: =IF(OR(E14="-",F14="-"),"-",D14&" ("&E14&"x"&F14&")") -> Boden (780x580) | C14: 3008 | D14: Boden | E14: 780 | F14: 580 | I14: =+IF($E14="","",MAX($E14,360)/1000*MAX($F14,360)/1000) -> 0.4524 | J14: =IF($F14="","",2*MAX($E14,360)/1000+2*MAX($F14,360)/1000) -> 2.72 | K14: =+IFERROR(MAX($J$5,ROUND(L14*(1+L$2)^N$2+J$2,0)),0) -> 87 | L14: 61 | M14: =IFERROR(K14/L14-1,"-") -> 0.42622951 | N14: =IFERROR(K14-L14,"-") -> 26 | O14: OK | Q14: =+IFERROR(IF(AND(R14="-",K14>0),ROUND(V$4*K14,0),ROUND(R14*(1+S$2)^U$2+Q$2,0)),0) -> 275 | R14: 190 | S14: =IFERROR(Q14/R14-1,"-") -> 0.44736842 | T14: =IFERROR(Q14-R14,"-") -> 85 | U14: OK | W14: =+IFERROR(IF(AND(X14="-",Q14>0),ROUND(AB$4*Q14,0),ROUND(X14*(1+Y$2)^AA$2+W$2,0)),0) -> 225 | X14: 160 | Y14: =IFERROR(W14/X14-1,"-") -> 0.40625 | Z14: =IFERROR(W14-X14,"-") -> 65 | AA14: OK | AB14: =+AC14-W14 -> 12 | AC14: =+IFERROR(IF(AND(AD14="-",W14>0),ROUND(AH$4*W14,0),ROUND(AD14*(1+AE$2)^AG$2+AC$2,0)),0) -> 237 | AD14: 169 | AE14: =IFERROR(AC14/AD14-1,"-") -> 0.40236686 | AF14: =IFERROR(AC14-AD14,"-") -> 68 | AG14: OK | AJ14: =+IFERROR(ROUND(K14*(1+AJ$2),0),"-") -> 96 | AK14: =+IFERROR(ROUND(Q14*(1+AK$2),0),"-") -> 303 | AL14: =+IFERROR(ROUND(AC14*(1+AL$2),0),"-") -> 261 | AM14: =+IFERROR(ROUND(W14*(1+AM$2),0),"-") -> 248
A15: Boden | B15: =IF(OR(E15="-",F15="-"),"-",D15&" ("&E15&"x"&F15&")") -> Boden (980x580) | C15: 3009 | D15: Boden | E15: 980 | F15: 580 | I15: =+IF($E15="","",MAX($E15,360)/1000*MAX($F15,360)/1000) -> 0.5684 | J15: =IF($F15="","",2*MAX($E15,360)/1000+2*MAX($F15,360)/1000) -> 3.12 | K15: =+IFERROR(MAX($J$5,ROUND(L15*(1+L$2)^N$2+J$2,0)),0) -> 110 | L15: 78 | M15: =IFERROR(K15/L15-1,"-") -> 0.41025641 | N15: =IFERROR(K15-L15,"-") -> 32 | O15: OK | Q15: =+IFERROR(IF(AND(R15="-",K15>0),ROUND(V$4*K15,0),ROUND(R15*(1+S$2)^U$2+Q$2,0)),0) -> 355 | R15: 249 | S15: =IFERROR(Q15/R15-1,"-") -> 0.42570281 | T15: =IFERROR(Q15-R15,"-") -> 106 | U15: OK | W15: =+IFERROR(IF(AND(X15="-",Q15>0),ROUND(AB$4*Q15,0),ROUND(X15*(1+Y$2)^AA$2+W$2,0)),0) -> 286 | X15: 205 | Y15: =IFERROR(W15/X15-1,"-") -> 0.39512195 | Z15: =IFERROR(W15-X15,"-") -> 81 | AA15: OK | AB15: =+AC15-W15 -> -10 | AC15: =+IFERROR(IF(AND(AD15="-",W15>0),ROUND(AH$4*W15,0),ROUND(AD15*(1+AE$2)^AG$2+AC$2,0)),0) -> 276 | AD15: 198 | AE15: =IFERROR(AC15/AD15-1,"-") -> 0.39393939 | AF15: =IFERROR(AC15-AD15,"-") -> 78 | AG15: OK | AJ15: =+IFERROR(ROUND(K15*(1+AJ$2),0),"-") -> 121 | AK15: =+IFERROR(ROUND(Q15*(1+AK$2),0),"-") -> 391 | AL15: =+IFERROR(ROUND(AC15*(1+AL$2),0),"-") -> 304 | AM15: =+IFERROR(ROUND(W15*(1+AM$2),0),"-") -> 315
A16: Boden | B16: =IF(OR(E16="-",F16="-"),"-",D16&" ("&E16&"x"&F16&")") -> Boden (780x780) | C16: 3010 | D16: Boden | E16: 780 | F16: 780 | I16: =+IF($E16="","",MAX($E16,360)/1000*MAX($F16,360)/1000) -> 0.6084 | J16: =IF($F16="","",2*MAX($E16,360)/1000+2*MAX($F16,360)/1000) -> 3.12 | K16: =+IFERROR(MAX($J$5,ROUND(L16*(1+L$2)^N$2+J$2,0)),0) -> 113 | L16: 80 | M16: =IFERROR(K16/L16-1,"-") -> 0.4125 | N16: =IFERROR(K16-L16,"-") -> 33 | O16: OK | Q16: =+IFERROR(IF(AND(R16="-",K16>0),ROUND(V$4*K16,0),ROUND(R16*(1+S$2)^U$2+Q$2,0)),0) -> 302 | R16: 210 | S16: =IFERROR(Q16/R16-1,"-") -> 0.43809524 | T16: =IFERROR(Q16-R16,"-") -> 92 | U16: OK | W16: =+IFERROR(IF(AND(X16="-",Q16>0),ROUND(AB$4*Q16,0),ROUND(X16*(1+Y$2)^AA$2+W$2,0)),0) -> 272 | X16: 195 | Y16: =IFERROR(W16/X16-1,"-") -> 0.39487179 | Z16: =IFERROR(W16-X16,"-") -> 77 | AA16: OK | AB16: =+AC16-W16 -> 23 | AC16: =+IFERROR(IF(AND(AD16="-",W16>0),ROUND(AH$4*W16,0),ROUND(AD16*(1+AE$2)^AG$2+AC$2,0)),0) -> 295 | AD16: 212 | AE16: =IFERROR(AC16/AD16-1,"-") -> 0.39150943 | AF16: =IFERROR(AC16-AD16,"-") -> 83 | AJ16: =+IFERROR(ROUND(K16*(1+AJ$2),0),"-") -> 124 | AK16: =+IFERROR(ROUND(Q16*(1+AK$2),0),"-") -> 332 | AL16: =+IFERROR(ROUND(AC16*(1+AL$2),0),"-") -> 325 | AM16: =+IFERROR(ROUND(W16*(1+AM$2),0),"-") -> 299
A17: Boden | B17: =IF(OR(E17="-",F17="-"),"-",D17&" ("&E17&"x"&F17&")") -> Boden (980x780) | C17: 3011 | D17: Boden | E17: 980 | F17: 780 | I17: =+IF($E17="","",MAX($E17,360)/1000*MAX($F17,360)/1000) -> 0.7644 | J17: =IF($F17="","",2*MAX($E17,360)/1000+2*MAX($F17,360)/1000) -> 3.52 | K17: =+IFERROR(MAX($J$5,ROUND(L17*(1+L$2)^N$2+J$2,0)),0) -> 139 | L17: 100 | M17: =IFERROR(K17/L17-1,"-") -> 0.39 | N17: =IFERROR(K17-L17,"-") -> 39 | O17: OK | Q17: =+IFERROR(IF(AND(R17="-",K17>0),ROUND(V$4*K17,0),ROUND(R17*(1+S$2)^U$2+Q$2,0)),0) -> 416 | R17: 295 | S17: =IFERROR(Q17/R17-1,"-") -> 0.41016949 | T17: =IFERROR(Q17-R17,"-") -> 121 | U17: OK | W17: =+IFERROR(IF(AND(X17="-",Q17>0),ROUND(AB$4*Q17,0),ROUND(X17*(1+Y$2)^AA$2+W$2,0)),0) -> 216 | X17: - | Y17: =IFERROR(W17/X17-1,"-") -> - | Z17: =IFERROR(W17-X17,"-") -> - | AA17: OK | AB17: =+AC17-W17 -> 190 | AC17: =+IFERROR(IF(AND(AD17="-",W17>0),ROUND(AH$4*W17,0),ROUND(AD17*(1+AE$2)^AG$2+AC$2,0)),0) -> 406 | AD17: - | AE17: =IFERROR(AC17/AD17-1,"-") -> - | AF17: =IFERROR(AC17-AD17,"-") -> - | AJ17: =+IFERROR(ROUND(K17*(1+AJ$2),0),"-") -> 153 | AK17: =+IFERROR(ROUND(Q17*(1+AK$2),0),"-") -> 458 | AL17: =+IFERROR(ROUND(AC17*(1+AL$2),0),"-") -> 447 | AM17: =+IFERROR(ROUND(W17*(1+AM$2),0),"-") -> 238
A18: Boden | B18: =IF(OR(E18="-",F18="-"),"-",D18&" ("&E18&"x"&F18&")") -> Boden (980x980) | C18: 3012 | D18: Boden | E18: 980 | F18: 980 | I18: =+IF($E18="","",MAX($E18,360)/1000*MAX($F18,360)/1000) -> 0.9604 | J18: =IF($F18="","",2*MAX($E18,360)/1000+2*MAX($F18,360)/1000) -> 3.92 | K18: =+IFERROR(MAX($J$5,ROUND(L18*(1+L$2)^N$2+J$2,0)),0) -> 180 | L18: 130 | M18: =IFERROR(K18/L18-1,"-") -> 0.38461538 | N18: =IFERROR(K18-L18,"-") -> 50 | O18: OK | Q18: =+IFERROR(IF(AND(R18="-",K18>0),ROUND(V$4*K18,0),ROUND(R18*(1+S$2)^U$2+Q$2,0)),0) -> 496 | R18: 354 | S18: =IFERROR(Q18/R18-1,"-") -> 0.40112994 | T18: =IFERROR(Q18-R18,"-") -> 142 | U18: OK | W18: =+IFERROR(IF(AND(X18="-",Q18>0),ROUND(AB$4*Q18,0),ROUND(X18*(1+Y$2)^AA$2+W$2,0)),0) -> 257 | X18: - | Y18: =IFERROR(W18/X18-1,"-") -> - | Z18: =IFERROR(W18-X18,"-") -> - | AA18: OK | AB18: =+AC18-W18 -> 226 | AC18: =+IFERROR(IF(AND(AD18="-",W18>0),ROUND(AH$4*W18,0),ROUND(AD18*(1+AE$2)^AG$2+AC$2,0)),0) -> 483 | AD18: - | AE18: =IFERROR(AC18/AD18-1,"-") -> - | AF18: =IFERROR(AC18-AD18,"-") -> - | AJ18: =+IFERROR(ROUND(K18*(1+AJ$2),0),"-") -> 198 | AK18: =+IFERROR(ROUND(Q18*(1+AK$2),0),"-") -> 546 | AL18: =+IFERROR(ROUND(AC18*(1+AL$2),0),"-") -> 531 | AM18: =+IFERROR(ROUND(W18*(1+AM$2),0),"-") -> 283
A19: Boden | B19: =IF(OR(E19="-",F19="-"),"-",D19&" ("&E19&"x"&F19&")") -> Boden (420x780) | C19: 3013 | D19: Boden | E19: 420 | F19: 780 | I19: =+IF($E19="","",MAX($E19,360)/1000*MAX($F19,360)/1000) -> 0.3276 | J19: =IF($F19="","",2*MAX($E19,360)/1000+2*MAX($F19,360)/1000) -> 2.4 | K19: =+IFERROR(MAX($J$5,ROUND(L19*(1+L$2)^N$2+J$2,0)),0) -> 71 | L19: 49 | M19: =IFERROR(K19/L19-1,"-") -> 0.44897959 | N19: =IFERROR(K19-L19,"-") -> 22 | O19: OK | Q19: =+IFERROR(IF(AND(R19="-",K19>0),ROUND(V$4*K19,0),ROUND(R19*(1+S$2)^U$2+Q$2,0)),0) -> 219 | R19: 148 | S19: =IFERROR(Q19/R19-1,"-") -> 0.47972973 | T19: =IFERROR(Q19-R19,"-") -> 71 | U19: OK | W19: =+IFERROR(IF(AND(X19="-",Q19>0),ROUND(AB$4*Q19,0),ROUND(X19*(1+Y$2)^AA$2+W$2,0)),0) -> 113 | X19: - | Y19: =IFERROR(W19/X19-1,"-") -> - | Z19: =IFERROR(W19-X19,"-") -> - | AA19: OK | AB19: =+AC19-W19 -> 100 | AC19: =+IFERROR(IF(AND(AD19="-",W19>0),ROUND(AH$4*W19,0),ROUND(AD19*(1+AE$2)^AG$2+AC$2,0)),0) -> 213 | AD19: - | AE19: =IFERROR(AC19/AD19-1,"-") -> - | AF19: =IFERROR(AC19-AD19,"-") -> - | AJ19: =+IFERROR(ROUND(K19*(1+AJ$2),0),"-") -> 78 | AK19: =+IFERROR(ROUND(Q19*(1+AK$2),0),"-") -> 241 | AL19: =+IFERROR(ROUND(AC19*(1+AL$2),0),"-") -> 234 | AM19: =+IFERROR(ROUND(W19*(1+AM$2),0),"-") -> 124
A20: Boden | B20: =IF(OR(E20="-",F20="-"),"-",D20&" ("&E20&"x"&F20&")") -> Boden (420x980) | C20: 3014 | D20: Boden | E20: 420 | F20: 980 | I20: =+IF($E20="","",MAX($E20,360)/1000*MAX($F20,360)/1000) -> 0.4116 | J20: =IF($F20="","",2*MAX($E20,360)/1000+2*MAX($F20,360)/1000) -> 2.8 | K20: =+IFERROR(MAX($J$5,ROUND(L20*(1+L$2)^N$2+J$2,0)),0) -> 88 | L20: 62 | M20: =IFERROR(K20/L20-1,"-") -> 0.41935484 | N20: =IFERROR(K20-L20,"-") -> 26 | O20: OK | Q20: =+IFERROR(IF(AND(R20="-",K20>0),ROUND(V$4*K20,0),ROUND(R20*(1+S$2)^U$2+Q$2,0)),0) -> 247 | R20: 169 | S20: =IFERROR(Q20/R20-1,"-") -> 0.46153846 | T20: =IFERROR(Q20-R20,"-") -> 78 | U20: OK | W20: =+IFERROR(IF(AND(X20="-",Q20>0),ROUND(AB$4*Q20,0),ROUND(X20*(1+Y$2)^AA$2+W$2,0)),0) -> 128 | X20: - | Y20: =IFERROR(W20/X20-1,"-") -> - | Z20: =IFERROR(W20-X20,"-") -> - | AA20: OK | AB20: =+AC20-W20 -> 113 | AC20: =+IFERROR(IF(AND(AD20="-",W20>0),ROUND(AH$4*W20,0),ROUND(AD20*(1+AE$2)^AG$2+AC$2,0)),0) -> 241 | AD20: - | AE20: =IFERROR(AC20/AD20-1,"-") -> - | AF20: =IFERROR(AC20-AD20,"-") -> - | AJ20: =+IFERROR(ROUND(K20*(1+AJ$2),0),"-") -> 97 | AK20: =+IFERROR(ROUND(Q20*(1+AK$2),0),"-") -> 272 | AL20: =+IFERROR(ROUND(AC20*(1+AL$2),0),"-") -> 265 | AM20: =+IFERROR(ROUND(W20*(1+AM$2),0),"-") -> 141
A21: Boden | B21: =IF(OR(E21="-",F21="-"),"-",D21&" ("&E21&"x"&F21&")") -> Boden (420x420) | C21: S_0003 | D21: Boden | E21: 420 | F21: 420 | I21: =+IF($E21="","",MAX($E21,360)/1000*MAX($F21,360)/1000) -> 0.1764 | J21: =IF($F21="","",2*MAX($E21,360)/1000+2*MAX($F21,360)/1000) -> 1.68 | K21: =+IFERROR(MAX($J$5,ROUND(L21*(1+L$2)^N$2+J$2,0)),0) -> 56 | L21: 38 | M21: =IFERROR(K21/L21-1,"-") -> 0.47368421 | O21: OK | Q21: =+IFERROR(IF(AND(R21="-",K21>0),ROUND(V$4*K21,0),ROUND(R21*(1+S$2)^U$2+Q$2,0)),0) -> 134 | R21: 85 | S21: =IFERROR(Q21/R21-1,"-") -> 0.57647059 | T21: =IFERROR(Q21-R21,"-") -> 49 | U21: OK | W21: =+IFERROR(IF(AND(X21="-",Q21>0),ROUND(AB$4*Q21,0),ROUND(X21*(1+Y$2)^AA$2+W$2,0)),0) -> 69 | X21: - | Y21: =IFERROR(W21/X21-1,"-") -> - | Z21: =IFERROR(W21-X21,"-") -> - | AA21: OK | AB21: =+AC21-W21 -> 61 | AC21: =+IFERROR(IF(AND(AD21="-",W21>0),ROUND(AH$4*W21,0),ROUND(AD21*(1+AE$2)^AG$2+AC$2,0)),0) -> 130 | AD21: - | AE21: =IFERROR(AC21/AD21-1,"-") -> - | AF21: =IFERROR(AC21-AD21,"-") -> - | AJ21: =+IFERROR(ROUND(K21*(1+AJ$2),0),"-") -> 62 | AK21: =+IFERROR(ROUND(Q21*(1+AK$2),0),"-") -> 147 | AL21: =+IFERROR(ROUND(AC21*(1+AL$2),0),"-") -> 143 | AM21: =+IFERROR(ROUND(W21*(1+AM$2),0),"-") -> 76
A22: Boden | B22: =IF(OR(E22="-",F22="-"),"-",D22&" ("&E22&"x"&F22&")") -> (x) | C22: 3016 | I22: =+IF($E22="","",MAX($E22,360)/1000*MAX($F22,360)/1000) | J22: =IF($F22="","",2*MAX($E22,360)/1000+2*MAX($F22,360)/1000) | K22: =+IFERROR(MAX($J$5,ROUND(L22*(1+L$2)^N$2+J$2,0)),0) -> 0 | L22: - | M22: =IFERROR(K22/L22-1,"-") -> - | N22: =IFERROR(K22-L22,"-") -> - | Q22: =+IFERROR(IF(AND(R22="-",K22>0),ROUND(V$4*K22,0),ROUND(R22*(1+S$2)^U$2+Q$2,0)),0) -> 0 | R22: - | S22: =IFERROR(Q22/R22-1,"-") -> - | T22: =IFERROR(Q22-R22,"-") -> - | W22: =+IFERROR(IF(AND(X22="-",Q22>0),ROUND(AB$4*Q22,0),ROUND(X22*(1+Y$2)^AA$2+W$2,0)),0) -> 0 | X22: - | Y22: =IFERROR(W22/X22-1,"-") -> - | Z22: =IFERROR(W22-X22,"-") -> - | AC22: =+IFERROR(IF(AND(AD22="-",W22>0),ROUND(AH$4*W22,0),ROUND(AD22*(1+AE$2)^AG$2+AC$2,0)),0) -> 0 | AD22: - | AE22: =IFERROR(AC22/AD22-1,"-") -> - | AF22: =IFERROR(AC22-AD22,"-") -> - | AJ22: =+IFERROR(ROUND(K22*(1+AJ$2),0),"-") -> 0 | AK22: =+IFERROR(ROUND(Q22*(1+AK$2),0),"-") -> 0 | AL22: =+IFERROR(ROUND(AC22*(1+AL$2),0),"-") -> 0 | AM22: =+IFERROR(ROUND(W22*(1+AM$2),0),"-") -> 0
A23: Boden | B23: =IF(OR(E23="-",F23="-"),"-",D23&" ("&E23&"x"&F23&")") -> (x) | C23: 3017 | I23: =+IF($E23="","",MAX($E23,360)/1000*MAX($F23,360)/1000) | J23: =IF($F23="","",2*MAX($E23,360)/1000+2*MAX($F23,360)/1000) | K23: =+IFERROR(MAX($J$5,ROUND(L23*(1+L$2)^N$2+J$2,0)),0) -> 0 | L23: - | M23: =IFERROR(K23/L23-1,"-") -> - | N23: =IFERROR(K23-L23,"-") -> - | Q23: =+IFERROR(IF(AND(R23="-",K23>0),ROUND(V$4*K23,0),ROUND(R23*(1+S$2)^U$2+Q$2,0)),0) -> 0 | R23: - | S23: =IFERROR(Q23/R23-1,"-") -> - | T23: =IFERROR(Q23-R23,"-") -> - | W23: =+IFERROR(IF(AND(X23="-",Q23>0),ROUND(AB$4*Q23,0),ROUND(X23*(1+Y$2)^AA$2+W$2,0)),0) -> 0 | X23: - | Y23: =IFERROR(W23/X23-1,"-") -> - | Z23: =IFERROR(W23-X23,"-") -> - | AC23: =+IFERROR(IF(AND(AD23="-",W23>0),ROUND(AH$4*W23,0),ROUND(AD23*(1+AE$2)^AG$2+AC$2,0)),0) -> 0 | AD23: - | AE23: =IFERROR(AC23/AD23-1,"-") -> - | AF23: =IFERROR(AC23-AD23,"-") -> - | AJ23: =+IFERROR(ROUND(K23*(1+AJ$2),0),"-") -> 0 | AK23: =+IFERROR(ROUND(Q23*(1+AK$2),0),"-") -> 0 | AL23: =+IFERROR(ROUND(AC23*(1+AL$2),0),"-") -> 0 | AM23: =+IFERROR(ROUND(W23*(1+AM$2),0),"-") -> 0
A24: Boden | B24: =IF(OR(E24="-",F24="-"),"-",D24&" ("&E24&"x"&F24&")") -> (x) | C24: 3018 | I24: =+IF($E24="","",MAX($E24,360)/1000*MAX($F24,360)/1000) | J24: =IF($F24="","",2*MAX($E24,360)/1000+2*MAX($F24,360)/1000) | K24: =+IFERROR(MAX($J$5,ROUND(L24*(1+L$2)^N$2+J$2,0)),0) -> 0 | L24: - | M24: =IFERROR(K24/L24-1,"-") -> - | N24: =IFERROR(K24-L24,"-") -> - | Q24: =+IFERROR(IF(AND(R24="-",K24>0),ROUND(V$4*K24,0),ROUND(R24*(1+S$2)^U$2+Q$2,0)),0) -> 0 | R24: - | S24: =IFERROR(Q24/R24-1,"-") -> - | T24: =IFERROR(Q24-R24,"-") -> - | W24: =+IFERROR(IF(AND(X24="-",Q24>0),ROUND(AB$4*Q24,0),ROUND(X24*(1+Y$2)^AA$2+W$2,0)),0) -> 0 | X24: - | Y24: =IFERROR(W24/X24-1,"-") -> - | Z24: =IFERROR(W24-X24,"-") -> - | AC24: =+IFERROR(IF(AND(AD24="-",W24>0),ROUND(AH$4*W24,0),ROUND(AD24*(1+AE$2)^AG$2+AC$2,0)),0) -> 0 | AD24: - | AE24: =IFERROR(AC24/AD24-1,"-") -> - | AF24: =IFERROR(AC24-AD24,"-") -> - | AJ24: =+IFERROR(ROUND(K24*(1+AJ$2),0),"-") -> 0 | AK24: =+IFERROR(ROUND(Q24*(1+AK$2),0),"-") -> 0 | AL24: =+IFERROR(ROUND(AC24*(1+AL$2),0),"-") -> 0 | AM24: =+IFERROR(ROUND(W24*(1+AM$2),0),"-") -> 0
A25: Boden | B25: =IF(OR(E25="-",F25="-"),"-",D25&" ("&E25&"x"&F25&")") -> (x) | C25: 3019 | I25: =+IF($E25="","",MAX($E25,360)/1000*MAX($F25,360)/1000) | J25: =IF($F25="","",2*MAX($E25,360)/1000+2*MAX($F25,360)/1000) | K25: =+IFERROR(MAX($J$5,ROUND(L25*(1+L$2)^N$2+J$2,0)),0) -> 0 | L25: - | M25: =IFERROR(K25/L25-1,"-") -> - | N25: =IFERROR(K25-L25,"-") -> - | Q25: =+IFERROR(IF(AND(R25="-",K25>0),ROUND(V$4*K25,0),ROUND(R25*(1+S$2)^U$2+Q$2,0)),0) -> 0 | R25: - | S25: =IFERROR(Q25/R25-1,"-") -> - | T25: =IFERROR(Q25-R25,"-") -> - | W25: =+IFERROR(IF(AND(X25="-",Q25>0),ROUND(AB$4*Q25,0),ROUND(X25*(1+Y$2)^AA$2+W$2,0)),0) -> 0 | X25: - | Y25: =IFERROR(W25/X25-1,"-") -> - | Z25: =IFERROR(W25-X25,"-") -> - | AC25: =+IFERROR(IF(AND(AD25="-",W25>0),ROUND(AH$4*W25,0),ROUND(AD25*(1+AE$2)^AG$2+AC$2,0)),0) -> 0 | AD25: - | AE25: =IFERROR(AC25/AD25-1,"-") -> - | AF25: =IFERROR(AC25-AD25,"-") -> - | AJ25: =+IFERROR(ROUND(K25*(1+AJ$2),0),"-") -> 0 | AK25: =+IFERROR(ROUND(Q25*(1+AK$2),0),"-") -> 0 | AL25: =+IFERROR(ROUND(AC25*(1+AL$2),0),"-") -> 0 | AM25: =+IFERROR(ROUND(W25*(1+AM$2),0),"-") -> 0
A26: Boden | B26: =IF(OR(E26="-",F26="-"),"-",D26&" ("&E26&"x"&F26&")") -> (x) | C26: 3020 | I26: =+IF($E26="","",MAX($E26,360)/1000*MAX($F26,360)/1000) | J26: =IF($F26="","",2*MAX($E26,360)/1000+2*MAX($F26,360)/1000) | K26: =+IFERROR(MAX($J$5,ROUND(L26*(1+L$2)^N$2+J$2,0)),0) -> 0 | L26: - | M26: =IFERROR(K26/L26-1,"-") -> - | N26: =IFERROR(K26-L26,"-") -> - | Q26: =+IFERROR(IF(AND(R26="-",K26>0),ROUND(V$4*K26,0),ROUND(R26*(1+S$2)^U$2+Q$2,0)),0) -> 0 | R26: - | S26: =IFERROR(Q26/R26-1,"-") -> - | T26: =IFERROR(Q26-R26,"-") -> - | W26: =+IFERROR(IF(AND(X26="-",Q26>0),ROUND(AB$4*Q26,0),ROUND(X26*(1+Y$2)^AA$2+W$2,0)),0) -> 0 | X26: - | Y26: =IFERROR(W26/X26-1,"-") -> - | Z26: =IFERROR(W26-X26,"-") -> - | AC26: =+IFERROR(IF(AND(AD26="-",W26>0),ROUND(AH$4*W26,0),ROUND(AD26*(1+AE$2)^AG$2+AC$2,0)),0) -> 0 | AD26: - | AE26: =IFERROR(AC26/AD26-1,"-") -> - | AF26: =IFERROR(AC26-AD26,"-") -> - | AJ26: =+IFERROR(ROUND(K26*(1+AJ$2),0),"-") -> 0 | AK26: =+IFERROR(ROUND(Q26*(1+AK$2),0),"-") -> 0 | AL26: =+IFERROR(ROUND(AC26*(1+AL$2),0),"-") -> 0 | AM26: =+IFERROR(ROUND(W26*(1+AM$2),0),"-") -> 0
A27: Boden | B27: =IF(OR(E27="-",F27="-"),"-",D27&" ("&E27&"x"&F27&")") -> (x) | C27: 3021 | I27: =+IF($E27="","",MAX($E27,360)/1000*MAX($F27,360)/1000) | J27: =IF($F27="","",2*MAX($E27,360)/1000+2*MAX($F27,360)/1000) | K27: =+IFERROR(MAX($J$5,ROUND(L27*(1+L$2)^N$2+J$2,0)),0) -> 0 | L27: - | M27: =IFERROR(K27/L27-1,"-") -> - | N27: =IFERROR(K27-L27,"-") -> - | Q27: =+IFERROR(IF(AND(R27="-",K27>0),ROUND(V$4*K27,0),ROUND(R27*(1+S$2)^U$2+Q$2,0)),0) -> 0 | R27: - | S27: =IFERROR(Q27/R27-1,"-") -> - | T27: =IFERROR(Q27-R27,"-") -> - | W27: =+IFERROR(IF(AND(X27="-",Q27>0),ROUND(AB$4*Q27,0),ROUND(X27*(1+Y$2)^AA$2+W$2,0)),0) -> 0 | X27: - | Y27: =IFERROR(W27/X27-1,"-") -> - | Z27: =IFERROR(W27-X27,"-") -> - | AC27: =+IFERROR(IF(AND(AD27="-",W27>0),ROUND(AH$4*W27,0),ROUND(AD27*(1+AE$2)^AG$2+AC$2,0)),0) -> 0 | AD27: - | AE27: =IFERROR(AC27/AD27-1,"-") -> - | AF27: =IFERROR(AC27-AD27,"-") -> - | AJ27: =+IFERROR(ROUND(K27*(1+AJ$2),0),"-") -> 0 | AK27: =+IFERROR(ROUND(Q27*(1+AK$2),0),"-") -> 0 | AL27: =+IFERROR(ROUND(AC27*(1+AL$2),0),"-") -> 0 | AM27: =+IFERROR(ROUND(W27*(1+AM$2),0),"-") -> 0
A28: Boden | B28: =IF(OR(E28="-",F28="-"),"-",D28&" ("&E28&"x"&F28&")") -> (x) | C28: 3022 | I28: =+IF($E28="","",MAX($E28,360)/1000*MAX($F28,360)/1000) | J28: =IF($F28="","",2*MAX($E28,360)/1000+2*MAX($F28,360)/1000) | K28: =+IFERROR(MAX($J$5,ROUND(L28*(1+L$2)^N$2+J$2,0)),0) -> 0 | L28: - | M28: =IFERROR(K28/L28-1,"-") -> - | N28: =IFERROR(K28-L28,"-") -> - | Q28: =+IFERROR(IF(AND(R28="-",K28>0),ROUND(V$4*K28,0),ROUND(R28*(1+S$2)^U$2+Q$2,0)),0) -> 0 | R28: - | S28: =IFERROR(Q28/R28-1,"-") -> - | T28: =IFERROR(Q28-R28,"-") -> - | W28: =+IFERROR(IF(AND(X28="-",Q28>0),ROUND(AB$4*Q28,0),ROUND(X28*(1+Y$2)^AA$2+W$2,0)),0) -> 0 | X28: - | Y28: =IFERROR(W28/X28-1,"-") -> - | Z28: =IFERROR(W28-X28,"-") -> - | AC28: =+IFERROR(IF(AND(AD28="-",W28>0),ROUND(AH$4*W28,0),ROUND(AD28*(1+AE$2)^AG$2+AC$2,0)),0) -> 0 | AD28: - | AE28: =IFERROR(AC28/AD28-1,"-") -> - | AF28: =IFERROR(AC28-AD28,"-") -> - | AJ28: =+IFERROR(ROUND(K28*(1+AJ$2),0),"-") -> 0 | AK28: =+IFERROR(ROUND(Q28*(1+AK$2),0),"-") -> 0 | AL28: =+IFERROR(ROUND(AC28*(1+AL$2),0),"-") -> 0 | AM28: =+IFERROR(ROUND(W28*(1+AM$2),0),"-") -> 0
A29: Boden | B29: =IF(OR(E29="-",F29="-"),"-",D29&" ("&E29&"x"&F29&")") -> (x) | C29: 3023 | I29: =+IF($E29="","",MAX($E29,360)/1000*MAX($F29,360)/1000) | J29: =IF($F29="","",2*MAX($E29,360)/1000+2*MAX($F29,360)/1000) | K29: =+IFERROR(MAX($J$5,ROUND(L29*(1+L$2)^N$2+J$2,0)),0) -> 0 | L29: - | M29: =IFERROR(K29/L29-1,"-") -> - | N29: =IFERROR(K29-L29,"-") -> - | Q29: =+IFERROR(IF(AND(R29="-",K29>0),ROUND(V$4*K29,0),ROUND(R29*(1+S$2)^U$2+Q$2,0)),0) -> 0 | R29: - | S29: =IFERROR(Q29/R29-1,"-") -> - | T29: =IFERROR(Q29-R29,"-") -> - | W29: =+IFERROR(IF(AND(X29="-",Q29>0),ROUND(AB$4*Q29,0),ROUND(X29*(1+Y$2)^AA$2+W$2,0)),0) -> 0 | X29: - | Y29: =IFERROR(W29/X29-1,"-") -> - | Z29: =IFERROR(W29-X29,"-") -> - | AC29: =+IFERROR(IF(AND(AD29="-",W29>0),ROUND(AH$4*W29,0),ROUND(AD29*(1+AE$2)^AG$2+AC$2,0)),0) -> 0 | AD29: - | AE29: =IFERROR(AC29/AD29-1,"-") -> - | AF29: =IFERROR(AC29-AD29,"-") -> - | AJ29: =+IFERROR(ROUND(K29*(1+AJ$2),0),"-") -> 0 | AK29: =+IFERROR(ROUND(Q29*(1+AK$2),0),"-") -> 0 | AL29: =+IFERROR(ROUND(AC29*(1+AL$2),0),"-") -> 0 | AM29: =+IFERROR(ROUND(W29*(1+AM$2),0),"-") -> 0
A30: Boden | B30: =IF(OR(E30="-",F30="-"),"-",D30&" ("&E30&"x"&F30&")") -> (x) | C30: 3024 | I30: =+IF($E30="","",MAX($E30,360)/1000*MAX($F30,360)/1000) | J30: =IF($F30="","",2*MAX($E30,360)/1000+2*MAX($F30,360)/1000) | K30: =+IFERROR(MAX($J$5,ROUND(L30*(1+L$2)^N$2+J$2,0)),0) -> 0 | L30: - | M30: =IFERROR(K30/L30-1,"-") -> - | N30: =IFERROR(K30-L30,"-") -> - | Q30: =+IFERROR(IF(AND(R30="-",K30>0),ROUND(V$4*K30,0),ROUND(R30*(1+S$2)^U$2+Q$2,0)),0) -> 0 | R30: - | S30: =IFERROR(Q30/R30-1,"-") -> - | T30: =IFERROR(Q30-R30,"-") -> - | W30: =+IFERROR(IF(AND(X30="-",Q30>0),ROUND(AB$4*Q30,0),ROUND(X30*(1+Y$2)^AA$2+W$2,0)),0) -> 0 | X30: - | Y30: =IFERROR(W30/X30-1,"-") -> - | Z30: =IFERROR(W30-X30,"-") -> - | AC30: =+IFERROR(IF(AND(AD30="-",W30>0),ROUND(AH$4*W30,0),ROUND(AD30*(1+AE$2)^AG$2+AC$2,0)),0) -> 0 | AD30: - | AE30: =IFERROR(AC30/AD30-1,"-") -> - | AF30: =IFERROR(AC30-AD30,"-") -> - | AJ30: =+IFERROR(ROUND(K30*(1+AJ$2),0),"-") -> 0 | AK30: =+IFERROR(ROUND(Q30*(1+AK$2),0),"-") -> 0 | AL30: =+IFERROR(ROUND(AC30*(1+AL$2),0),"-") -> 0 | AM30: =+IFERROR(ROUND(W30*(1+AM$2),0),"-") -> 0
A31: Boden | B31: =IF(OR(E31="-",F31="-"),"-",D31&" ("&E31&"x"&F31&")") -> (x) | C31: 3025 | I31: =+IF($E31="","",MAX($E31,360)/1000*MAX($F31,360)/1000) | J31: =IF($F31="","",2*MAX($E31,360)/1000+2*MAX($F31,360)/1000) | K31: =+IFERROR(MAX($J$5,ROUND(L31*(1+L$2)^N$2+J$2,0)),0) -> 0 | L31: - | M31: =IFERROR(K31/L31-1,"-") -> - | N31: =IFERROR(K31-L31,"-") -> - | Q31: =+IFERROR(IF(AND(R31="-",K31>0),ROUND(V$4*K31,0),ROUND(R31*(1+S$2)^U$2+Q$2,0)),0) -> 0 | R31: - | S31: =IFERROR(Q31/R31-1,"-") -> - | T31: =IFERROR(Q31-R31,"-") -> - | W31: =+IFERROR(IF(AND(X31="-",Q31>0),ROUND(AB$4*Q31,0),ROUND(X31*(1+Y$2)^AA$2+W$2,0)),0) -> 0 | X31: - | Y31: =IFERROR(W31/X31-1,"-") -> - | Z31: =IFERROR(W31-X31,"-") -> - | AC31: =+IFERROR(IF(AND(AD31="-",W31>0),ROUND(AH$4*W31,0),ROUND(AD31*(1+AE$2)^AG$2+AC$2,0)),0) -> 0 | AD31: - | AE31: =IFERROR(AC31/AD31-1,"-") -> - | AF31: =IFERROR(AC31-AD31,"-") -> - | AJ31: =+IFERROR(ROUND(K31*(1+AJ$2),0),"-") -> 0 | AK31: =+IFERROR(ROUND(Q31*(1+AK$2),0),"-") -> 0 | AL31: =+IFERROR(ROUND(AC31*(1+AL$2),0),"-") -> 0 | AM31: =+IFERROR(ROUND(W31*(1+AM$2),0),"-") -> 0
A32: Boden | B32: =IF(OR(E32="-",F32="-"),"-",D32&" ("&E32&"x"&F32&")") -> (x) | C32: 3026 | I32: =+IF($E32="","",MAX($E32,360)/1000*MAX($F32,360)/1000) | J32: =IF($F32="","",2*MAX($E32,360)/1000+2*MAX($F32,360)/1000) | K32: =+IFERROR(MAX($J$5,ROUND(L32*(1+L$2)^N$2+J$2,0)),0) -> 0 | L32: - | M32: =IFERROR(K32/L32-1,"-") -> - | N32: =IFERROR(K32-L32,"-") -> - | Q32: =+IFERROR(IF(AND(R32="-",K32>0),ROUND(V$4*K32,0),ROUND(R32*(1+S$2)^U$2+Q$2,0)),0) -> 0 | R32: - | S32: =IFERROR(Q32/R32-1,"-") -> - | T32: =IFERROR(Q32-R32,"-") -> - | W32: =+IFERROR(IF(AND(X32="-",Q32>0),ROUND(AB$4*Q32,0),ROUND(X32*(1+Y$2)^AA$2+W$2,0)),0) -> 0 | X32: - | Y32: =IFERROR(W32/X32-1,"-") -> - | Z32: =IFERROR(W32-X32,"-") -> - | AC32: =+IFERROR(IF(AND(AD32="-",W32>0),ROUND(AH$4*W32,0),ROUND(AD32*(1+AE$2)^AG$2+AC$2,0)),0) -> 0 | AD32: - | AE32: =IFERROR(AC32/AD32-1,"-") -> - | AF32: =IFERROR(AC32-AD32,"-") -> - | AJ32: =+IFERROR(ROUND(K32*(1+AJ$2),0),"-") -> 0 | AK32: =+IFERROR(ROUND(Q32*(1+AK$2),0),"-") -> 0 | AL32: =+IFERROR(ROUND(AC32*(1+AL$2),0),"-") -> 0 | AM32: =+IFERROR(ROUND(W32*(1+AM$2),0),"-") -> 0
A33: Boden | B33: =IF(OR(E33="-",F33="-"),"-",D33&" ("&E33&"x"&F33&")") -> (x) | C33: 3027 | I33: =+IF($E33="","",MAX($E33,360)/1000*MAX($F33,360)/1000) | J33: =IF($F33="","",2*MAX($E33,360)/1000+2*MAX($F33,360)/1000) | K33: =+IFERROR(MAX($J$5,ROUND(L33*(1+L$2)^N$2+J$2,0)),0) -> 0 | L33: - | M33: =IFERROR(K33/L33-1,"-") -> - | N33: =IFERROR(K33-L33,"-") -> - | Q33: =+IFERROR(IF(AND(R33="-",K33>0),ROUND(V$4*K33,0),ROUND(R33*(1+S$2)^U$2+Q$2,0)),0) -> 0 | R33: - | S33: =IFERROR(Q33/R33-1,"-") -> - | T33: =IFERROR(Q33-R33,"-") -> - | W33: =+IFERROR(IF(AND(X33="-",Q33>0),ROUND(AB$4*Q33,0),ROUND(X33*(1+Y$2)^AA$2+W$2,0)),0) -> 0 | X33: - | Y33: =IFERROR(W33/X33-1,"-") -> - | Z33: =IFERROR(W33-X33,"-") -> - | AC33: =+IFERROR(IF(AND(AD33="-",W33>0),ROUND(AH$4*W33,0),ROUND(AD33*(1+AE$2)^AG$2+AC$2,0)),0) -> 0 | AD33: - | AE33: =IFERROR(AC33/AD33-1,"-") -> - | AF33: =IFERROR(AC33-AD33,"-") -> - | AJ33: =+IFERROR(ROUND(K33*(1+AJ$2),0),"-") -> 0 | AK33: =+IFERROR(ROUND(Q33*(1+AK$2),0),"-") -> 0 | AL33: =+IFERROR(ROUND(AC33*(1+AL$2),0),"-") -> 0 | AM33: =+IFERROR(ROUND(W33*(1+AM$2),0),"-") -> 0
A34: Boden | B34: =IF(OR(E34="-",F34="-"),"-",D34&" ("&E34&"x"&F34&")") -> (x) | C34: 3028 | I34: =+IF($E34="","",MAX($E34,360)/1000*MAX($F34,360)/1000) | J34: =IF($F34="","",2*MAX($E34,360)/1000+2*MAX($F34,360)/1000) | K34: =+IFERROR(MAX($J$5,ROUND(L34*(1+L$2)^N$2+J$2,0)),0) -> 0 | L34: - | M34: =IFERROR(K34/L34-1,"-") -> - | N34: =IFERROR(K34-L34,"-") -> - | Q34: =+IFERROR(IF(AND(R34="-",K34>0),ROUND(V$4*K34,0),ROUND(R34*(1+S$2)^U$2+Q$2,0)),0) -> 0 | R34: - | S34: =IFERROR(Q34/R34-1,"-") -> - | T34: =IFERROR(Q34-R34,"-") -> - | W34: =+IFERROR(IF(AND(X34="-",Q34>0),ROUND(AB$4*Q34,0),ROUND(X34*(1+Y$2)^AA$2+W$2,0)),0) -> 0 | X34: - | Y34: =IFERROR(W34/X34-1,"-") -> - | Z34: =IFERROR(W34-X34,"-") -> - | AC34: =+IFERROR(IF(AND(AD34="-",W34>0),ROUND(AH$4*W34,0),ROUND(AD34*(1+AE$2)^AG$2+AC$2,0)),0) -> 0 | AD34: - | AE34: =IFERROR(AC34/AD34-1,"-") -> - | AF34: =IFERROR(AC34-AD34,"-") -> - | AJ34: =+IFERROR(ROUND(K34*(1+AJ$2),0),"-") -> 0 | AK34: =+IFERROR(ROUND(Q34*(1+AK$2),0),"-") -> 0 | AL34: =+IFERROR(ROUND(AC34*(1+AL$2),0),"-") -> 0 | AM34: =+IFERROR(ROUND(W34*(1+AM$2),0),"-") -> 0
A35: Boden | B35: =IF(OR(E35="-",F35="-"),"-",D35&" ("&E35&"x"&F35&")") -> (x) | C35: 3029 | I35: =+IF($E35="","",MAX($E35,360)/1000*MAX($F35,360)/1000) | J35: =IF($F35="","",2*MAX($E35,360)/1000+2*MAX($F35,360)/1000) | K35: =+IFERROR(MAX($J$5,ROUND(L35*(1+L$2)^N$2+J$2,0)),0) -> 0 | L35: - | M35: =IFERROR(K35/L35-1,"-") -> - | N35: =IFERROR(K35-L35,"-") -> - | Q35: =+IFERROR(IF(AND(R35="-",K35>0),ROUND(V$4*K35,0),ROUND(R35*(1+S$2)^U$2+Q$2,0)),0) -> 0 | R35: - | S35: =IFERROR(Q35/R35-1,"-") -> - | T35: =IFERROR(Q35-R35,"-") -> - | W35: =+IFERROR(IF(AND(X35="-",Q35>0),ROUND(AB$4*Q35,0),ROUND(X35*(1+Y$2)^AA$2+W$2,0)),0) -> 0 | X35: - | Y35: =IFERROR(W35/X35-1,"-") -> - | Z35: =IFERROR(W35-X35,"-") -> - | AC35: =+IFERROR(IF(AND(AD35="-",W35>0),ROUND(AH$4*W35,0),ROUND(AD35*(1+AE$2)^AG$2+AC$2,0)),0) -> 0 | AD35: - | AE35: =IFERROR(AC35/AD35-1,"-") -> - | AF35: =IFERROR(AC35-AD35,"-") -> -
A36: Boden | B36: =IF(OR(E36="-",F36="-"),"-",D36&" ("&E36&"x"&F36&")") -> (x) | C36: 3030 | I36: =+IF($E36="","",MAX($E36,360)/1000*MAX($F36,360)/1000) | J36: =IF($F36="","",2*MAX($E36,360)/1000+2*MAX($F36,360)/1000) | K36: =+IFERROR(MAX($J$5,ROUND(L36*(1+L$2)^N$2+J$2,0)),0) -> 0 | L36: - | M36: =IFERROR(K36/L36-1,"-") -> - | N36: =IFERROR(K36-L36,"-") -> - | Q36: =+IFERROR(IF(AND(R36="-",K36>0),ROUND(V$4*K36,0),ROUND(R36*(1+S$2)^U$2+Q$2,0)),0) -> 0 | R36: - | S36: =IFERROR(Q36/R36-1,"-") -> - | T36: =IFERROR(Q36-R36,"-") -> - | W36: =+IFERROR(IF(AND(X36="-",Q36>0),ROUND(AB$4*Q36,0),ROUND(X36*(1+Y$2)^AA$2+W$2,0)),0) -> 0 | X36: - | Y36: =IFERROR(W36/X36-1,"-") -> - | Z36: =IFERROR(W36-X36,"-") -> - | AC36: =+IFERROR(IF(AND(AD36="-",W36>0),ROUND(AH$4*W36,0),ROUND(AD36*(1+AE$2)^AG$2+AC$2,0)),0) -> 0 | AD36: - | AE36: =IFERROR(AC36/AD36-1,"-") -> - | AF36: =IFERROR(AC36-AD36,"-") -> -
A37: Boden | B37: =IF(OR(E37="-",F37="-"),"-",D37&" ("&E37&"x"&F37&")") -> (x) | C37: 3031 | I37: =+IF($E37="","",MAX($E37,360)/1000*MAX($F37,360)/1000) | J37: =IF($F37="","",2*MAX($E37,360)/1000+2*MAX($F37,360)/1000) | K37: =+IFERROR(MAX($J$5,ROUND(L37*(1+L$2)^N$2+J$2,0)),0) -> 0 | L37: - | M37: =IFERROR(K37/L37-1,"-") -> - | N37: =IFERROR(K37-L37,"-") -> - | Q37: =+IFERROR(IF(AND(R37="-",K37>0),ROUND(V$4*K37,0),ROUND(R37*(1+S$2)^U$2+Q$2,0)),0) -> 0 | R37: - | S37: =IFERROR(Q37/R37-1,"-") -> - | T37: =IFERROR(Q37-R37,"-") -> - | W37: =+IFERROR(IF(AND(X37="-",Q37>0),ROUND(AB$4*Q37,0),ROUND(X37*(1+Y$2)^AA$2+W$2,0)),0) -> 0 | X37: - | Y37: =IFERROR(W37/X37-1,"-") -> - | Z37: =IFERROR(W37-X37,"-") -> - | AC37: =+IFERROR(IF(AND(AD37="-",W37>0),ROUND(AH$4*W37,0),ROUND(AD37*(1+AE$2)^AG$2+AC$2,0)),0) -> 0 | AD37: - | AE37: =IFERROR(AC37/AD37-1,"-") -> - | AF37: =IFERROR(AC37-AD37,"-") -> -
A38: Boden | B38: =IF(OR(E38="-",F38="-"),"-",D38&" ("&E38&"x"&F38&")") -> (x) | C38: 3032 | I38: =+IF($E38="","",MAX($E38,360)/1000*MAX($F38,360)/1000) | J38: =IF($F38="","",2*MAX($E38,360)/1000+2*MAX($F38,360)/1000) | K38: =+IFERROR(MAX($J$5,ROUND(L38*(1+L$2)^N$2+J$2,0)),0) -> 0 | L38: - | M38: =IFERROR(K38/L38-1,"-") -> - | N38: =IFERROR(K38-L38,"-") -> - | Q38: =+IFERROR(IF(AND(R38="-",K38>0),ROUND(V$4*K38,0),ROUND(R38*(1+S$2)^U$2+Q$2,0)),0) -> 0 | R38: - | S38: =IFERROR(Q38/R38-1,"-") -> - | T38: =IFERROR(Q38-R38,"-") -> - | W38: =+IFERROR(IF(AND(X38="-",Q38>0),ROUND(AB$4*Q38,0),ROUND(X38*(1+Y$2)^AA$2+W$2,0)),0) -> 0 | X38: - | Y38: =IFERROR(W38/X38-1,"-") -> - | Z38: =IFERROR(W38-X38,"-") -> - | AC38: =+IFERROR(IF(AND(AD38="-",W38>0),ROUND(AH$4*W38,0),ROUND(AD38*(1+AE$2)^AG$2+AC$2,0)),0) -> 0 | AD38: - | AE38: =IFERROR(AC38/AD38-1,"-") -> - | AF38: =IFERROR(AC38-AD38,"-") -> -
A39: Boden | B39: =IF(OR(E39="-",F39="-"),"-",D39&" ("&E39&"x"&F39&")") -> (x) | C39: 3033 | I39: =+IF($E39="","",MAX($E39,360)/1000*MAX($F39,360)/1000) | J39: =IF($F39="","",2*MAX($E39,360)/1000+2*MAX($F39,360)/1000) | K39: =+IFERROR(MAX($J$5,ROUND(L39*(1+L$2)^N$2+J$2,0)),0) -> 0 | L39: - | M39: =IFERROR(K39/L39-1,"-") -> - | N39: =IFERROR(K39-L39,"-") -> - | Q39: =+IFERROR(IF(AND(R39="-",K39>0),ROUND(V$4*K39,0),ROUND(R39*(1+S$2)^U$2+Q$2,0)),0) -> 0 | R39: - | S39: =IFERROR(Q39/R39-1,"-") -> - | T39: =IFERROR(Q39-R39,"-") -> - | W39: =+IFERROR(IF(AND(X39="-",Q39>0),ROUND(AB$4*Q39,0),ROUND(X39*(1+Y$2)^AA$2+W$2,0)),0) -> 0 | X39: - | Y39: =IFERROR(W39/X39-1,"-") -> - | Z39: =IFERROR(W39-X39,"-") -> - | AC39: =+IFERROR(IF(AND(AD39="-",W39>0),ROUND(AH$4*W39,0),ROUND(AD39*(1+AE$2)^AG$2+AC$2,0)),0) -> 0 | AD39: - | AE39: =IFERROR(AC39/AD39-1,"-") -> - | AF39: =IFERROR(AC39-AD39,"-") -> -
A40: Boden | B40: =IF(OR(E40="-",F40="-"),"-",D40&" ("&E40&"x"&F40&")") -> (x) | C40: 3034 | I40: =+IF($E40="","",MAX($E40,360)/1000*MAX($F40,360)/1000) | J40: =IF($F40="","",2*MAX($E40,360)/1000+2*MAX($F40,360)/1000) | K40: =+IFERROR(MAX($J$5,ROUND(L40*(1+L$2)^N$2+J$2,0)),0) -> 0 | L40: - | M40: =IFERROR(K40/L40-1,"-") -> - | N40: =IFERROR(K40-L40,"-") -> - | Q40: =+IFERROR(IF(AND(R40="-",K40>0),ROUND(V$4*K40,0),ROUND(R40*(1+S$2)^U$2+Q$2,0)),0) -> 0 | R40: - | S40: =IFERROR(Q40/R40-1,"-") -> - | T40: =IFERROR(Q40-R40,"-") -> - | W40: =+IFERROR(IF(AND(X40="-",Q40>0),ROUND(AB$4*Q40,0),ROUND(X40*(1+Y$2)^AA$2+W$2,0)),0) -> 0 | X40: - | Y40: =IFERROR(W40/X40-1,"-") -> - | Z40: =IFERROR(W40-X40,"-") -> - | AC40: =+IFERROR(IF(AND(AD40="-",W40>0),ROUND(AH$4*W40,0),ROUND(AD40*(1+AE$2)^AG$2+AC$2,0)),0) -> 0 | AD40: - | AE40: =IFERROR(AC40/AD40-1,"-") -> - | AF40: =IFERROR(AC40-AD40,"-") -> -
A41: Boden | B41: =IF(OR(E41="-",F41="-"),"-",D41&" ("&E41&"x"&F41&")") -> (x) | C41: 3035 | I41: =+IF($E41="","",MAX($E41,360)/1000*MAX($F41,360)/1000) | J41: =IF($F41="","",2*MAX($E41,360)/1000+2*MAX($F41,360)/1000) | K41: =+IFERROR(MAX($J$5,ROUND(L41*(1+L$2)^N$2+J$2,0)),0) -> 0 | L41: - | M41: =IFERROR(K41/L41-1,"-") -> - | N41: =IFERROR(K41-L41,"-") -> - | Q41: =+IFERROR(IF(AND(R41="-",K41>0),ROUND(V$4*K41,0),ROUND(R41*(1+S$2)^U$2+Q$2,0)),0) -> 0 | R41: - | S41: =IFERROR(Q41/R41-1,"-") -> - | T41: =IFERROR(Q41-R41,"-") -> - | W41: =+IFERROR(IF(AND(X41="-",Q41>0),ROUND(AB$4*Q41,0),ROUND(X41*(1+Y$2)^AA$2+W$2,0)),0) -> 0 | X41: - | Y41: =IFERROR(W41/X41-1,"-") -> - | Z41: =IFERROR(W41-X41,"-") -> - | AC41: =+IFERROR(IF(AND(AD41="-",W41>0),ROUND(AH$4*W41,0),ROUND(AD41*(1+AE$2)^AG$2+AC$2,0)),0) -> 0 | AD41: - | AE41: =IFERROR(AC41/AD41-1,"-") -> - | AF41: =IFERROR(AC41-AD41,"-") -> -
A42: Boden | B42: =IF(OR(E42="-",F42="-"),"-",D42&" ("&E42&"x"&F42&")") -> (x) | C42: 3036 | I42: =+IF($E42="","",MAX($E42,360)/1000*MAX($F42,360)/1000) | J42: =IF($F42="","",2*MAX($E42,360)/1000+2*MAX($F42,360)/1000) | K42: =+IFERROR(MAX($J$5,ROUND(L42*(1+L$2)^N$2+J$2,0)),0) -> 0 | L42: - | M42: =IFERROR(K42/L42-1,"-") -> - | N42: =IFERROR(K42-L42,"-") -> - | Q42: =+IFERROR(IF(AND(R42="-",K42>0),ROUND(V$4*K42,0),ROUND(R42*(1+S$2)^U$2+Q$2,0)),0) -> 0 | R42: - | S42: =IFERROR(Q42/R42-1,"-") -> - | T42: =IFERROR(Q42-R42,"-") -> - | W42: =+IFERROR(IF(AND(X42="-",Q42>0),ROUND(AB$4*Q42,0),ROUND(X42*(1+Y$2)^AA$2+W$2,0)),0) -> 0 | X42: - | Y42: =IFERROR(W42/X42-1,"-") -> - | Z42: =IFERROR(W42-X42,"-") -> - | AC42: =+IFERROR(IF(AND(AD42="-",W42>0),ROUND(AH$4*W42,0),ROUND(AD42*(1+AE$2)^AG$2+AC$2,0)),0) -> 0 | AD42: - | AE42: =IFERROR(AC42/AD42-1,"-") -> - | AF42: =IFERROR(AC42-AD42,"-") -> -
A43: Boden | B43: =IF(OR(E43="-",F43="-"),"-",D43&" ("&E43&"x"&F43&")") -> (x) | C43: 3037 | I43: =+IF($E43="","",MAX($E43,360)/1000*MAX($F43,360)/1000) | J43: =IF($F43="","",2*MAX($E43,360)/1000+2*MAX($F43,360)/1000) | K43: =+IFERROR(MAX($J$5,ROUND(L43*(1+L$2)^N$2+J$2,0)),0) -> 0 | L43: - | M43: =IFERROR(K43/L43-1,"-") -> - | N43: =IFERROR(K43-L43,"-") -> - | Q43: =+IFERROR(IF(AND(R43="-",K43>0),ROUND(V$4*K43,0),ROUND(R43*(1+S$2)^U$2+Q$2,0)),0) -> 0 | R43: - | S43: =IFERROR(Q43/R43-1,"-") -> - | T43: =IFERROR(Q43-R43,"-") -> - | W43: =+IFERROR(IF(AND(X43="-",Q43>0),ROUND(AB$4*Q43,0),ROUND(X43*(1+Y$2)^AA$2+W$2,0)),0) -> 0 | X43: - | Y43: =IFERROR(W43/X43-1,"-") -> - | Z43: =IFERROR(W43-X43,"-") -> - | AC43: =+IFERROR(IF(AND(AD43="-",W43>0),ROUND(AH$4*W43,0),ROUND(AD43*(1+AE$2)^AG$2+AC$2,0)),0) -> 0 | AD43: - | AE43: =IFERROR(AC43/AD43-1,"-") -> - | AF43: =IFERROR(AC43-AD43,"-") -> -
A44: Boden | B44: =IF(OR(E44="-",F44="-"),"-",D44&" ("&E44&"x"&F44&")") -> (x) | C44: 3038 | I44: =+IF($E44="","",MAX($E44,360)/1000*MAX($F44,360)/1000) | J44: =IF($F44="","",2*MAX($E44,360)/1000+2*MAX($F44,360)/1000) | K44: =+IFERROR(MAX($J$5,ROUND(L44*(1+L$2)^N$2+J$2,0)),0) -> 0 | L44: - | M44: =IFERROR(K44/L44-1,"-") -> - | N44: =IFERROR(K44-L44,"-") -> - | Q44: =+IFERROR(IF(AND(R44="-",K44>0),ROUND(V$4*K44,0),ROUND(R44*(1+S$2)^U$2+Q$2,0)),0) -> 0 | R44: - | S44: =IFERROR(Q44/R44-1,"-") -> - | T44: =IFERROR(Q44-R44,"-") -> - | W44: =+IFERROR(IF(AND(X44="-",Q44>0),ROUND(AB$4*Q44,0),ROUND(X44*(1+Y$2)^AA$2+W$2,0)),0) -> 0 | X44: - | Y44: =IFERROR(W44/X44-1,"-") -> - | Z44: =IFERROR(W44-X44,"-") -> - | AC44: =+IFERROR(IF(AND(AD44="-",W44>0),ROUND(AH$4*W44,0),ROUND(AD44*(1+AE$2)^AG$2+AC$2,0)),0) -> 0 | AD44: - | AE44: =IFERROR(AC44/AD44-1,"-") -> - | AF44: =IFERROR(AC44-AD44,"-") -> -
A45: Boden | B45: =IF(OR(E45="-",F45="-"),"-",D45&" ("&E45&"x"&F45&")") -> (x) | C45: 3039 | I45: =+IF($E45="","",MAX($E45,360)/1000*MAX($F45,360)/1000) | J45: =IF($F45="","",2*MAX($E45,360)/1000+2*MAX($F45,360)/1000) | K45: =+IFERROR(MAX($J$5,ROUND(L45*(1+L$2)^N$2+J$2,0)),0) -> 0 | L45: - | M45: =IFERROR(K45/L45-1,"-") -> - | N45: =IFERROR(K45-L45,"-") -> - | Q45: =+IFERROR(IF(AND(R45="-",K45>0),ROUND(V$4*K45,0),ROUND(R45*(1+S$2)^U$2+Q$2,0)),0) -> 0 | R45: - | S45: =IFERROR(Q45/R45-1,"-") -> - | T45: =IFERROR(Q45-R45,"-") -> - | W45: =+IFERROR(IF(AND(X45="-",Q45>0),ROUND(AB$4*Q45,0),ROUND(X45*(1+Y$2)^AA$2+W$2,0)),0) -> 0 | X45: - | Y45: =IFERROR(W45/X45-1,"-") -> - | Z45: =IFERROR(W45-X45,"-") -> - | AC45: =+IFERROR(IF(AND(AD45="-",W45>0),ROUND(AH$4*W45,0),ROUND(AD45*(1+AE$2)^AG$2+AC$2,0)),0) -> 0 | AD45: - | AE45: =IFERROR(AC45/AD45-1,"-") -> - | AF45: =IFERROR(AC45-AD45,"-") -> -
A46: Boden | B46: =IF(OR(E46="-",F46="-"),"-",D46&" ("&E46&"x"&F46&")") -> (x) | C46: 3040 | I46: =+IF($E46="","",MAX($E46,360)/1000*MAX($F46,360)/1000) | J46: =IF($F46="","",2*MAX($E46,360)/1000+2*MAX($F46,360)/1000) | K46: =+IFERROR(MAX($J$5,ROUND(L46*(1+L$2)^N$2+J$2,0)),0) -> 0 | L46: - | M46: =IFERROR(K46/L46-1,"-") -> - | N46: =IFERROR(K46-L46,"-") -> - | Q46: =+IFERROR(IF(AND(R46="-",K46>0),ROUND(V$4*K46,0),ROUND(R46*(1+S$2)^U$2+Q$2,0)),0) -> 0 | R46: - | S46: =IFERROR(Q46/R46-1,"-") -> - | T46: =IFERROR(Q46-R46,"-") -> - | W46: =+IFERROR(IF(AND(X46="-",Q46>0),ROUND(AB$4*Q46,0),ROUND(X46*(1+Y$2)^AA$2+W$2,0)),0) -> 0 | X46: - | Y46: =IFERROR(W46/X46-1,"-") -> - | Z46: =IFERROR(W46-X46,"-") -> - | AC46: =+IFERROR(IF(AND(AD46="-",W46>0),ROUND(AH$4*W46,0),ROUND(AD46*(1+AE$2)^AG$2+AC$2,0)),0) -> 0 | AD46: - | AE46: =IFERROR(AC46/AD46-1,"-") -> - | AF46: =IFERROR(AC46-AD46,"-") -> -
... A56: Boden | B56: =IF(OR(E56="-",F56="-"),"-",D56&" ("&E56&"x"&F56&")") -> (x) | C56: 3050 | I56: =+IF($E56="","",MAX($E56,360)/1000*MAX($F56,360)/1000) | J56: =IF($F56="","",2*MAX($E56,360)/1000+2*MAX($F56,360)/1000) | K56: =+IFERROR(MAX($J$5,ROUND(L56*(1+L$2)^N$2+J$2,0)),0) -> 0 | L56: - | M56: =IFERROR(K56/L56-1,"-") -> - | N56: =IFERROR(K56-L56,"-") -> - | Q56: =+IFERROR(IF(AND(R56="-",K56>0),ROUND(V$4*K56,0),ROUND(R56*(1+S$2)^U$2+Q$2,0)),0) -> 0 | R56: - | S56: =IFERROR(Q56/R56-1,"-") -> - | T56: =IFERROR(Q56-R56,"-") -> - | W56: =+IFERROR(IF(AND(X56="-",Q56>0),ROUND(AB$4*Q56,0),ROUND(X56*(1+Y$2)^AA$2+W$2,0)),0) -> 0 | X56: - | Y56: =IFERROR(W56/X56-1,"-") -> - | Z56: =IFERROR(W56-X56,"-") -> - | AC56: =+IFERROR(IF(AND(AD56="-",W56>0),ROUND(AH$4*W56,0),ROUND(AD56*(1+AE$2)^AG$2+AC$2,0)),0) -> 0 | AD56: - | AE56: =IFERROR(AC56/AD56-1,"-") -> - | AF56: =IFERROR(AC56-AD56,"-") -> -
B57: Seite außen | I57: =+IF($E57="","",MAX($E57,360)/1000*MAX($F57,360)/1000) | J57: =IF($F57="","",2*MAX($E57,360)/1000+2*MAX($F57,360)/1000) | K57: =+IFERROR(MAX($J$5,ROUND(L57*(1+L$2)^N$2+J$2,0)),0) -> 0 | L57: - | M57: =AVERAGE(M58:M108) -> 0.4580135 | N57: =IFERROR(K57-L57,"-") -> - | X57: - | Y57: =AVERAGE(Y58:Y108) -> 0.41021124 | Z57: =IFERROR(W57-X57,"-") -> - | AE57: =AVERAGE(AE58:AE108) -> 0.40518763 | AF57: =IFERROR(AC57-AD57,"-") -> - | AJ57: =+IFERROR(ROUND(K57*(1+AJ$2),0),"-") -> 0 | AK57: =+IFERROR(ROUND(Q57*(1+AK$2),0),"-") -> 0 | AL57: =+IFERROR(ROUND(AC57*(1+AL$2),0),"-") -> 0 | AM57: =+IFERROR(ROUND(W57*(1+AM$2),0),"-") -> 0
A58: Seite | B58: =IF(OR(E58="-",F58="-"),"-",D58&" ("&E58&"x"&F58&")") -> Seite außen (360x180) | C58: 3100 | D58: Seite außen | E58: 360 | F58: 180 | I58: =+IF($E58="","",MAX($E58,360)/1000*MAX($F58,360)/1000) -> 0.1296 | J58: =IF($F58="","",2*MAX($E58,360)/1000+2*MAX($F58,360)/1000) -> 1.44 | K58: =+IFERROR(MAX($J$5,ROUND(L58*(1+L$2)^N$2+J$2,0)),0) -> 34 | L58: 18 | M58: =IFERROR(K58/L58-1,"-") -> 0.88888889 | N58: =IFERROR(K58-L58,"-") -> 16 | O58: OK | Q58: =+IFERROR(IF(AND(R58="-",K58>0),ROUND(V$4*K58,0),ROUND(R58*(1+S$2)^U$2+Q$2,0)),0) -> 114 | R58: 70 | S58: =IFERROR(Q58/R58-1,"-") -> 0.62857143 | T58: =IFERROR(Q58-R58,"-") -> 44 | U58: OK | W58: =+IFERROR(IF(AND(X58="-",Q58>0),ROUND(AB$4*Q58,0),ROUND(X58*(1+Y$2)^AA$2+W$2,0)),0) -> 89 | X58: 59 | Y58: =IFERROR(W58/X58-1,"-") -> 0.50847458 | Z58: =IFERROR(W58-X58,"-") -> 30 | AA58: OK | AC58: =+IFERROR(IF(AND(AD58="-",W58>0),ROUND(AH$4*W58,0),ROUND(AD58*(1+AE$2)^AG$2+AC$2,0)),0) -> 201 | AD58: 142 | AE58: =IFERROR(AC58/AD58-1,"-") -> 0.41549296 | AF58: =IFERROR(AC58-AD58,"-") -> 59 | AG58: OK | AJ58: =+IFERROR(ROUND(K58*(1+AJ$2),0),"-") -> 37 | AK58: =+IFERROR(ROUND(Q58*(1+AK$2),0),"-") -> 125 | AL58: =+IFERROR(ROUND(AC58*(1+AL$2),0),"-") -> 221 | AM58: =+IFERROR(ROUND(W58*(1+AM$2),0),"-") -> 98
A59: Seite | B59: =IF(OR(E59="-",F59="-"),"-",D59&" ("&E59&"x"&F59&")") -> Seite außen (360x360) | C59: 3101 | D59: Seite außen | E59: 360 | F59: 360 | I59: =+IF($E59="","",MAX($E59,360)/1000*MAX($F59,360)/1000) -> 0.1296 | J59: =IF($F59="","",2*MAX($E59,360)/1000+2*MAX($F59,360)/1000) -> 1.44 | K59: =+IFERROR(MAX($J$5,ROUND(L59*(1+L$2)^N$2+J$2,0)),0) -> 34 | L59: 18 | M59: =IFERROR(K59/L59-1,"-") -> 0.88888889 | N59: =IFERROR(K59-L59,"-") -> 16 | O59: OK | Q59: =+IFERROR(IF(AND(R59="-",K59>0),ROUND(V$4*K59,0),ROUND(R59*(1+S$2)^U$2+Q$2,0)),0) -> 114 | R59: 70 | S59: =IFERROR(Q59/R59-1,"-") -> 0.62857143 | T59: =IFERROR(Q59-R59,"-") -> 44 | U59: OK | W59: =+IFERROR(IF(AND(X59="-",Q59>0),ROUND(AB$4*Q59,0),ROUND(X59*(1+Y$2)^AA$2+W$2,0)),0) -> 89 | X59: 59 | Y59: =IFERROR(W59/X59-1,"-") -> 0.50847458 | Z59: =IFERROR(W59-X59,"-") -> 30 | AA59: OK | AC59: =+IFERROR(IF(AND(AD59="-",W59>0),ROUND(AH$4*W59,0),ROUND(AD59*(1+AE$2)^AG$2+AC$2,0)),0) -> 177 | AD59: 124 | AE59: =IFERROR(AC59/AD59-1,"-") -> 0.42741935 | AF59: =IFERROR(AC59-AD59,"-") -> 53 | AG59: OK | AJ59: =+IFERROR(ROUND(K59*(1+AJ$2),0),"-") -> 37 | AK59: =+IFERROR(ROUND(Q59*(1+AK$2),0),"-") -> 125 | AL59: =+IFERROR(ROUND(AC59*(1+AL$2),0),"-") -> 195 | AM59: =+IFERROR(ROUND(W59*(1+AM$2),0),"-") -> 98
A60: Seite | B60: =IF(OR(E60="-",F60="-"),"-",D60&" ("&E60&"x"&F60&")") -> Seite außen (360x720) | C60: 3102 | D60: Seite außen | E60: 360 | F60: 720 | I60: =+IF($E60="","",MAX($E60,360)/1000*MAX($F60,360)/1000) -> 0.2592 | J60: =IF($F60="","",2*MAX($E60,360)/1000+2*MAX($F60,360)/1000) -> 2.16 | K60: =+IFERROR(MAX($J$5,ROUND(L60*(1+L$2)^N$2+J$2,0)),0) -> 52 | L60: 35 | M60: =IFERROR(K60/L60-1,"-") -> 0.48571429 | N60: =IFERROR(K60-L60,"-") -> 17 | O60: OK | Q60: =+IFERROR(IF(AND(R60="-",K60>0),ROUND(V$4*K60,0),ROUND(R60*(1+S$2)^U$2+Q$2,0)),0) -> 181 | R60: 120 | S60: =IFERROR(Q60/R60-1,"-") -> 0.50833333 | T60: =IFERROR(Q60-R60,"-") -> 61 | U60: OK | W60: =+IFERROR(IF(AND(X60="-",Q60>0),ROUND(AB$4*Q60,0),ROUND(X60*(1+Y$2)^AA$2+W$2,0)),0) -> 143 | X60: 99 | Y60: =IFERROR(W60/X60-1,"-") -> 0.44444444 | Z60: =IFERROR(W60-X60,"-") -> 44 | AA60: OK | AC60: =+IFERROR(IF(AND(AD60="-",W60>0),ROUND(AH$4*W60,0),ROUND(AD60*(1+AE$2)^AG$2+AC$2,0)),0) -> 212 | AD60: 150 | AE60: =IFERROR(AC60/AD60-1,"-") -> 0.41333333 | AF60: =IFERROR(AC60-AD60,"-") -> 62 | AG60: OK | AJ60: =+IFERROR(ROUND(K60*(1+AJ$2),0),"-") -> 57 | AK60: =+IFERROR(ROUND(Q60*(1+AK$2),0),"-") -> 199 | AL60: =+IFERROR(ROUND(AC60*(1+AL$2),0),"-") -> 233 | AM60: =+IFERROR(ROUND(W60*(1+AM$2),0),"-") -> 157
A61: Seite | B61: =IF(OR(E61="-",F61="-"),"-",D61&" ("&E61&"x"&F61&")") -> Seite außen (360x1080) | C61: 3103 | D61: Seite außen | E61: 360 | F61: 1080 | I61: =+IF($E61="","",MAX($E61,360)/1000*MAX($F61,360)/1000) -> 0.3888 | J61: =IF($F61="","",2*MAX($E61,360)/1000+2*MAX($F61,360)/1000) -> 2.88 | K61: =+IFERROR(MAX($J$5,ROUND(L61*(1+L$2)^N$2+J$2,0)),0) -> 76 | L61: 53 | M61: =IFERROR(K61/L61-1,"-") -> 0.43396226 | N61: =IFERROR(K61-L61,"-") -> 23 | O61: OK | Q61: =+IFERROR(IF(AND(R61="-",K61>0),ROUND(V$4*K61,0),ROUND(R61*(1+S$2)^U$2+Q$2,0)),0) -> 267 | R61: 184 | S61: =IFERROR(Q61/R61-1,"-") -> 0.45108696 | T61: =IFERROR(Q61-R61,"-") -> 83 | U61: OK | W61: =+IFERROR(IF(AND(X61="-",Q61>0),ROUND(AB$4*Q61,0),ROUND(X61*(1+Y$2)^AA$2+W$2,0)),0) -> 222 | X61: 158 | Y61: =IFERROR(W61/X61-1,"-") -> 0.40506329 | Z61: =IFERROR(W61-X61,"-") -> 64 | AA61: OK | AC61: =+IFERROR(IF(AND(AD61="-",W61>0),ROUND(AH$4*W61,0),ROUND(AD61*(1+AE$2)^AG$2+AC$2,0)),0) -> 240 | AD61: 171 | AE61: =IFERROR(AC61/AD61-1,"-") -> 0.40350877 | AF61: =IFERROR(AC61-AD61,"-") -> 69 | AG61: OK | AJ61: =+IFERROR(ROUND(K61*(1+AJ$2),0),"-") -> 84 | AK61: =+IFERROR(ROUND(Q61*(1+AK$2),0),"-") -> 294 | AL61: =+IFERROR(ROUND(AC61*(1+AL$2),0),"-") -> 264 | AM61: =+IFERROR(ROUND(W61*(1+AM$2),0),"-") -> 244
A62: Seite | B62: =IF(OR(E62="-",F62="-"),"-",D62&" ("&E62&"x"&F62&")") -> Seite außen (360x1440) | C62: 3104 | D62: Seite außen | E62: 360 | F62: 1440 | I62: =+IF($E62="","",MAX($E62,360)/1000*MAX($F62,360)/1000) -> 0.5184 | J62: =IF($F62="","",2*MAX($E62,360)/1000+2*MAX($F62,360)/1000) -> 3.6 | K62: =+IFERROR(MAX($J$5,ROUND(L62*(1+L$2)^N$2+J$2,0)),0) -> 100 | L62: 71 | M62: =IFERROR(K62/L62-1,"-") -> 0.4084507 | N62: =IFERROR(K62-L62,"-") -> 29 | O62: OK | Q62: =+IFERROR(IF(AND(R62="-",K62>0),ROUND(V$4*K62,0),ROUND(R62*(1+S$2)^U$2+Q$2,0)),0) -> 336 | R62: 235 | S62: =IFERROR(Q62/R62-1,"-") -> 0.42978723 | T62: =IFERROR(Q62-R62,"-") -> 101 | U62: OK | W62: =+IFERROR(IF(AND(X62="-",Q62>0),ROUND(AB$4*Q62,0),ROUND(X62*(1+Y$2)^AA$2+W$2,0)),0) -> 281 | X62: 202 | Y62: =IFERROR(W62/X62-1,"-") -> 0.39108911 | Z62: =IFERROR(W62-X62,"-") -> 79 | AA62: OK | AC62: =+IFERROR(IF(AND(AD62="-",W62>0),ROUND(AH$4*W62,0),ROUND(AD62*(1+AE$2)^AG$2+AC$2,0)),0) -> 529 | AD62: - | AE62: =IFERROR(AC62/AD62-1,"-") -> - | AF62: =IFERROR(AC62-AD62,"-") -> - | AG62: OK | AJ62: =+IFERROR(ROUND(K62*(1+AJ$2),0),"-") -> 110 | AK62: =+IFERROR(ROUND(Q62*(1+AK$2),0),"-") -> 370 | AL62: =+IFERROR(ROUND(AC62*(1+AL$2),0),"-") -> 582 | AM62: =+IFERROR(ROUND(W62*(1+AM$2),0),"-") -> 309
A63: Seite | B63: =IF(OR(E63="-",F63="-"),"-",D63&" ("&E63&"x"&F63&")") -> Seite außen (360x1800) | C63: 3105 | D63: Seite außen | E63: 360 | F63: 1800 | I63: =+IF($E63="","",MAX($E63,360)/1000*MAX($F63,360)/1000) -> 0.648 | J63: =IF($F63="","",2*MAX($E63,360)/1000+2*MAX($F63,360)/1000) -> 4.32 | K63: =+IFERROR(MAX($J$5,ROUND(L63*(1+L$2)^N$2+J$2,0)),0) -> 125 | L63: 89 | M63: =IFERROR(K63/L63-1,"-") -> 0.40449438 | N63: =IFERROR(K63-L63,"-") -> 36 | O63: OK | Q63: =+IFERROR(IF(AND(R63="-",K63>0),ROUND(V$4*K63,0),ROUND(R63*(1+S$2)^U$2+Q$2,0)),0) -> 246 | R63: - | W63: =+IFERROR(IF(AND(X63="-",Q63>0),ROUND(AB$4*Q63,0),ROUND(X63*(1+Y$2)^AA$2+W$2,0)),0) -> 343 | X63: 248 | Y63: =IFERROR(W63/X63-1,"-") -> 0.38306452 | Z63: =IFERROR(W63-X63,"-") -> 95 | AA63: OK | AC63: =+IFERROR(IF(AND(AD63="-",W63>0),ROUND(AH$4*W63,0),ROUND(AD63*(1+AE$2)^AG$2+AC$2,0)),0) -> 645 | AD63: - | AE63: =IFERROR(AC63/AD63-1,"-") -> - | AF63: =IFERROR(AC63-AD63,"-") -> - | AG63: OK | AJ63: =+IFERROR(ROUND(K63*(1+AJ$2),0),"-") -> 138 | AK63: =+IFERROR(ROUND(Q63*(1+AK$2),0),"-") -> 271 | AL63: =+IFERROR(ROUND(AC63*(1+AL$2),0),"-") -> 710 | AM63: =+IFERROR(ROUND(W63*(1+AM$2),0),"-") -> 377
A64: Seite | B64: =IF(OR(E64="-",F64="-"),"-",D64&" ("&E64&"x"&F64&")") -> Seite außen (580x180) | C64: 3106 | D64: Seite außen | E64: 580 | F64: 180 | I64: =+IF($E64="","",MAX($E64,360)/1000*MAX($F64,360)/1000) -> 0.2088 | J64: =IF($F64="","",2*MAX($E64,360)/1000+2*MAX($F64,360)/1000) -> 1.88 | K64: =+IFERROR(MAX($J$5,ROUND(L64*(1+L$2)^N$2+J$2,0)),0) -> 43 | L64: 28 | M64: =IFERROR(K64/L64-1,"-") -> 0.53571429 | N64: =IFERROR(K64-L64,"-") -> 15 | O64: OK | Q64: =+IFERROR(IF(AND(R64="-",K64>0),ROUND(V$4*K64,0),ROUND(R64*(1+S$2)^U$2+Q$2,0)),0) -> 161 | R64: 105 | S64: =IFERROR(Q64/R64-1,"-") -> 0.53333333 | T64: =IFERROR(Q64-R64,"-") -> 56 | U64: OK | W64: =+IFERROR(IF(AND(X64="-",Q64>0),ROUND(AB$4*Q64,0),ROUND(X64*(1+Y$2)^AA$2+W$2,0)),0) -> 130 | X64: 89 | Y64: =IFERROR(W64/X64-1,"-") -> 0.46067416 | Z64: =IFERROR(W64-X64,"-") -> 41 | AA64: OK | AC64: =+IFERROR(IF(AND(AD64="-",W64>0),ROUND(AH$4*W64,0),ROUND(AD64*(1+AE$2)^AG$2+AC$2,0)),0) -> 208 | AD64: 147 | AE64: =IFERROR(AC64/AD64-1,"-") -> 0.41496599 | AF64: =IFERROR(AC64-AD64,"-") -> 61 | AG64: OK | AJ64: =+IFERROR(ROUND(K64*(1+AJ$2),0),"-") -> 47 | AK64: =+IFERROR(ROUND(Q64*(1+AK$2),0),"-") -> 177 | AL64: =+IFERROR(ROUND(AC64*(1+AL$2),0),"-") -> 229 | AM64: =+IFERROR(ROUND(W64*(1+AM$2),0),"-") -> 143
A65: Seite | B65: =IF(OR(E65="-",F65="-"),"-",D65&" ("&E65&"x"&F65&")") -> Seite außen (580x360) | C65: 3107 | D65: Seite außen | E65: 580 | F65: 360 | I65: =+IF($E65="","",MAX($E65,360)/1000*MAX($F65,360)/1000) -> 0.2088 | J65: =IF($F65="","",2*MAX($E65,360)/1000+2*MAX($F65,360)/1000) -> 1.88 | K65: =+IFERROR(MAX($J$5,ROUND(L65*(1+L$2)^N$2+J$2,0)),0) -> 43 | L65: 28 | M65: =IFERROR(K65/L65-1,"-") -> 0.53571429 | N65: =IFERROR(K65-L65,"-") -> 15 | O65: OK | Q65: =+IFERROR(IF(AND(R65="-",K65>0),ROUND(V$4*K65,0),ROUND(R65*(1+S$2)^U$2+Q$2,0)),0) -> 161 | R65: 105 | S65: =IFERROR(Q65/R65-1,"-") -> 0.53333333 | T65: =IFERROR(Q65-R65,"-") -> 56 | U65: OK | W65: =+IFERROR(IF(AND(X65="-",Q65>0),ROUND(AB$4*Q65,0),ROUND(X65*(1+Y$2)^AA$2+W$2,0)),0) -> 130 | X65: 89 | Y65: =IFERROR(W65/X65-1,"-") -> 0.46067416 | Z65: =IFERROR(W65-X65,"-") -> 41 | AA65: OK | AC65: =+IFERROR(IF(AND(AD65="-",W65>0),ROUND(AH$4*W65,0),ROUND(AD65*(1+AE$2)^AG$2+AC$2,0)),0) -> 185 | AD65: 130 | AE65: =IFERROR(AC65/AD65-1,"-") -> 0.42307692 | AF65: =IFERROR(AC65-AD65,"-") -> 55 | AG65: OK | AJ65: =+IFERROR(ROUND(K65*(1+AJ$2),0),"-") -> 47 | AK65: =+IFERROR(ROUND(Q65*(1+AK$2),0),"-") -> 177 | AL65: =+IFERROR(ROUND(AC65*(1+AL$2),0),"-") -> 204 | AM65: =+IFERROR(ROUND(W65*(1+AM$2),0),"-") -> 143
A66: Seite | B66: =IF(OR(E66="-",F66="-"),"-",D66&" ("&E66&"x"&F66&")") -> Seite außen (580x720) | C66: 3108 | D66: Seite außen | E66: 580 | F66: 720 | I66: =+IF($E66="","",MAX($E66,360)/1000*MAX($F66,360)/1000) -> 0.4176 | J66: =IF($F66="","",2*MAX($E66,360)/1000+2*MAX($F66,360)/1000) -> 2.6 | K66: =+IFERROR(MAX($J$5,ROUND(L66*(1+L$2)^N$2+J$2,0)),0) -> 82 | L66: 57 | M66: =IFERROR(K66/L66-1,"-") -> 0.43859649 | N66: =IFERROR(K66-L66,"-") -> 25 | O66: OK | Q66: =+IFERROR(IF(AND(R66="-",K66>0),ROUND(V$4*K66,0),ROUND(R66*(1+S$2)^U$2+Q$2,0)),0) -> 262 | R66: 180 | S66: =IFERROR(Q66/R66-1,"-") -> 0.45555556 | T66: =IFERROR(Q66-R66,"-") -> 82 | U66: OK | W66: =+IFERROR(IF(AND(X66="-",Q66>0),ROUND(AB$4*Q66,0),ROUND(X66*(1+Y$2)^AA$2+W$2,0)),0) -> 216 | X66: 153 | Y66: =IFERROR(W66/X66-1,"-") -> 0.41176471 | Z66: =IFERROR(W66-X66,"-") -> 63 | AA66: OK | AC66: =+IFERROR(IF(AND(AD66="-",W66>0),ROUND(AH$4*W66,0),ROUND(AD66*(1+AE$2)^AG$2+AC$2,0)),0) -> 245 | AD66: 175 | AE66: =IFERROR(AC66/AD66-1,"-") -> 0.4 | AF66: =IFERROR(AC66-AD66,"-") -> 70 | AG66: OK | AJ66: =+IFERROR(ROUND(K66*(1+AJ$2),0),"-") -> 90 | AK66: =+IFERROR(ROUND(Q66*(1+AK$2),0),"-") -> 288 | AL66: =+IFERROR(ROUND(AC66*(1+AL$2),0),"-") -> 270 | AM66: =+IFERROR(ROUND(W66*(1+AM$2),0),"-") -> 238
A67: Seite | B67: =IF(OR(E67="-",F67="-"),"-",D67&" ("&E67&"x"&F67&")") -> Seite außen (580x1080) | C67: 3109 | D67: Seite außen | E67: 580 | F67: 1080 | I67: =+IF($E67="","",MAX($E67,360)/1000*MAX($F67,360)/1000) -> 0.6264 | J67: =IF($F67="","",2*MAX($E67,360)/1000+2*MAX($F67,360)/1000) -> 3.32 | K67: =+IFERROR(MAX($J$5,ROUND(L67*(1+L$2)^N$2+J$2,0)),0) -> 119 | L67: 85 | M67: =IFERROR(K67/L67-1,"-") -> 0.4 | N67: =IFERROR(K67-L67,"-") -> 34 | O67: OK | Q67: =+IFERROR(IF(AND(R67="-",K67>0),ROUND(V$4*K67,0),ROUND(R67*(1+S$2)^U$2+Q$2,0)),0) -> 377 | R67: 266 | S67: =IFERROR(Q67/R67-1,"-") -> 0.41729323 | T67: =IFERROR(Q67-R67,"-") -> 111 | U67: OK | W67: =+IFERROR(IF(AND(X67="-",Q67>0),ROUND(AB$4*Q67,0),ROUND(X67*(1+Y$2)^AA$2+W$2,0)),0) -> 300 | X67: 216 | Y67: =IFERROR(W67/X67-1,"-") -> 0.38888889 | Z67: =IFERROR(W67-X67,"-") -> 84 | AA67: OK | AC67: =+IFERROR(IF(AND(AD67="-",W67>0),ROUND(AH$4*W67,0),ROUND(AD67*(1+AE$2)^AG$2+AC$2,0)),0) -> 307 | AD67: 221 | AE67: =IFERROR(AC67/AD67-1,"-") -> 0.38914027 | AF67: =IFERROR(AC67-AD67,"-") -> 86 | AG67: OK | AJ67: =+IFERROR(ROUND(K67*(1+AJ$2),0),"-") -> 131 | AK67: =+IFERROR(ROUND(Q67*(1+AK$2),0),"-") -> 415 | AL67: =+IFERROR(ROUND(AC67*(1+AL$2),0),"-") -> 338 | AM67: =+IFERROR(ROUND(W67*(1+AM$2),0),"-") -> 330
A68: Seite | B68: =IF(OR(E68="-",F68="-"),"-",D68&" ("&E68&"x"&F68&")") -> Seite außen (580x1440) | C68: 3110 | D68: Seite außen | E68: 580 | F68: 1440 | I68: =+IF($E68="","",MAX($E68,360)/1000*MAX($F68,360)/1000) -> 0.8352 | J68: =IF($F68="","",2*MAX($E68,360)/1000+2*MAX($F68,360)/1000) -> 4.04 | K68: =+IFERROR(MAX($J$5,ROUND(L68*(1+L$2)^N$2+J$2,0)),0) -> 158 | L68: 114 | M68: =IFERROR(K68/L68-1,"-") -> 0.38596491 | N68: =IFERROR(K68-L68,"-") -> 44 | O68: OK | Q68: =+IFERROR(IF(AND(R68="-",K68>0),ROUND(V$4*K68,0),ROUND(R68*(1+S$2)^U$2+Q$2,0)),0) -> 484 | R68: 345 | S68: =IFERROR(Q68/R68-1,"-") -> 0.40289855 | T68: =IFERROR(Q68-R68,"-") -> 139 | U68: OK | W68: =+IFERROR(IF(AND(X68="-",Q68>0),ROUND(AB$4*Q68,0),ROUND(X68*(1+Y$2)^AA$2+W$2,0)),0) -> 400 | X68: 290 | Y68: =IFERROR(W68/X68-1,"-") -> 0.37931034 | Z68: =IFERROR(W68-X68,"-") -> 110 | AA68: OK | AC68: =+IFERROR(IF(AND(AD68="-",W68>0),ROUND(AH$4*W68,0),ROUND(AD68*(1+AE$2)^AG$2+AC$2,0)),0) -> 752 | AD68: - | AE68: =IFERROR(AC68/AD68-1,"-") -> - | AF68: =IFERROR(AC68-AD68,"-") -> - | AG68: OK | AJ68: =+IFERROR(ROUND(K68*(1+AJ$2),0),"-") -> 174 | AK68: =+IFERROR(ROUND(Q68*(1+AK$2),0),"-") -> 532 | AL68: =+IFERROR(ROUND(AC68*(1+AL$2),0),"-") -> 827 | AM68: =+IFERROR(ROUND(W68*(1+AM$2),0),"-") -> 440
A69: Seite | B69: =IF(OR(E69="-",F69="-"),"-",D69&" ("&E69&"x"&F69&")") -> Seite außen (580x1800) | C69: 3111 | D69: Seite außen | E69: 580 | F69: 1800 | I69: =+IF($E69="","",MAX($E69,360)/1000*MAX($F69,360)/1000) -> 1.044 | J69: =IF($F69="","",2*MAX($E69,360)/1000+2*MAX($F69,360)/1000) -> 4.76 | K69: =+IFERROR(MAX($J$5,ROUND(L69*(1+L$2)^N$2+J$2,0)),0) -> 197 | L69: 143 | M69: =IFERROR(K69/L69-1,"-") -> 0.37762238 | N69: =IFERROR(K69-L69,"-") -> 54 | O69: OK | Q69: =+IFERROR(IF(AND(R69="-",K69>0),ROUND(V$4*K69,0),ROUND(R69*(1+S$2)^U$2+Q$2,0)),0) -> 388 | R69: - | W69: =+IFERROR(IF(AND(X69="-",Q69>0),ROUND(AB$4*Q69,0),ROUND(X69*(1+Y$2)^AA$2+W$2,0)),0) -> 467 | X69: 340 | Y69: =IFERROR(W69/X69-1,"-") -> 0.37352941 | Z69: =IFERROR(W69-X69,"-") -> 127 | AA69: OK | AC69: =+IFERROR(IF(AND(AD69="-",W69>0),ROUND(AH$4*W69,0),ROUND(AD69*(1+AE$2)^AG$2+AC$2,0)),0) -> 879 | AD69: - | AE69: =IFERROR(AC69/AD69-1,"-") -> - | AF69: =IFERROR(AC69-AD69,"-") -> - | AG69: OK | AJ69: =+IFERROR(ROUND(K69*(1+AJ$2),0),"-") -> 217 | AK69: =+IFERROR(ROUND(Q69*(1+AK$2),0),"-") -> 427 | AL69: =+IFERROR(ROUND(AC69*(1+AL$2),0),"-") -> 967 | AM69: =+IFERROR(ROUND(W69*(1+AM$2),0),"-") -> 514
A70: Seite | B70: =IF(OR(E70="-",F70="-"),"-",D70&" ("&E70&"x"&F70&")") -> Seite außen (180x780) | C70: 3112 | D70: Seite außen | E70: 180 | F70: 780 | I70: =+IF($E70="","",MAX($E70,360)/1000*MAX($F70,360)/1000) -> 0.2808 | J70: =IF($F70="","",2*MAX($E70,360)/1000+2*MAX($F70,360)/1000) -> 2.28 | K70: =+IFERROR(MAX($J$5,ROUND(L70*(1+L$2)^N$2+J$2,0)),0) -> 56 | L70: 38 | M70: =IFERROR(K70/L70-1,"-") -> 0.47368421 | N70: =IFERROR(K70-L70,"-") -> 18 | O70: OK | Q70: =+IFERROR(IF(AND(R70="-",K70>0),ROUND(V$4*K70,0),ROUND(R70*(1+S$2)^U$2+Q$2,0)),0) -> 185 | R70: 123 | S70: =IFERROR(Q70/R70-1,"-") -> 0.50406504 | T70: =IFERROR(Q70-R70,"-") -> 62 | U70: OK | W70: =+IFERROR(IF(AND(X70="-",Q70>0),ROUND(AB$4*Q70,0),ROUND(X70*(1+Y$2)^AA$2+W$2,0)),0) -> 144 | X70: 100 | Y70: =IFERROR(W70/X70-1,"-") -> 0.44 | Z70: =IFERROR(W70-X70,"-") -> 44 | AC70: =+IFERROR(IF(AND(AD70="-",W70>0),ROUND(AH$4*W70,0),ROUND(AD70*(1+AE$2)^AG$2+AC$2,0)),0) -> 212 | AD70: 150 | AE70: =IFERROR(AC70/AD70-1,"-") -> 0.41333333 | AF70: =IFERROR(AC70-AD70,"-") -> 62 | AG70: OK | AJ70: =+IFERROR(ROUND(K70*(1+AJ$2),0),"-") -> 62 | AK70: =+IFERROR(ROUND(Q70*(1+AK$2),0),"-") -> 204 | AL70: =+IFERROR(ROUND(AC70*(1+AL$2),0),"-") -> 233 | AM70: =+IFERROR(ROUND(W70*(1+AM$2),0),"-") -> 158
A71: Seite | B71: =IF(OR(E71="-",F71="-"),"-",D71&" ("&E71&"x"&F71&")") -> Seite außen (180x980) | C71: 3113 | D71: Seite außen | E71: 180 | F71: 980 | I71: =+IF($E71="","",MAX($E71,360)/1000*MAX($F71,360)/1000) -> 0.3528 | J71: =IF($F71="","",2*MAX($E71,360)/1000+2*MAX($F71,360)/1000) -> 2.68 | K71: =+IFERROR(MAX($J$5,ROUND(L71*(1+L$2)^N$2+J$2,0)),0) -> 70 | L71: 48 | M71: =IFERROR(K71/L71-1,"-") -> 0.45833333 | N71: =IFERROR(K71-L71,"-") -> 22 | O71: OK | Q71: =+IFERROR(IF(AND(R71="-",K71>0),ROUND(V$4*K71,0),ROUND(R71*(1+S$2)^U$2+Q$2,0)),0) -> 223 | R71: 151 | S71: =IFERROR(Q71/R71-1,"-") -> 0.47682119 | T71: =IFERROR(Q71-R71,"-") -> 72 | U71: OK | W71: =+IFERROR(IF(AND(X71="-",Q71>0),ROUND(AB$4*Q71,0),ROUND(X71*(1+Y$2)^AA$2+W$2,0)),0) -> 174 | X71: 122 | Y71: =IFERROR(W71/X71-1,"-") -> 0.42622951 | Z71: =IFERROR(W71-X71,"-") -> 52 | AC71: =+IFERROR(IF(AND(AD71="-",W71>0),ROUND(AH$4*W71,0),ROUND(AD71*(1+AE$2)^AG$2+AC$2,0)),0) -> 229 | AD71: 163 | AE71: =IFERROR(AC71/AD71-1,"-") -> 0.40490798 | AF71: =IFERROR(AC71-AD71,"-") -> 66 | AG71: OK | AJ71: =+IFERROR(ROUND(K71*(1+AJ$2),0),"-") -> 77 | AK71: =+IFERROR(ROUND(Q71*(1+AK$2),0),"-") -> 245 | AL71: =+IFERROR(ROUND(AC71*(1+AL$2),0),"-") -> 252 | AM71: =+IFERROR(ROUND(W71*(1+AM$2),0),"-") -> 191
A72: Seite | B72: =IF(OR(E72="-",F72="-"),"-",D72&" ("&E72&"x"&F72&")") -> Seite außen (360x780) | C72: 3114 | D72: Seite außen | E72: 360 | F72: 780 | I72: =+IF($E72="","",MAX($E72,360)/1000*MAX($F72,360)/1000) -> 0.2808 | J72: =IF($F72="","",2*MAX($E72,360)/1000+2*MAX($F72,360)/1000) -> 2.28 | K72: =+IFERROR(MAX($J$5,ROUND(L72*(1+L$2)^N$2+J$2,0)),0) -> 56 | L72: 38 | M72: =IFERROR(K72/L72-1,"-") -> 0.47368421 | N72: =IFERROR(K72-L72,"-") -> 18 | O72: OK | Q72: =+IFERROR(IF(AND(R72="-",K72>0),ROUND(V$4*K72,0),ROUND(R72*(1+S$2)^U$2+Q$2,0)),0) -> 185 | R72: 123 | S72: =IFERROR(Q72/R72-1,"-") -> 0.50406504 | T72: =IFERROR(Q72-R72,"-") -> 62 | U72: OK | W72: =+IFERROR(IF(AND(X72="-",Q72>0),ROUND(AB$4*Q72,0),ROUND(X72*(1+Y$2)^AA$2+W$2,0)),0) -> 144 | X72: 100 | Y72: =IFERROR(W72/X72-1,"-") -> 0.44 | Z72: =IFERROR(W72-X72,"-") -> 44 | AC72: =+IFERROR(IF(AND(AD72="-",W72>0),ROUND(AH$4*W72,0),ROUND(AD72*(1+AE$2)^AG$2+AC$2,0)),0) -> 190 | AD72: 134 | AE72: =IFERROR(AC72/AD72-1,"-") -> 0.41791045 | AF72: =IFERROR(AC72-AD72,"-") -> 56 | AG72: OK | AJ72: =+IFERROR(ROUND(K72*(1+AJ$2),0),"-") -> 62 | AK72: =+IFERROR(ROUND(Q72*(1+AK$2),0),"-") -> 204 | AL72: =+IFERROR(ROUND(AC72*(1+AL$2),0),"-") -> 209 | AM72: =+IFERROR(ROUND(W72*(1+AM$2),0),"-") -> 158
A73: Seite | B73: =IF(OR(E73="-",F73="-"),"-",D73&" ("&E73&"x"&F73&")") -> Seite außen (360x980) | C73: 3115 | D73: Seite außen | E73: 360 | F73: 980 | I73: =+IF($E73="","",MAX($E73,360)/1000*MAX($F73,360)/1000) -> 0.3528 | J73: =IF($F73="","",2*MAX($E73,360)/1000+2*MAX($F73,360)/1000) -> 2.68 | K73: =+IFERROR(MAX($J$5,ROUND(L73*(1+L$2)^N$2+J$2,0)),0) -> 70 | L73: 48 | M73: =IFERROR(K73/L73-1,"-") -> 0.45833333 | N73: =IFERROR(K73-L73,"-") -> 22 | O73: OK | Q73: =+IFERROR(IF(AND(R73="-",K73>0),ROUND(V$4*K73,0),ROUND(R73*(1+S$2)^U$2+Q$2,0)),0) -> 223 | R73: 151 | S73: =IFERROR(Q73/R73-1,"-") -> 0.47682119 | T73: =IFERROR(Q73-R73,"-") -> 72 | U73: OK | W73: =+IFERROR(IF(AND(X73="-",Q73>0),ROUND(AB$4*Q73,0),ROUND(X73*(1+Y$2)^AA$2+W$2,0)),0) -> 174 | X73: 122 | Y73: =IFERROR(W73/X73-1,"-") -> 0.42622951 | Z73: =IFERROR(W73-X73,"-") -> 52 | AC73: =+IFERROR(IF(AND(AD73="-",W73>0),ROUND(AH$4*W73,0),ROUND(AD73*(1+AE$2)^AG$2+AC$2,0)),0) -> 209 | AD73: 148 | AE73: =IFERROR(AC73/AD73-1,"-") -> 0.41216216 | AF73: =IFERROR(AC73-AD73,"-") -> 61 | AG73: OK | AJ73: =+IFERROR(ROUND(K73*(1+AJ$2),0),"-") -> 77 | AK73: =+IFERROR(ROUND(Q73*(1+AK$2),0),"-") -> 245 | AL73: =+IFERROR(ROUND(AC73*(1+AL$2),0),"-") -> 230 | AM73: =+IFERROR(ROUND(W73*(1+AM$2),0),"-") -> 191
A74: Seite | B74: =IF(OR(E74="-",F74="-"),"-",D74&" ("&E74&"x"&F74&")") -> Seite außen (720x780) | C74: 3116 | D74: Seite außen | E74: 720 | F74: 780 | I74: =+IF($E74="","",MAX($E74,360)/1000*MAX($F74,360)/1000) -> 0.5616 | J74: =IF($F74="","",2*MAX($E74,360)/1000+2*MAX($F74,360)/1000) -> 3 | K74: =+IFERROR(MAX($J$5,ROUND(L74*(1+L$2)^N$2+J$2,0)),0) -> 107 | L74: 76 | M74: =IFERROR(K74/L74-1,"-") -> 0.40789474 | N74: =IFERROR(K74-L74,"-") -> 31 | O74: OK | Q74: =+IFERROR(IF(AND(R74="-",K74>0),ROUND(V$4*K74,0),ROUND(R74*(1+S$2)^U$2+Q$2,0)),0) -> 355 | R74: 249 | S74: =IFERROR(Q74/R74-1,"-") -> 0.42570281 | T74: =IFERROR(Q74-R74,"-") -> 106 | U74: OK | W74: =+IFERROR(IF(AND(X74="-",Q74>0),ROUND(AB$4*Q74,0),ROUND(X74*(1+Y$2)^AA$2+W$2,0)),0) -> 277 | X74: 199 | Y74: =IFERROR(W74/X74-1,"-") -> 0.3919598 | Z74: =IFERROR(W74-X74,"-") -> 78 | AC74: =+IFERROR(IF(AND(AD74="-",W74>0),ROUND(AH$4*W74,0),ROUND(AD74*(1+AE$2)^AG$2+AC$2,0)),0) -> 268 | AD74: 192 | AE74: =IFERROR(AC74/AD74-1,"-") -> 0.39583333 | AF74: =IFERROR(AC74-AD74,"-") -> 76 | AG74: OK | AJ74: =+IFERROR(ROUND(K74*(1+AJ$2),0),"-") -> 118 | AK74: =+IFERROR(ROUND(Q74*(1+AK$2),0),"-") -> 391 | AL74: =+IFERROR(ROUND(AC74*(1+AL$2),0),"-") -> 295 | AM74: =+IFERROR(ROUND(W74*(1+AM$2),0),"-") -> 305
A75: Seite | B75: =IF(OR(E75="-",F75="-"),"-",D75&" ("&E75&"x"&F75&")") -> Seite außen (720x980) | C75: 3117 | D75: Seite außen | E75: 720 | F75: 980 | I75: =+IF($E75="","",MAX($E75,360)/1000*MAX($F75,360)/1000) -> 0.7056 | J75: =IF($F75="","",2*MAX($E75,360)/1000+2*MAX($F75,360)/1000) -> 3.4 | K75: =+IFERROR(MAX($J$5,ROUND(L75*(1+L$2)^N$2+J$2,0)),0) -> 134 | L75: 96 | M75: =IFERROR(K75/L75-1,"-") -> 0.39583333 | N75: =IFERROR(K75-L75,"-") -> 38 | O75: OK | Q75: =+IFERROR(IF(AND(R75="-",K75>0),ROUND(V$4*K75,0),ROUND(R75*(1+S$2)^U$2+Q$2,0)),0) -> 406 | R75: 287 | S75: =IFERROR(Q75/R75-1,"-") -> 0.41463415 | T75: =IFERROR(Q75-R75,"-") -> 119 | U75: OK | W75: =+IFERROR(IF(AND(X75="-",Q75>0),ROUND(AB$4*Q75,0),ROUND(X75*(1+Y$2)^AA$2+W$2,0)),0) -> 320 | X75: 231 | Y75: =IFERROR(W75/X75-1,"-") -> 0.38528139 | Z75: =IFERROR(W75-X75,"-") -> 89 | AC75: =+IFERROR(IF(AND(AD75="-",W75>0),ROUND(AH$4*W75,0),ROUND(AD75*(1+AE$2)^AG$2+AC$2,0)),0) -> 329 | AD75: 237 | AE75: =IFERROR(AC75/AD75-1,"-") -> 0.38818565 | AF75: =IFERROR(AC75-AD75,"-") -> 92 | AG75: OK | AJ75: =+IFERROR(ROUND(K75*(1+AJ$2),0),"-") -> 147 | AK75: =+IFERROR(ROUND(Q75*(1+AK$2),0),"-") -> 447 | AL75: =+IFERROR(ROUND(AC75*(1+AL$2),0),"-") -> 362 | AM75: =+IFERROR(ROUND(W75*(1+AM$2),0),"-") -> 352
A76: Seite | B76: =IF(OR(E76="-",F76="-"),"-",D76&" ("&E76&"x"&F76&")") -> Seite außen (1080x780) | C76: 3118 | D76: Seite außen | E76: 1080 | F76: 780 | I76: =+IF($E76="","",MAX($E76,360)/1000*MAX($F76,360)/1000) -> 0.8424 | J76: =IF($F76="","",2*MAX($E76,360)/1000+2*MAX($F76,360)/1000) -> 3.72 | K76: =+IFERROR(MAX($J$5,ROUND(L76*(1+L$2)^N$2+J$2,0)),0) -> 161 | L76: 116 | M76: =IFERROR(K76/L76-1,"-") -> 0.38793103 | N76: =IFERROR(K76-L76,"-") -> 45 | O76: OK | Q76: =+IFERROR(IF(AND(R76="-",K76>0),ROUND(V$4*K76,0),ROUND(R76*(1+S$2)^U$2+Q$2,0)),0) -> 517 | R76: 370 | S76: =IFERROR(Q76/R76-1,"-") -> 0.3972973 | T76: =IFERROR(Q76-R76,"-") -> 147 | U76: OK | W76: =+IFERROR(IF(AND(X76="-",Q76>0),ROUND(AB$4*Q76,0),ROUND(X76*(1+Y$2)^AA$2+W$2,0)),0) -> 409 | X76: 297 | Y76: =IFERROR(W76/X76-1,"-") -> 0.37710438 | Z76: =IFERROR(W76-X76,"-") -> 112 | AC76: =+IFERROR(IF(AND(AD76="-",W76>0),ROUND(AH$4*W76,0),ROUND(AD76*(1+AE$2)^AG$2+AC$2,0)),0) -> 385 | AD76: 279 | AE76: =IFERROR(AC76/AD76-1,"-") -> 0.37992832 | AF76: =IFERROR(AC76-AD76,"-") -> 106 | AG76: OK | AJ76: =+IFERROR(ROUND(K76*(1+AJ$2),0),"-") -> 177 | AK76: =+IFERROR(ROUND(Q76*(1+AK$2),0),"-") -> 569 | AL76: =+IFERROR(ROUND(AC76*(1+AL$2),0),"-") -> 424 | AM76: =+IFERROR(ROUND(W76*(1+AM$2),0),"-") -> 450
A77: Seite | B77: =IF(OR(E77="-",F77="-"),"-",D77&" ("&E77&"x"&F77&")") -> Seite außen (1080x980) | C77: 3119 | D77: Seite außen | E77: 1080 | F77: 980 | I77: =+IF($E77="","",MAX($E77,360)/1000*MAX($F77,360)/1000) -> 1.0584 | J77: =IF($F77="","",2*MAX($E77,360)/1000+2*MAX($F77,360)/1000) -> 4.12 | K77: =+IFERROR(MAX($J$5,ROUND(L77*(1+L$2)^N$2+J$2,0)),0) -> 200 | L77: 145 | M77: =IFERROR(K77/L77-1,"-") -> 0.37931034 | N77: =IFERROR(K77-L77,"-") -> 55 | O77: OK | Q77: =+IFERROR(IF(AND(R77="-",K77>0),ROUND(V$4*K77,0),ROUND(R77*(1+S$2)^U$2+Q$2,0)),0) -> 626 | R77: 451 | S77: =IFERROR(Q77/R77-1,"-") -> 0.38802661 | T77: =IFERROR(Q77-R77,"-") -> 175 | U77: OK | W77: =+IFERROR(IF(AND(X77="-",Q77>0),ROUND(AB$4*Q77,0),ROUND(X77*(1+Y$2)^AA$2+W$2,0)),0) -> 474 | X77: 345 | Y77: =IFERROR(W77/X77-1,"-") -> 0.37391304 | Z77: =IFERROR(W77-X77,"-") -> 129 | AC77: =+IFERROR(IF(AND(AD77="-",W77>0),ROUND(AH$4*W77,0),ROUND(AD77*(1+AE$2)^AG$2+AC$2,0)),0) -> 431 | AD77: 313 | AE77: =IFERROR(AC77/AD77-1,"-") -> 0.37699681 | AF77: =IFERROR(AC77-AD77,"-") -> 118 | AG77: OK | AJ77: =+IFERROR(ROUND(K77*(1+AJ$2),0),"-") -> 220 | AK77: =+IFERROR(ROUND(Q77*(1+AK$2),0),"-") -> 689 | AL77: =+IFERROR(ROUND(AC77*(1+AL$2),0),"-") -> 474 | AM77: =+IFERROR(ROUND(W77*(1+AM$2),0),"-") -> 521
A78: Seite | B78: =IF(OR(E78="-",F78="-"),"-",D78&" ("&E78&"x"&F78&")") -> Seite außen (1440x780) | C78: 3120 | D78: Seite außen | E78: 1440 | F78: 780 | I78: =+IF($E78="","",MAX($E78,360)/1000*MAX($F78,360)/1000) -> 1.1232 | J78: =IF($F78="","",2*MAX($E78,360)/1000+2*MAX($F78,360)/1000) -> 4.44 | K78: =+IFERROR(MAX($J$5,ROUND(L78*(1+L$2)^N$2+J$2,0)),0) -> 211 | L78: 153 | M78: =IFERROR(K78/L78-1,"-") -> 0.37908497 | N78: =IFERROR(K78-L78,"-") -> 58 | O78: OK | Q78: =+IFERROR(IF(AND(R78="-",K78>0),ROUND(V$4*K78,0),ROUND(R78*(1+S$2)^U$2+Q$2,0)),0) -> 630 | R78: 454 | S78: =IFERROR(Q78/R78-1,"-") -> 0.3876652 | T78: =IFERROR(Q78-R78,"-") -> 176 | U78: OK | W78: =+IFERROR(IF(AND(X78="-",Q78>0),ROUND(AB$4*Q78,0),ROUND(X78*(1+Y$2)^AA$2+W$2,0)),0) -> 499 | X78: 364 | Y78: =IFERROR(W78/X78-1,"-") -> 0.37087912 | Z78: =IFERROR(W78-X78,"-") -> 135 | AC78: =+IFERROR(IF(AND(AD78="-",W78>0),ROUND(AH$4*W78,0),ROUND(AD78*(1+AE$2)^AG$2+AC$2,0)),0) -> 939 | AD78: - | AE78: =IFERROR(AC78/AD78-1,"-") -> - | AF78: =IFERROR(AC78-AD78,"-") -> - | AJ78: =+IFERROR(ROUND(K78*(1+AJ$2),0),"-") -> 232 | AK78: =+IFERROR(ROUND(Q78*(1+AK$2),0),"-") -> 693 | AL78: =+IFERROR(ROUND(AC78*(1+AL$2),0),"-") -> 1033 | AM78: =+IFERROR(ROUND(W78*(1+AM$2),0),"-") -> 549
A79: Seite | B79: =IF(OR(E79="-",F79="-"),"-",D79&" ("&E79&"x"&F79&")") -> Seite außen (1440x980) | C79: 3121 | D79: Seite außen | E79: 1440 | F79: 980 | I79: =+IF($E79="","",MAX($E79,360)/1000*MAX($F79,360)/1000) -> 1.4112 | J79: =IF($F79="","",2*MAX($E79,360)/1000+2*MAX($F79,360)/1000) -> 4.84 | K79: =+IFERROR(MAX($J$5,ROUND(L79*(1+L$2)^N$2+J$2,0)),0) -> 264 | L79: 193 | M79: =IFERROR(K79/L79-1,"-") -> 0.36787565 | N79: =IFERROR(K79-L79,"-") -> 71 | O79: OK | Q79: =+IFERROR(IF(AND(R79="-",K79>0),ROUND(V$4*K79,0),ROUND(R79*(1+S$2)^U$2+Q$2,0)),0) -> 778 | R79: 564 | S79: =IFERROR(Q79/R79-1,"-") -> 0.37943262 | T79: =IFERROR(Q79-R79,"-") -> 214 | U79: OK | W79: =+IFERROR(IF(AND(X79="-",Q79>0),ROUND(AB$4*Q79,0),ROUND(X79*(1+Y$2)^AA$2+W$2,0)),0) -> 616 | X79: 451 | Y79: =IFERROR(W79/X79-1,"-") -> 0.36585366 | Z79: =IFERROR(W79-X79,"-") -> 165 | AC79: =+IFERROR(IF(AND(AD79="-",W79>0),ROUND(AH$4*W79,0),ROUND(AD79*(1+AE$2)^AG$2+AC$2,0)),0) -> 1159 | AD79: - | AE79: =IFERROR(AC79/AD79-1,"-") -> - | AF79: =IFERROR(AC79-AD79,"-") -> - | AJ79: =+IFERROR(ROUND(K79*(1+AJ$2),0),"-") -> 290 | AK79: =+IFERROR(ROUND(Q79*(1+AK$2),0),"-") -> 856 | AL79: =+IFERROR(ROUND(AC79*(1+AL$2),0),"-") -> 1275 | AM79: =+IFERROR(ROUND(W79*(1+AM$2),0),"-") -> 678
A80: Seite | B80: =IF(OR(E80="-",F80="-"),"-",D80&" ("&E80&"x"&F80&")") -> Seite außen (1800x780) | C80: 3122 | D80: Seite außen | E80: 1800 | F80: 780 | I80: =+IF($E80="","",MAX($E80,360)/1000*MAX($F80,360)/1000) -> 1.404 | J80: =IF($F80="","",2*MAX($E80,360)/1000+2*MAX($F80,360)/1000) -> 5.16 | K80: =+IFERROR(MAX($J$5,ROUND(L80*(1+L$2)^N$2+J$2,0)),0) -> 264 | L80: 193 | M80: =IFERROR(K80/L80-1,"-") -> 0.36787565 | N80: =IFERROR(K80-L80,"-") -> 71 | O80: OK | Q80: =+IFERROR(IF(AND(R80="-",K80>0),ROUND(V$4*K80,0),ROUND(R80*(1+S$2)^U$2+Q$2,0)),0) -> 520 | R80: - | W80: =+IFERROR(IF(AND(X80="-",Q80>0),ROUND(AB$4*Q80,0),ROUND(X80*(1+Y$2)^AA$2+W$2,0)),0) -> 612 | X80: 448 | Y80: =IFERROR(W80/X80-1,"-") -> 0.36607143 | Z80: =IFERROR(W80-X80,"-") -> 164 | AC80: =+IFERROR(IF(AND(AD80="-",W80>0),ROUND(AH$4*W80,0),ROUND(AD80*(1+AE$2)^AG$2+AC$2,0)),0) -> 1151 | AD80: - | AJ80: =+IFERROR(ROUND(K80*(1+AJ$2),0),"-") -> 290 | AK80: =+IFERROR(ROUND(Q80*(1+AK$2),0),"-") -> 572 | AL80: =+IFERROR(ROUND(AC80*(1+AL$2),0),"-") -> 1266 | AM80: =+IFERROR(ROUND(W80*(1+AM$2),0),"-") -> 673
A81: Seite | B81: =IF(OR(E81="-",F81="-"),"-",D81&" ("&E81&"x"&F81&")") -> Seite außen (1800x980) | C81: 3123 | D81: Seite außen | E81: 1800 | F81: 980 | I81: =+IF($E81="","",MAX($E81,360)/1000*MAX($F81,360)/1000) -> 1.764 | J81: =IF($F81="","",2*MAX($E81,360)/1000+2*MAX($F81,360)/1000) -> 5.56 | K81: =+IFERROR(MAX($J$5,ROUND(L81*(1+L$2)^N$2+J$2,0)),0) -> 329 | L81: 241 | M81: =IFERROR(K81/L81-1,"-") -> 0.36514523 | N81: =IFERROR(K81-L81,"-") -> 88 | O81: OK | Q81: =+IFERROR(IF(AND(R81="-",K81>0),ROUND(V$4*K81,0),ROUND(R81*(1+S$2)^U$2+Q$2,0)),0) -> 648 | R81: - | W81: =+IFERROR(IF(AND(X81="-",Q81>0),ROUND(AB$4*Q81,0),ROUND(X81*(1+Y$2)^AA$2+W$2,0)),0) -> 753 | X81: 553 | Y81: =IFERROR(W81/X81-1,"-") -> 0.36166365 | Z81: =IFERROR(W81-X81,"-") -> 200 | AC81: =+IFERROR(IF(AND(AD81="-",W81>0),ROUND(AH$4*W81,0),ROUND(AD81*(1+AE$2)^AG$2+AC$2,0)),0) -> 1417 | AD81: - | AJ81: =+IFERROR(ROUND(K81*(1+AJ$2),0),"-") -> 362 | AK81: =+IFERROR(ROUND(Q81*(1+AK$2),0),"-") -> 713 | AL81: =+IFERROR(ROUND(AC81*(1+AL$2),0),"-") -> 1559 | AM81: =+IFERROR(ROUND(W81*(1+AM$2),0),"-") -> 828
A82: Seite | B82: =IF(OR(E82="-",F82="-"),"-",D82&" ("&E82&"x"&F82&")") -> Seite außen (580x580) | C82: 3124 | D82: Seite außen | E82: 580 | F82: 580 | I82: =+IF($E82="","",MAX($E82,360)/1000*MAX($F82,360)/1000) -> 0.3364 | J82: =IF($F82="","",2*MAX($E82,360)/1000+2*MAX($F82,360)/1000) -> 2.32 | K82: =+IFERROR(MAX($J$5,ROUND(L82*(1+L$2)^N$2+J$2,0)),0) -> 67 | L82: 46 | M82: =IFERROR(K82/L82-1,"-") -> 0.45652174 | N82: =IFERROR(K82-L82,"-") -> 21 | O82: OK | Q82: =+IFERROR(IF(AND(R82="-",K82>0),ROUND(V$4*K82,0),ROUND(R82*(1+S$2)^U$2+Q$2,0)),0) -> 228 | R82: 155 | S82: =IFERROR(Q82/R82-1,"-") -> 0.47096774 | T82: =IFERROR(Q82-R82,"-") -> 73 | U82: OK | W82: =+IFERROR(IF(AND(X82="-",Q82>0),ROUND(AB$4*Q82,0),ROUND(X82*(1+Y$2)^AA$2+W$2,0)),0) -> 183 | X82: 129 | Y82: =IFERROR(W82/X82-1,"-") -> 0.41860465 | Z82: =IFERROR(W82-X82,"-") -> 54 | AC82: =+IFERROR(IF(AND(AD82="-",W82>0),ROUND(AH$4*W82,0),ROUND(AD82*(1+AE$2)^AG$2+AC$2,0)),0) -> 191 | AD82: 135 | AE82: =IFERROR(AC82/AD82-1,"-") -> 0.41481481 | AF82: =IFERROR(AC82-AD82,"-") -> 56 | AJ82: =+IFERROR(ROUND(K82*(1+AJ$2),0),"-") -> 74 | AK82: =+IFERROR(ROUND(Q82*(1+AK$2),0),"-") -> 251 | AL82: =+IFERROR(ROUND(AC82*(1+AL$2),0),"-") -> 210 | AM82: =+IFERROR(ROUND(W82*(1+AM$2),0),"-") -> 201
A83: Seite | B83: =IF(OR(E83="-",F83="-"),"-",D83&" ("&E83&"x"&F83&")") -> Seite außen (580x780) | C83: 3008 | D83: Seite außen | E83: 580 | F83: 780 | I83: =+IF($E83="","",MAX($E83,360)/1000*MAX($F83,360)/1000) -> 0.4524 | J83: =IF($F83="","",2*MAX($E83,360)/1000+2*MAX($F83,360)/1000) -> 2.72 | K83: =+IFERROR(MAX($J$5,ROUND(L83*(1+L$2)^N$2+J$2,0)),0) -> 87 | L83: 61 | M83: =IFERROR(K83/L83-1,"-") -> 0.42622951 | N83: =IFERROR(K83-L83,"-") -> 26 | Q83: =+IFERROR(IF(AND(R83="-",K83>0),ROUND(V$4*K83,0),ROUND(R83*(1+S$2)^U$2+Q$2,0)),0) -> 275 | R83: 190 | S83: =IFERROR(Q83/R83-1,"-") -> 0.44736842 | T83: =IFERROR(Q83-R83,"-") -> 85 | W83: =+IFERROR(IF(AND(X83="-",Q83>0),ROUND(AB$4*Q83,0),ROUND(X83*(1+Y$2)^AA$2+W$2,0)),0) -> 225 | X83: 160 | Y83: =IFERROR(W83/X83-1,"-") -> 0.40625 | Z83: =IFERROR(W83-X83,"-") -> 65 | AC83: =+IFERROR(IF(AND(AD83="-",W83>0),ROUND(AH$4*W83,0),ROUND(AD83*(1+AE$2)^AG$2+AC$2,0)),0) -> 237 | AD83: 169 | AE83: =IFERROR(AC83/AD83-1,"-") -> 0.40236686 | AF83: =IFERROR(AC83-AD83,"-") -> 68 | AJ83: =+IFERROR(ROUND(K83*(1+AJ$2),0),"-") -> 96 | AK83: =+IFERROR(ROUND(Q83*(1+AK$2),0),"-") -> 303 | AL83: =+IFERROR(ROUND(AC83*(1+AL$2),0),"-") -> 261 | AM83: =+IFERROR(ROUND(W83*(1+AM$2),0),"-") -> 248
A84: Seite | B84: =IF(OR(E84="-",F84="-"),"-",D84&" ("&E84&"x"&F84&")") -> Seite außen (660x360) | C84: S_0020 | D84: Seite außen | E84: 660 | F84: 360 | I84: =+IF($E84="","",MAX($E84,360)/1000*MAX($F84,360)/1000) -> 0.2376 | J84: =IF($F84="","",2*MAX($E84,360)/1000+2*MAX($F84,360)/1000) -> 2.04 | K84: =+IFERROR(MAX($J$5,ROUND(L84*(1+L$2)^N$2+J$2,0)),0) -> 162 | L84: 117 | M84: =IFERROR(K84/L84-1,"-") -> 0.38461538 | N84: =IFERROR(K84-L84,"-") -> 45 | Q84: =+IFERROR(IF(AND(R84="-",K84>0),ROUND(V$4*K84,0),ROUND(R84*(1+S$2)^U$2+Q$2,0)),0) -> 319 | R84: - | S84: =IFERROR(Q84/R84-1,"-") -> - | T84: =IFERROR(Q84-R84,"-") -> - | W84: =+IFERROR(IF(AND(X84="-",Q84>0),ROUND(AB$4*Q84,0),ROUND(X84*(1+Y$2)^AA$2+W$2,0)),0) -> 165 | X84: - | Y84: =IFERROR(W84/X84-1,"-") -> - | Z84: =IFERROR(W84-X84,"-") -> - | AC84: =+IFERROR(IF(AND(AD84="-",W84>0),ROUND(AH$4*W84,0),ROUND(AD84*(1+AE$2)^AG$2+AC$2,0)),0) -> 310 | AD84: - | AE84: =IFERROR(AC84/AD84-1,"-") -> - | AF84: =IFERROR(AC84-AD84,"-") -> - | AJ84: =+IFERROR(ROUND(K84*(1+AJ$2),0),"-") -> 178 | AK84: =+IFERROR(ROUND(Q84*(1+AK$2),0),"-") -> 351 | AL84: =+IFERROR(ROUND(AC84*(1+AL$2),0),"-") -> 341 | AM84: =+IFERROR(ROUND(W84*(1+AM$2),0),"-") -> 182
A85: Seite | B85: =IF(OR(E85="-",F85="-"),"-",D85&" ("&E85&"x"&F85&")") -> (x) | C85: 3127 | I85: =+IF($E85="","",MAX($E85,360)/1000*MAX($F85,360)/1000) | J85: =IF($F85="","",2*MAX($E85,360)/1000+2*MAX($F85,360)/1000) | K85: =+IFERROR(MAX($J$5,ROUND(L85*(1+L$2)^N$2+J$2,0)),0) -> 0 | L85: - | M85: =IFERROR(K85/L85-1,"-") -> - | N85: =IFERROR(K85-L85,"-") -> - | Q85: =+IFERROR(IF(AND(R85="-",K85>0),ROUND(V$4*K85,0),ROUND(R85*(1+S$2)^U$2+Q$2,0)),0) -> 0 | R85: - | S85: =IFERROR(Q85/R85-1,"-") -> - | T85: =IFERROR(Q85-R85,"-") -> - | W85: =+IFERROR(IF(AND(X85="-",Q85>0),ROUND(AB$4*Q85,0),ROUND(X85*(1+Y$2)^AA$2+W$2,0)),0) -> 0 | X85: - | Y85: =IFERROR(W85/X85-1,"-") -> - | Z85: =IFERROR(W85-X85,"-") -> - | AC85: =+IFERROR(IF(AND(AD85="-",W85>0),ROUND(AH$4*W85,0),ROUND(AD85*(1+AE$2)^AG$2+AC$2,0)),0) -> 0 | AD85: - | AE85: =IFERROR(AC85/AD85-1,"-") -> - | AF85: =IFERROR(AC85-AD85,"-") -> - | AJ85: =+IFERROR(ROUND(K85*(1+AJ$2),0),"-") -> 0 | AK85: =+IFERROR(ROUND(Q85*(1+AK$2),0),"-") -> 0 | AL85: =+IFERROR(ROUND(AC85*(1+AL$2),0),"-") -> 0 | AM85: =+IFERROR(ROUND(W85*(1+AM$2),0),"-") -> 0
A86: Seite | B86: =IF(OR(E86="-",F86="-"),"-",D86&" ("&E86&"x"&F86&")") -> (x) | C86: 3128 | I86: =+IF($E86="","",MAX($E86,360)/1000*MAX($F86,360)/1000) | J86: =IF($F86="","",2*MAX($E86,360)/1000+2*MAX($F86,360)/1000) | K86: =+IFERROR(MAX($J$5,ROUND(L86*(1+L$2)^N$2+J$2,0)),0) -> 0 | L86: - | M86: =IFERROR(K86/L86-1,"-") -> - | N86: =IFERROR(K86-L86,"-") -> - | Q86: =+IFERROR(IF(AND(R86="-",K86>0),ROUND(V$4*K86,0),ROUND(R86*(1+S$2)^U$2+Q$2,0)),0) -> 0 | R86: - | S86: =IFERROR(Q86/R86-1,"-") -> - | T86: =IFERROR(Q86-R86,"-") -> - | W86: =+IFERROR(IF(AND(X86="-",Q86>0),ROUND(AB$4*Q86,0),ROUND(X86*(1+Y$2)^AA$2+W$2,0)),0) -> 0 | X86: - | Y86: =IFERROR(W86/X86-1,"-") -> - | Z86: =IFERROR(W86-X86,"-") -> - | AC86: =+IFERROR(IF(AND(AD86="-",W86>0),ROUND(AH$4*W86,0),ROUND(AD86*(1+AE$2)^AG$2+AC$2,0)),0) -> 0 | AD86: - | AE86: =IFERROR(AC86/AD86-1,"-") -> - | AF86: =IFERROR(AC86-AD86,"-") -> - | AJ86: =+IFERROR(ROUND(K86*(1+AJ$2),0),"-") -> 0 | AK86: =+IFERROR(ROUND(Q86*(1+AK$2),0),"-") -> 0 | AL86: =+IFERROR(ROUND(AC86*(1+AL$2),0),"-") -> 0 | AM86: =+IFERROR(ROUND(W86*(1+AM$2),0),"-") -> 0
A87: Seite | B87: =IF(OR(E87="-",F87="-"),"-",D87&" ("&E87&"x"&F87&")") -> (x) | C87: 3129 | I87: =+IF($E87="","",MAX($E87,360)/1000*MAX($F87,360)/1000) | J87: =IF($F87="","",2*MAX($E87,360)/1000+2*MAX($F87,360)/1000) | K87: =+IFERROR(MAX($J$5,ROUND(L87*(1+L$2)^N$2+J$2,0)),0) -> 0 | L87: - | M87: =IFERROR(K87/L87-1,"-") -> - | N87: =IFERROR(K87-L87,"-") -> - | Q87: =+IFERROR(IF(AND(R87="-",K87>0),ROUND(V$4*K87,0),ROUND(R87*(1+S$2)^U$2+Q$2,0)),0) -> 0 | R87: - | S87: =IFERROR(Q87/R87-1,"-") -> - | T87: =IFERROR(Q87-R87,"-") -> - | W87: =+IFERROR(IF(AND(X87="-",Q87>0),ROUND(AB$4*Q87,0),ROUND(X87*(1+Y$2)^AA$2+W$2,0)),0) -> 0 | X87: - | Y87: =IFERROR(W87/X87-1,"-") -> - | Z87: =IFERROR(W87-X87,"-") -> - | AC87: =+IFERROR(IF(AND(AD87="-",W87>0),ROUND(AH$4*W87,0),ROUND(AD87*(1+AE$2)^AG$2+AC$2,0)),0) -> 0 | AD87: - | AE87: =IFERROR(AC87/AD87-1,"-") -> - | AF87: =IFERROR(AC87-AD87,"-") -> - | AJ87: =+IFERROR(ROUND(K87*(1+AJ$2),0),"-") -> 0 | AK87: =+IFERROR(ROUND(Q87*(1+AK$2),0),"-") -> 0 | AL87: =+IFERROR(ROUND(AC87*(1+AL$2),0),"-") -> 0 | AM87: =+IFERROR(ROUND(W87*(1+AM$2),0),"-") -> 0
A88: Seite | B88: =IF(OR(E88="-",F88="-"),"-",D88&" ("&E88&"x"&F88&")") -> (x) | C88: 3130 | I88: =+IF($E88="","",MAX($E88,360)/1000*MAX($F88,360)/1000) | J88: =IF($F88="","",2*MAX($E88,360)/1000+2*MAX($F88,360)/1000) | K88: =+IFERROR(MAX($J$5,ROUND(L88*(1+L$2)^N$2+J$2,0)),0) -> 0 | L88: - | M88: =IFERROR(K88/L88-1,"-") -> - | N88: =IFERROR(K88-L88,"-") -> - | Q88: =+IFERROR(IF(AND(R88="-",K88>0),ROUND(V$4*K88,0),ROUND(R88*(1+S$2)^U$2+Q$2,0)),0) -> 0 | R88: - | S88: =IFERROR(Q88/R88-1,"-") -> - | T88: =IFERROR(Q88-R88,"-") -> - | W88: =+IFERROR(IF(AND(X88="-",Q88>0),ROUND(AB$4*Q88,0),ROUND(X88*(1+Y$2)^AA$2+W$2,0)),0) -> 0 | X88: - | Y88: =IFERROR(W88/X88-1,"-") -> - | Z88: =IFERROR(W88-X88,"-") -> - | AC88: =+IFERROR(IF(AND(AD88="-",W88>0),ROUND(AH$4*W88,0),ROUND(AD88*(1+AE$2)^AG$2+AC$2,0)),0) -> 0 | AD88: - | AE88: =IFERROR(AC88/AD88-1,"-") -> - | AF88: =IFERROR(AC88-AD88,"-") -> - | AJ88: =+IFERROR(ROUND(K88*(1+AJ$2),0),"-") -> 0 | AK88: =+IFERROR(ROUND(Q88*(1+AK$2),0),"-") -> 0 | AL88: =+IFERROR(ROUND(AC88*(1+AL$2),0),"-") -> 0 | AM88: =+IFERROR(ROUND(W88*(1+AM$2),0),"-") -> 0
A89: Seite | B89: =IF(OR(E89="-",F89="-"),"-",D89&" ("&E89&"x"&F89&")") -> (x) | C89: 3131 | I89: =+IF($E89="","",MAX($E89,360)/1000*MAX($F89,360)/1000) | J89: =IF($F89="","",2*MAX($E89,360)/1000+2*MAX($F89,360)/1000) | K89: =+IFERROR(MAX($J$5,ROUND(L89*(1+L$2)^N$2+J$2,0)),0) -> 0 | L89: - | M89: =IFERROR(K89/L89-1,"-") -> - | N89: =IFERROR(K89-L89,"-") -> - | Q89: =+IFERROR(IF(AND(R89="-",K89>0),ROUND(V$4*K89,0),ROUND(R89*(1+S$2)^U$2+Q$2,0)),0) -> 0 | R89: - | S89: =IFERROR(Q89/R89-1,"-") -> - | T89: =IFERROR(Q89-R89,"-") -> - | W89: =+IFERROR(IF(AND(X89="-",Q89>0),ROUND(AB$4*Q89,0),ROUND(X89*(1+Y$2)^AA$2+W$2,0)),0) -> 0 | X89: - | Y89: =IFERROR(W89/X89-1,"-") -> - | Z89: =IFERROR(W89-X89,"-") -> - | AC89: =+IFERROR(IF(AND(AD89="-",W89>0),ROUND(AH$4*W89,0),ROUND(AD89*(1+AE$2)^AG$2+AC$2,0)),0) -> 0 | AD89: - | AE89: =IFERROR(AC89/AD89-1,"-") -> - | AF89: =IFERROR(AC89-AD89,"-") -> - | AJ89: =+IFERROR(ROUND(K89*(1+AJ$2),0),"-") -> 0 | AK89: =+IFERROR(ROUND(Q89*(1+AK$2),0),"-") -> 0 | AL89: =+IFERROR(ROUND(AC89*(1+AL$2),0),"-") -> 0 | AM89: =+IFERROR(ROUND(W89*(1+AM$2),0),"-") -> 0
A90: Seite | B90: =IF(OR(E90="-",F90="-"),"-",D90&" ("&E90&"x"&F90&")") -> (x) | C90: 3132 | I90: =+IF($E90="","",MAX($E90,360)/1000*MAX($F90,360)/1000) | J90: =IF($F90="","",2*MAX($E90,360)/1000+2*MAX($F90,360)/1000) | K90: =+IFERROR(MAX($J$5,ROUND(L90*(1+L$2)^N$2+J$2,0)),0) -> 0 | L90: - | M90: =IFERROR(K90/L90-1,"-") -> - | N90: =IFERROR(K90-L90,"-") -> - | Q90: =+IFERROR(IF(AND(R90="-",K90>0),ROUND(V$4*K90,0),ROUND(R90*(1+S$2)^U$2+Q$2,0)),0) -> 0 | R90: - | S90: =IFERROR(Q90/R90-1,"-") -> - | T90: =IFERROR(Q90-R90,"-") -> - | W90: =+IFERROR(IF(AND(X90="-",Q90>0),ROUND(AB$4*Q90,0),ROUND(X90*(1+Y$2)^AA$2+W$2,0)),0) -> 0 | X90: - | Y90: =IFERROR(W90/X90-1,"-") -> - | Z90: =IFERROR(W90-X90,"-") -> - | AC90: =+IFERROR(IF(AND(AD90="-",W90>0),ROUND(AH$4*W90,0),ROUND(AD90*(1+AE$2)^AG$2+AC$2,0)),0) -> 0 | AD90: - | AE90: =IFERROR(AC90/AD90-1,"-") -> - | AF90: =IFERROR(AC90-AD90,"-") -> - | AJ90: =+IFERROR(ROUND(K90*(1+AJ$2),0),"-") -> 0 | AK90: =+IFERROR(ROUND(Q90*(1+AK$2),0),"-") -> 0 | AL90: =+IFERROR(ROUND(AC90*(1+AL$2),0),"-") -> 0 | AM90: =+IFERROR(ROUND(W90*(1+AM$2),0),"-") -> 0
A91: Seite | B91: =IF(OR(E91="-",F91="-"),"-",D91&" ("&E91&"x"&F91&")") -> (x) | C91: 3133 | I91: =+IF($E91="","",MAX($E91,360)/1000*MAX($F91,360)/1000) | J91: =IF($F91="","",2*MAX($E91,360)/1000+2*MAX($F91,360)/1000) | K91: =+IFERROR(MAX($J$5,ROUND(L91*(1+L$2)^N$2+J$2,0)),0) -> 0 | L91: - | M91: =IFERROR(K91/L91-1,"-") -> - | N91: =IFERROR(K91-L91,"-") -> - | Q91: =+IFERROR(IF(AND(R91="-",K91>0),ROUND(V$4*K91,0),ROUND(R91*(1+S$2)^U$2+Q$2,0)),0) -> 0 | R91: - | S91: =IFERROR(Q91/R91-1,"-") -> - | T91: =IFERROR(Q91-R91,"-") -> - | W91: =+IFERROR(IF(AND(X91="-",Q91>0),ROUND(AB$4*Q91,0),ROUND(X91*(1+Y$2)^AA$2+W$2,0)),0) -> 0 | X91: - | Y91: =IFERROR(W91/X91-1,"-") -> - | Z91: =IFERROR(W91-X91,"-") -> - | AC91: =+IFERROR(IF(AND(AD91="-",W91>0),ROUND(AH$4*W91,0),ROUND(AD91*(1+AE$2)^AG$2+AC$2,0)),0) -> 0 | AD91: - | AE91: =IFERROR(AC91/AD91-1,"-") -> - | AF91: =IFERROR(AC91-AD91,"-") -> - | AJ91: =+IFERROR(ROUND(K91*(1+AJ$2),0),"-") -> 0 | AK91: =+IFERROR(ROUND(Q91*(1+AK$2),0),"-") -> 0 | AL91: =+IFERROR(ROUND(AC91*(1+AL$2),0),"-") -> 0 | AM91: =+IFERROR(ROUND(W91*(1+AM$2),0),"-") -> 0
A92: Seite | B92: =IF(OR(E92="-",F92="-"),"-",D92&" ("&E92&"x"&F92&")") -> (x) | C92: 3134 | I92: =+IF($E92="","",MAX($E92,360)/1000*MAX($F92,360)/1000) | J92: =IF($F92="","",2*MAX($E92,360)/1000+2*MAX($F92,360)/1000) | K92: =+IFERROR(MAX($J$5,ROUND(L92*(1+L$2)^N$2+J$2,0)),0) -> 0 | L92: - | M92: =IFERROR(K92/L92-1,"-") -> - | N92: =IFERROR(K92-L92,"-") -> - | Q92: =+IFERROR(IF(AND(R92="-",K92>0),ROUND(V$4*K92,0),ROUND(R92*(1+S$2)^U$2+Q$2,0)),0) -> 0 | R92: - | S92: =IFERROR(Q92/R92-1,"-") -> - | T92: =IFERROR(Q92-R92,"-") -> - | W92: =+IFERROR(IF(AND(X92="-",Q92>0),ROUND(AB$4*Q92,0),ROUND(X92*(1+Y$2)^AA$2+W$2,0)),0) -> 0 | X92: - | Y92: =IFERROR(W92/X92-1,"-") -> - | Z92: =IFERROR(W92-X92,"-") -> - | AC92: =+IFERROR(IF(AND(AD92="-",W92>0),ROUND(AH$4*W92,0),ROUND(AD92*(1+AE$2)^AG$2+AC$2,0)),0) -> 0 | AD92: - | AE92: =IFERROR(AC92/AD92-1,"-") -> - | AF92: =IFERROR(AC92-AD92,"-") -> - | AJ92: =+IFERROR(ROUND(K92*(1+AJ$2),0),"-") -> 0 | AK92: =+IFERROR(ROUND(Q92*(1+AK$2),0),"-") -> 0 | AL92: =+IFERROR(ROUND(AC92*(1+AL$2),0),"-") -> 0 | AM92: =+IFERROR(ROUND(W92*(1+AM$2),0),"-") -> 0
A93: Seite | B93: =IF(OR(E93="-",F93="-"),"-",D93&" ("&E93&"x"&F93&")") -> (x) | C93: 3135 | I93: =+IF($E93="","",MAX($E93,360)/1000*MAX($F93,360)/1000) | J93: =IF($F93="","",2*MAX($E93,360)/1000+2*MAX($F93,360)/1000) | K93: =+IFERROR(MAX($J$5,ROUND(L93*(1+L$2)^N$2+J$2,0)),0) -> 0 | L93: - | M93: =IFERROR(K93/L93-1,"-") -> - | N93: =IFERROR(K93-L93,"-") -> - | Q93: =+IFERROR(IF(AND(R93="-",K93>0),ROUND(V$4*K93,0),ROUND(R93*(1+S$2)^U$2+Q$2,0)),0) -> 0 | R93: - | S93: =IFERROR(Q93/R93-1,"-") -> - | T93: =IFERROR(Q93-R93,"-") -> - | W93: =+IFERROR(IF(AND(X93="-",Q93>0),ROUND(AB$4*Q93,0),ROUND(X93*(1+Y$2)^AA$2+W$2,0)),0) -> 0 | X93: - | Y93: =IFERROR(W93/X93-1,"-") -> - | Z93: =IFERROR(W93-X93,"-") -> - | AC93: =+IFERROR(IF(AND(AD93="-",W93>0),ROUND(AH$4*W93,0),ROUND(AD93*(1+AE$2)^AG$2+AC$2,0)),0) -> 0 | AD93: - | AE93: =IFERROR(AC93/AD93-1,"-") -> - | AF93: =IFERROR(AC93-AD93,"-") -> - | AJ93: =+IFERROR(ROUND(K93*(1+AJ$2),0),"-") -> 0 | AK93: =+IFERROR(ROUND(Q93*(1+AK$2),0),"-") -> 0 | AL93: =+IFERROR(ROUND(AC93*(1+AL$2),0),"-") -> 0 | AM93: =+IFERROR(ROUND(W93*(1+AM$2),0),"-") -> 0
