Workbook
Name Analyse: #REF!
Name Angebotsnr: [1]Angebot!$H$14
Name ANZ_Breite: [1]Bestellvorlage_neu!$K$31
Name ANZ_Breite: [2]Bestellvorlage_neu!$F$24
Name ANZ_Elemente: [1]Bestellvorlage_neu!$K$34
Name ANZ_Elemente: [2]Bestellvorlage_neu!$F$27
Name ANZ_Höhe: [1]Bestellvorlage_neu!$K$32
Name ANZ_Höhe: [2]Bestellvorlage_neu!$F$25
Name ANZ_Tiefe: [1]Bestellvorlage_neu!$K$33
Name ANZ_Tiefe: [2]Bestellvorlage_neu!$F$26
Name Bericht: '[3]Bericht gesamt'!$B$4:$DG$59
Name Einkauf: #REF!
Name Ertragssicherung: #REF!
Name EXT: #REF!
Name F_Doppeltür_PG1: #REF!
Name F_Doppeltür_PG2_3: #REF!
Name F_Doppeltür_PG4: #REF!
Name F_Klappe_PG1: #REF!
Name F_Klappe_PG2_3: #REF!
Name F_Klappe_PG4: #REF!
Name F_Platten_PG1: #REF!
Name F_Platten_PG2_3: #REF!
Name F_Platten_PG4: #REF!
Name F_Schublade_PG1: #REF!
Name F_Schublade_PG2_3: #REF!
Name F_Schublade_PG4: #REF!
Name F_Tür_PG1: #REF!
Name F_Tür_PG2_3: #REF!
Name F_Tür_PG4: #REF!
Name Freigabe: #REF!
Name Gewicht_Klappe: [1]Gewichte!$D$6
Name Gewicht_Platte: [1]Gewichte!$D$2
Name Gewicht_Profil: [1]Gewichte!$D$3
Name Gewicht_Scharnier: [1]Gewichte!$D$7
Name Gewicht_Schubkasten: [1]Gewichte!$D$5
Name Ideen: #REF!
Name Innovations__prozeß: #REF!
Name KDN: [1]Angebot!$H$7
Name KDName2: [1]Angebot!$A$10
Name Komminikation: #REF!
Name Kommunikation: #REF!
Name Kompetenz: #REF!
Name Konfektion: [5]Orga!$U$41:$AF$46
Name Konstruktion: #REF!
Name Kreativpotential: #REF!
Name LPU: #REF!
Name Ludwig: #REF!
Name Marketing: #REF!
Name Organisation: #REF!
Name Preisniveau: #REF!
Name Produkt__und_Preissystematik: #REF!
Name Rabatt: [1]Bestellvorlage_neu!$N$4
Name SkriptBeschreibung: #REF!
Name Telephonmarketing: #REF!
Name TEST: #REF!
Name Tiefe: [1]Bestellvorlage_neu!$D$4
Name Tiefe: [2]Bestellvorlage_neu!$C$4
Name Umsetzung: #REF!
Name Vertrieb: [5]Orga!$U$48:$AE$56
Name Vertriebs_steuerung: #REF!

Sheet Annahmen & Aufschläge
A1: Hochrechnungsformel
A2: Preis (Netto) = Basis + α × (Breite − 395) + β × (Höhe − 175) + γ × (Tiefe − 350) + Frontenaufschlag
A4: Basisparameter (abgeleitet aus Echtwerten)
A5: Basispreis B=395 / H=175 / T=350 / Offen | B5: 422.32 | C5: € | D5: Echtwert
A6: α – Aufschlag je mm Breite | B6: 0.1635 | C6: €/mm | D6: aus Δ 395→750mm, H=175
A7: β – Aufschlag je mm Höhe | B7: 0.1743 | C7: €/mm | D7: aus Δ H350→H500, B=750
A8: γ – Aufschlag je mm Tiefe | B8: 0.2483 | C8: €/mm | D8: aus Δ T350→T500, B=750
A10: Frontenaufschläge (Referenz: B=750 / H=350 / T=350)
A11: Offen | B11: 0 | C11: € Aufschlag | D11: Echtwert 510.86 €
A12: Klappe | B12: 220.53 | C12: € Aufschlag | D12: Echtwert 731.39 €
A13: Glastür | B13: 247.22 | C13: € Aufschlag | D13: Echtwert 758.08 €
A14: Schublade | B14: 387.97 | C14: € Aufschlag | D14: Echtwert 898.83 €
A16: Diskrete Breitenaufschläge (je Stufe, Offen / T350 / H175)
A17: Breite 250 mm | B17: 0 | C17: € Δ zur Vorstufe | D17: absolut: 398.62 €
A18: Breite 350 mm | B18: 16.35 | C18: € Δ zur Vorstufe | D18: absolut: 414.96 €
A19: Breite 395 mm | B19: 7.36 | C19: € Δ zur Vorstufe | D19: absolut: 422.32 €
A20: Breite 500 mm | B20: 17.16 | C20: € Δ zur Vorstufe | D20: absolut: 439.48 €
A21: Breite 750 mm | B21: 40.87 | C21: € Δ zur Vorstufe | D21: absolut: 480.35 €
A23: Diskrete Höhenaufschläge (je Stufe, Offen / T350 / B395)
A24: Höhe 100 mm | B24: 0 | C24: € Δ zur Vorstufe
A25: Höhe 175 mm | B25: 13.07 | C25: € Δ zur Vorstufe
A26: Höhe 250 mm | B26: 13.07 | C26: € Δ zur Vorstufe
A27: Höhe 350 mm | B27: 17.43 | C27: € Δ zur Vorstufe
A28: Höhe 395 mm | B28: 7.84 | C28: € Δ zur Vorstufe
A29: Höhe 500 mm | B29: 18.3 | C29: € Δ zur Vorstufe
A31: Echtwerte (Grundlage der Kalibrierung)
A32: B=395 / H=175 / T=350 / Offen | B32: 422.32 | C32: € Netto | D32: Konfigurator
A33: B=750 / H=350 / T=350 / Offen | B33: 510.86 | C33: € Netto | D33: Konfigurator
A34: B=750 / H=500 / T=350 / Offen | B34: 537.01 | C34: € Netto | D34: Konfigurator
A35: B=750 / H=350 / T=500 / Offen | B35: 548.1 | C35: € Netto | D35: Konfigurator
A36: B=750 / H=350 / T=350 / Klappe | B36: 731.39 | C36: € Netto | D36: Konfigurator
A37: B=750 / H=350 / T=350 / Glastür | B37: 758.08 | C37: € Netto | D37: Konfigurator
A38: B=750 / H=350 / T=350 / Schublade | B38: 898.83 | C38: € Netto | D38: Konfigurator
A40: Hinweise & Einschränkungen
A41: • Frontenaufschlag ist größenunabhängig modelliert (Vereinfachung)
A42: • In Realität: größere Fronten wahrscheinlich teurer als kleine
A43: • Modell basiert auf 7 Echtwerten — Genauigkeit ±10-15% geschätzt
A44: • Farbe (15 USM-Farben) nicht modelliert — kann Aufpreis bedeuten
A45: • Preise Stand: Konfigurator-Screenshots (Datum unbekannt)
A46: • MwSt. 19% = Netto × 1,19 → Sheet 3

Sheet Brutto-Übersicht (T=350)
A1: Bruttopreise inkl. 19% MwSt. | Tiefe 350 mm | Grün = Basis Echtwert (Netto×1,19)
A3: Offen
A4: Breite (mm) | B4: H 100 mm | C4: H 175 mm | D4: H 250 mm | E4: H 350 mm | F4: H 395 mm | G4: H 500 mm
A5: 250 | B5: 458.79 | C5: 474.36 | D5: 489.91 | E5: 510.66 | F5: 519.99 | G5: 541.78
A6: 350 | B6: 478.25 | C6: 493.8 | D6: 509.37 | E6: 530.11 | F6: 539.45 | G6: 561.23
A7: 395 | B7: 487.01 | C7: 502.56 | D7: 518.11 | E7: 538.87 | F7: 548.2 | G7: 569.99
A8: 500 | B8: 507.43 | C8: 522.98 | D8: 538.55 | E8: 559.29 | F8: 568.63 | G8: 590.41
A9: 750 | B9: 556.06 | C9: 571.62 | D9: 587.18 | E9: 607.92 | F9: 617.25 | G9: 639.04
A12: Klappe
A13: Breite (mm) | B13: H 100 mm | C13: H 175 mm | D13: H 250 mm | E13: H 350 mm | F13: H 395 mm | G13: H 500 mm
A14: 250 | B14: 721.22 | C14: 736.79 | D14: 752.34 | E14: 773.1 | F14: 782.42 | G14: 804.21
A15: 350 | B15: 740.68 | C15: 756.23 | D15: 771.8 | E15: 792.54 | F15: 801.88 | G15: 823.66
A16: 395 | B16: 749.43 | C16: 764.99 | D16: 780.54 | E16: 801.3 | F16: 810.63 | G16: 832.42
A17: 500 | B17: 769.86 | C17: 785.41 | D17: 800.98 | E17: 821.72 | F17: 831.06 | G17: 852.84
A18: 750 | B18: 818.49 | C18: 834.05 | D18: 849.61 | E18: 870.35 | F18: 879.68 | G18: 901.47
A21: Glastür
A22: Breite (mm) | B22: H 100 mm | C22: H 175 mm | D22: H 250 mm | E22: H 350 mm | F22: H 395 mm | G22: H 500 mm
A23: 250 | B23: 752.98 | C23: 768.55 | D23: 784.1 | E23: 804.86 | F23: 814.19 | G23: 835.97
A24: 350 | B24: 772.44 | C24: 787.99 | D24: 803.56 | E24: 824.3 | F24: 833.64 | G24: 855.42
A25: 395 | B25: 781.2 | C25: 796.75 | D25: 812.32 | E25: 833.06 | F25: 842.39 | G25: 864.18
A26: 500 | B26: 801.62 | C26: 817.17 | D26: 832.74 | E26: 853.48 | F26: 862.82 | G26: 884.6
A27: 750 | B27: 850.25 | C27: 865.81 | D27: 881.37 | E27: 902.12 | F27: 911.44 | G27: 933.23
A30: Schublade
A31: Breite (mm) | B31: H 100 mm | C31: H 175 mm | D31: H 250 mm | E31: H 350 mm | F31: H 395 mm | G31: H 500 mm
A32: 250 | B32: 920.48 | C32: 936.04 | D32: 951.6 | E32: 972.35 | F32: 981.68 | G32: 1003.47
A33: 350 | B33: 939.93 | C33: 955.49 | D33: 971.05 | E33: 991.79 | F33: 1001.14 | G33: 1022.91
A34: 395 | B34: 948.69 | C34: 964.25 | D34: 979.81 | E34: 1000.55 | F34: 1009.88 | G34: 1031.67
A35: 500 | B35: 969.11 | C35: 984.67 | D35: 1000.23 | E35: 1020.97 | F35: 1030.31 | G35: 1052.09
A36: 750 | B36: 1017.75 | C36: 1033.3 | D36: 1048.87 | E36: 1069.61 | F36: 1078.94 | G36: 1100.73

Sheet Preismodell_Artmodul_alt
A1: Artmodul – Preismodell aus Einzelteilpreisen (PG1 MDF, Netto €)
A3: Tiefe 360 mm
A4: Front | B4: Tiefe (mm) | C4: Breite (mm) | D4: H 180 mm | E4: H 360 mm | F4: H 720 mm | G4: H 1080 mm | H4: H 1440 mm | I4: H 1800 mm
A5: Offen | B5: 360 | C5: 420 | D5: =2*Artmodul_Einzelteilpreise_alt!G3+2*Artmodul_Einzelteilpreise_alt!G18+Artmodul_Einzelteilpreise_alt!G67+8*Artmodul_Einzelteilpreise_alt!G263+4*Artmodul_Einzelteilpreise_alt!G273+4*Artmodul_Einzelteilpreise_alt!G271+4*Artmodul_Einzelteilpreise_alt!G272 -> 458 | E5: =2*Artmodul_Einzelteilpreise_alt!G3+2*Artmodul_Einzelteilpreise_alt!G19+Artmodul_Einzelteilpreise_alt!G72+8*Artmodul_Einzelteilpreise_alt!G263+4*Artmodul_Einzelteilpreise_alt!G273+4*Artmodul_Einzelteilpreise_alt!G272+4*Artmodul_Einzelteilpreise_alt!G272 -> 458 | F5: =2*Artmodul_Einzelteilpreise_alt!G3+2*Artmodul_Einzelteilpreise_alt!G20+Artmodul_Einzelteilpreise_alt!G77+8*Artmodul_Einzelteilpreise_alt!G263+4*Artmodul_Einzelteilpreise_alt!G273+4*Artmodul_Einzelteilpreise_alt!G276+4*Artmodul_Einzelteilpreise_alt!G272 -> 540 | G5: =2*Artmodul_Einzelteilpreise_alt!G3+2*Artmodul_Einzelteilpreise_alt!G21+Artmodul_Einzelteilpreise_alt!G82+8*Artmodul_Einzelteilpreise_alt!G263+4*Artmodul_Einzelteilpreise_alt!G273+4*Artmodul_Einzelteilpreise_alt!G279+4*Artmodul_Einzelteilpreise_alt!G272 -> 632 | H5: =2*Artmodul_Einzelteilpreise_alt!G3+2*Artmodul_Einzelteilpreise_alt!G22+Artmodul_Einzelteilpreise_alt!G87+8*Artmodul_Einzelteilpreise_alt!G263+4*Artmodul_Einzelteilpreise_alt!G273+4*Artmodul_Einzelteilpreise_alt!G280+4*Artmodul_Einzelteilpreise_alt!G272 -> 731 | I5: =2*Artmodul_Einzelteilpreise_alt!G3+2*Artmodul_Einzelteilpreise_alt!G23+Artmodul_Einzelteilpreise_alt!G92+8*Artmodul_Einzelteilpreise_alt!G263+4*Artmodul_Einzelteilpreise_alt!G273+4*Artmodul_Einzelteilpreise_alt!G281+4*Artmodul_Einzelteilpreise_alt!G272 -> 825
C6: 580 | D6: =2*Artmodul_Einzelteilpreise_alt!G4+2*Artmodul_Einzelteilpreise_alt!G18+Artmodul_Einzelteilpreise_alt!G68+8*Artmodul_Einzelteilpreise_alt!G263+4*Artmodul_Einzelteilpreise_alt!G274+4*Artmodul_Einzelteilpreise_alt!G271+4*Artmodul_Einzelteilpreise_alt!G272 -> 493 | E6: =2*Artmodul_Einzelteilpreise_alt!G4+2*Artmodul_Einzelteilpreise_alt!G19+Artmodul_Einzelteilpreise_alt!G73+8*Artmodul_Einzelteilpreise_alt!G263+4*Artmodul_Einzelteilpreise_alt!G274+4*Artmodul_Einzelteilpreise_alt!G272+4*Artmodul_Einzelteilpreise_alt!G272 -> 493 | F6: =2*Artmodul_Einzelteilpreise_alt!G4+2*Artmodul_Einzelteilpreise_alt!G20+Artmodul_Einzelteilpreise_alt!G78+8*Artmodul_Einzelteilpreise_alt!G263+4*Artmodul_Einzelteilpreise_alt!G274+4*Artmodul_Einzelteilpreise_alt!G276+4*Artmodul_Einzelteilpreise_alt!G272 -> 588 | G6: =2*Artmodul_Einzelteilpreise_alt!G4+2*Artmodul_Einzelteilpreise_alt!G21+Artmodul_Einzelteilpreise_alt!G83+8*Artmodul_Einzelteilpreise_alt!G263+4*Artmodul_Einzelteilpreise_alt!G274+4*Artmodul_Einzelteilpreise_alt!G279+4*Artmodul_Einzelteilpreise_alt!G272 -> 689 | H6: =2*Artmodul_Einzelteilpreise_alt!G4+2*Artmodul_Einzelteilpreise_alt!G22+Artmodul_Einzelteilpreise_alt!G88+8*Artmodul_Einzelteilpreise_alt!G263+4*Artmodul_Einzelteilpreise_alt!G274+4*Artmodul_Einzelteilpreise_alt!G280+4*Artmodul_Einzelteilpreise_alt!G272 -> 800 | I6: =2*Artmodul_Einzelteilpreise_alt!G4+2*Artmodul_Einzelteilpreise_alt!G23+Artmodul_Einzelteilpreise_alt!G93+8*Artmodul_Einzelteilpreise_alt!G263+4*Artmodul_Einzelteilpreise_alt!G274+4*Artmodul_Einzelteilpreise_alt!G281+4*Artmodul_Einzelteilpreise_alt!G272 -> 905
C7: 780 | D7: =2*Artmodul_Einzelteilpreise_alt!G5+2*Artmodul_Einzelteilpreise_alt!G18+Artmodul_Einzelteilpreise_alt!G69+8*Artmodul_Einzelteilpreise_alt!G263+4*Artmodul_Einzelteilpreise_alt!G277+4*Artmodul_Einzelteilpreise_alt!G271+4*Artmodul_Einzelteilpreise_alt!G272 -> 544 | E7: =2*Artmodul_Einzelteilpreise_alt!G5+2*Artmodul_Einzelteilpreise_alt!G19+Artmodul_Einzelteilpreise_alt!G74+8*Artmodul_Einzelteilpreise_alt!G263+4*Artmodul_Einzelteilpreise_alt!G277+4*Artmodul_Einzelteilpreise_alt!G272+4*Artmodul_Einzelteilpreise_alt!G272 -> 544 | F7: =2*Artmodul_Einzelteilpreise_alt!G5+2*Artmodul_Einzelteilpreise_alt!G20+Artmodul_Einzelteilpreise_alt!G79+8*Artmodul_Einzelteilpreise_alt!G263+4*Artmodul_Einzelteilpreise_alt!G277+4*Artmodul_Einzelteilpreise_alt!G276+4*Artmodul_Einzelteilpreise_alt!G272 -> 651 | G7: =2*Artmodul_Einzelteilpreise_alt!G5+2*Artmodul_Einzelteilpreise_alt!G21+Artmodul_Einzelteilpreise_alt!G84+8*Artmodul_Einzelteilpreise_alt!G263+4*Artmodul_Einzelteilpreise_alt!G277+4*Artmodul_Einzelteilpreise_alt!G279+4*Artmodul_Einzelteilpreise_alt!G272 -> 769 | H7: =2*Artmodul_Einzelteilpreise_alt!G5+2*Artmodul_Einzelteilpreise_alt!G22+Artmodul_Einzelteilpreise_alt!G89+8*Artmodul_Einzelteilpreise_alt!G263+4*Artmodul_Einzelteilpreise_alt!G277+4*Artmodul_Einzelteilpreise_alt!G280+4*Artmodul_Einzelteilpreise_alt!G272 -> 891 | I7: =2*Artmodul_Einzelteilpreise_alt!G5+2*Artmodul_Einzelteilpreise_alt!G23+Artmodul_Einzelteilpreise_alt!G94+8*Artmodul_Einzelteilpreise_alt!G263+4*Artmodul_Einzelteilpreise_alt!G277+4*Artmodul_Einzelteilpreise_alt!G281+4*Artmodul_Einzelteilpreise_alt!G272 -> 1010
C8: 980 | D8: =2*Artmodul_Einzelteilpreise_alt!G6+2*Artmodul_Einzelteilpreise_alt!G18+Artmodul_Einzelteilpreise_alt!G70+8*Artmodul_Einzelteilpreise_alt!G263+4*Artmodul_Einzelteilpreise_alt!G278+4*Artmodul_Einzelteilpreise_alt!G271+4*Artmodul_Einzelteilpreise_alt!G272 -> 594 | E8: =2*Artmodul_Einzelteilpreise_alt!G6+2*Artmodul_Einzelteilpreise_alt!G19+Artmodul_Einzelteilpreise_alt!G75+8*Artmodul_Einzelteilpreise_alt!G263+4*Artmodul_Einzelteilpreise_alt!G278+4*Artmodul_Einzelteilpreise_alt!G272+4*Artmodul_Einzelteilpreise_alt!G272 -> 594 | F8: =2*Artmodul_Einzelteilpreise_alt!G6+2*Artmodul_Einzelteilpreise_alt!G20+Artmodul_Einzelteilpreise_alt!G80+8*Artmodul_Einzelteilpreise_alt!G263+4*Artmodul_Einzelteilpreise_alt!G278+4*Artmodul_Einzelteilpreise_alt!G276+4*Artmodul_Einzelteilpreise_alt!G272 -> 714 | G8: =2*Artmodul_Einzelteilpreise_alt!G6+2*Artmodul_Einzelteilpreise_alt!G21+Artmodul_Einzelteilpreise_alt!G85+8*Artmodul_Einzelteilpreise_alt!G263+4*Artmodul_Einzelteilpreise_alt!G278+4*Artmodul_Einzelteilpreise_alt!G279+4*Artmodul_Einzelteilpreise_alt!G272 -> 844 | H8: =2*Artmodul_Einzelteilpreise_alt!G6+2*Artmodul_Einzelteilpreise_alt!G22+Artmodul_Einzelteilpreise_alt!G90+8*Artmodul_Einzelteilpreise_alt!G263+4*Artmodul_Einzelteilpreise_alt!G278+4*Artmodul_Einzelteilpreise_alt!G280+4*Artmodul_Einzelteilpreise_alt!G272 -> 980 | I8: =2*Artmodul_Einzelteilpreise_alt!G6+2*Artmodul_Einzelteilpreise_alt!G23+Artmodul_Einzelteilpreise_alt!G95+8*Artmodul_Einzelteilpreise_alt!G263+4*Artmodul_Einzelteilpreise_alt!G278+4*Artmodul_Einzelteilpreise_alt!G281+4*Artmodul_Einzelteilpreise_alt!G272 -> 1111
A10: Klappe | B10: 360 | C10: 420 | D10: =2*Artmodul_Einzelteilpreise_alt!G3+2*Artmodul_Einzelteilpreise_alt!G18+Artmodul_Einzelteilpreise_alt!G67+8*Artmodul_Einzelteilpreise_alt!G263+4*Artmodul_Einzelteilpreise_alt!G273+4*Artmodul_Einzelteilpreise_alt!G271+4*Artmodul_Einzelteilpreise_alt!G272+Artmodul_Einzelteilpreise_alt!G191 -> 627 | E10: =2*Artmodul_Einzelteilpreise_alt!G3+2*Artmodul_Einzelteilpreise_alt!G19+Artmodul_Einzelteilpreise_alt!G72+8*Artmodul_Einzelteilpreise_alt!G263+4*Artmodul_Einzelteilpreise_alt!G273+4*Artmodul_Einzelteilpreise_alt!G272+4*Artmodul_Einzelteilpreise_alt!G272+Artmodul_Einzelteilpreise_alt!G192 -> 627
C11: 580 | D11: =2*Artmodul_Einzelteilpreise_alt!G4+2*Artmodul_Einzelteilpreise_alt!G18+Artmodul_Einzelteilpreise_alt!G68+8*Artmodul_Einzelteilpreise_alt!G263+4*Artmodul_Einzelteilpreise_alt!G274+4*Artmodul_Einzelteilpreise_alt!G271+4*Artmodul_Einzelteilpreise_alt!G272+Artmodul_Einzelteilpreise_alt!G193 -> 677 | E11: =2*Artmodul_Einzelteilpreise_alt!G4+2*Artmodul_Einzelteilpreise_alt!G19+Artmodul_Einzelteilpreise_alt!G73+8*Artmodul_Einzelteilpreise_alt!G263+4*Artmodul_Einzelteilpreise_alt!G274+4*Artmodul_Einzelteilpreise_alt!G272+4*Artmodul_Einzelteilpreise_alt!G272+Artmodul_Einzelteilpreise_alt!G194 -> 677
C12: 780 | D12: =2*Artmodul_Einzelteilpreise_alt!G5+2*Artmodul_Einzelteilpreise_alt!G18+Artmodul_Einzelteilpreise_alt!G69+8*Artmodul_Einzelteilpreise_alt!G263+4*Artmodul_Einzelteilpreise_alt!G277+4*Artmodul_Einzelteilpreise_alt!G271+4*Artmodul_Einzelteilpreise_alt!G272+Artmodul_Einzelteilpreise_alt!G195 -> 742 | E12: =2*Artmodul_Einzelteilpreise_alt!G5+2*Artmodul_Einzelteilpreise_alt!G19+Artmodul_Einzelteilpreise_alt!G74+8*Artmodul_Einzelteilpreise_alt!G263+4*Artmodul_Einzelteilpreise_alt!G277+4*Artmodul_Einzelteilpreise_alt!G272+4*Artmodul_Einzelteilpreise_alt!G272+Artmodul_Einzelteilpreise_alt!G196 -> 742
C13: 980 | D13: =2*Artmodul_Einzelteilpreise_alt!G6+2*Artmodul_Einzelteilpreise_alt!G18+Artmodul_Einzelteilpreise_alt!G70+8*Artmodul_Einzelteilpreise_alt!G263+4*Artmodul_Einzelteilpreise_alt!G278+4*Artmodul_Einzelteilpreise_alt!G271+4*Artmodul_Einzelteilpreise_alt!G272+Artmodul_Einzelteilpreise_alt!G197 -> 844 | E13: =2*Artmodul_Einzelteilpreise_alt!G6+2*Artmodul_Einzelteilpreise_alt!G19+Artmodul_Einzelteilpreise_alt!G75+8*Artmodul_Einzelteilpreise_alt!G263+4*Artmodul_Einzelteilpreise_alt!G278+4*Artmodul_Einzelteilpreise_alt!G272+4*Artmodul_Einzelteilpreise_alt!G272+Artmodul_Einzelteilpreise_alt!G198 -> 844
A15: Tür | B15: 360 | C15: 420 | E15: =2*Artmodul_Einzelteilpreise_alt!G3+2*Artmodul_Einzelteilpreise_alt!G19+Artmodul_Einzelteilpreise_alt!G72+8*Artmodul_Einzelteilpreise_alt!G263+4*Artmodul_Einzelteilpreise_alt!G273+4*Artmodul_Einzelteilpreise_alt!G272+4*Artmodul_Einzelteilpreise_alt!G272+Artmodul_Einzelteilpreise_alt!G202 -> 594 | F15: =2*Artmodul_Einzelteilpreise_alt!G3+2*Artmodul_Einzelteilpreise_alt!G20+Artmodul_Einzelteilpreise_alt!G77+8*Artmodul_Einzelteilpreise_alt!G263+4*Artmodul_Einzelteilpreise_alt!G273+4*Artmodul_Einzelteilpreise_alt!G276+4*Artmodul_Einzelteilpreise_alt!G272+Artmodul_Einzelteilpreise_alt!G203 -> 699 | G15: =2*Artmodul_Einzelteilpreise_alt!G3+2*Artmodul_Einzelteilpreise_alt!G21+Artmodul_Einzelteilpreise_alt!G82+8*Artmodul_Einzelteilpreise_alt!G263+4*Artmodul_Einzelteilpreise_alt!G273+4*Artmodul_Einzelteilpreise_alt!G279+4*Artmodul_Einzelteilpreise_alt!G272+Artmodul_Einzelteilpreise_alt!G204 -> 867 | H15: =2*Artmodul_Einzelteilpreise_alt!G3+2*Artmodul_Einzelteilpreise_alt!G22+Artmodul_Einzelteilpreise_alt!G87+8*Artmodul_Einzelteilpreise_alt!G263+4*Artmodul_Einzelteilpreise_alt!G273+4*Artmodul_Einzelteilpreise_alt!G280+4*Artmodul_Einzelteilpreise_alt!G272+Artmodul_Einzelteilpreise_alt!G205 -> 988 | I15: =2*Artmodul_Einzelteilpreise_alt!G3+2*Artmodul_Einzelteilpreise_alt!G23+Artmodul_Einzelteilpreise_alt!G92+8*Artmodul_Einzelteilpreise_alt!G263+4*Artmodul_Einzelteilpreise_alt!G273+4*Artmodul_Einzelteilpreise_alt!G281+4*Artmodul_Einzelteilpreise_alt!G272+Artmodul_Einzelteilpreise_alt!G206 -> 1165
C16: 580 | E16: =2*Artmodul_Einzelteilpreise_alt!G4+2*Artmodul_Einzelteilpreise_alt!G19+Artmodul_Einzelteilpreise_alt!G73+8*Artmodul_Einzelteilpreise_alt!G263+4*Artmodul_Einzelteilpreise_alt!G274+4*Artmodul_Einzelteilpreise_alt!G272+4*Artmodul_Einzelteilpreise_alt!G272+Artmodul_Einzelteilpreise_alt!G207 -> 646 | F16: =2*Artmodul_Einzelteilpreise_alt!G4+2*Artmodul_Einzelteilpreise_alt!G20+Artmodul_Einzelteilpreise_alt!G78+8*Artmodul_Einzelteilpreise_alt!G263+4*Artmodul_Einzelteilpreise_alt!G274+4*Artmodul_Einzelteilpreise_alt!G276+4*Artmodul_Einzelteilpreise_alt!G272+Artmodul_Einzelteilpreise_alt!G208 -> 798 | G16: =2*Artmodul_Einzelteilpreise_alt!G4+2*Artmodul_Einzelteilpreise_alt!G21+Artmodul_Einzelteilpreise_alt!G83+8*Artmodul_Einzelteilpreise_alt!G263+4*Artmodul_Einzelteilpreise_alt!G274+4*Artmodul_Einzelteilpreise_alt!G279+4*Artmodul_Einzelteilpreise_alt!G272+Artmodul_Einzelteilpreise_alt!G209 -> 967 | H16: =2*Artmodul_Einzelteilpreise_alt!G4+2*Artmodul_Einzelteilpreise_alt!G22+Artmodul_Einzelteilpreise_alt!G88+8*Artmodul_Einzelteilpreise_alt!G263+4*Artmodul_Einzelteilpreise_alt!G274+4*Artmodul_Einzelteilpreise_alt!G280+4*Artmodul_Einzelteilpreise_alt!G272+Artmodul_Einzelteilpreise_alt!G210 -> 1137 | I16: =2*Artmodul_Einzelteilpreise_alt!G4+2*Artmodul_Einzelteilpreise_alt!G23+Artmodul_Einzelteilpreise_alt!G93+8*Artmodul_Einzelteilpreise_alt!G263+4*Artmodul_Einzelteilpreise_alt!G274+4*Artmodul_Einzelteilpreise_alt!G281+4*Artmodul_Einzelteilpreise_alt!G272+Artmodul_Einzelteilpreise_alt!G211 -> 1322
C17: 780 | E17: =2*Artmodul_Einzelteilpreise_alt!G5+2*Artmodul_Einzelteilpreise_alt!G19+Artmodul_Einzelteilpreise_alt!G74+8*Artmodul_Einzelteilpreise_alt!G263+4*Artmodul_Einzelteilpreise_alt!G277+4*Artmodul_Einzelteilpreise_alt!G272+4*Artmodul_Einzelteilpreise_alt!G272+Artmodul_Einzelteilpreise_alt!G214 -> 799 | F17: =2*Artmodul_Einzelteilpreise_alt!G5+2*Artmodul_Einzelteilpreise_alt!G20+Artmodul_Einzelteilpreise_alt!G79+8*Artmodul_Einzelteilpreise_alt!G263+4*Artmodul_Einzelteilpreise_alt!G277+4*Artmodul_Einzelteilpreise_alt!G276+4*Artmodul_Einzelteilpreise_alt!G272+Artmodul_Einzelteilpreise_alt!G216 -> 965 | G17: =2*Artmodul_Einzelteilpreise_alt!G5+2*Artmodul_Einzelteilpreise_alt!G21+Artmodul_Einzelteilpreise_alt!G84+8*Artmodul_Einzelteilpreise_alt!G263+4*Artmodul_Einzelteilpreise_alt!G277+4*Artmodul_Einzelteilpreise_alt!G279+4*Artmodul_Einzelteilpreise_alt!G272+Artmodul_Einzelteilpreise_alt!G217 -> 1233 | H17: =2*Artmodul_Einzelteilpreise_alt!G5+2*Artmodul_Einzelteilpreise_alt!G22+Artmodul_Einzelteilpreise_alt!G89+8*Artmodul_Einzelteilpreise_alt!G263+4*Artmodul_Einzelteilpreise_alt!G277+4*Artmodul_Einzelteilpreise_alt!G280+4*Artmodul_Einzelteilpreise_alt!G272+Artmodul_Einzelteilpreise_alt!G218 -> 1433 | I17: =2*Artmodul_Einzelteilpreise_alt!G5+2*Artmodul_Einzelteilpreise_alt!G23+Artmodul_Einzelteilpreise_alt!G94+8*Artmodul_Einzelteilpreise_alt!G263+4*Artmodul_Einzelteilpreise_alt!G277+4*Artmodul_Einzelteilpreise_alt!G281+4*Artmodul_Einzelteilpreise_alt!G272+Artmodul_Einzelteilpreise_alt!G219 -> 1678
C18: 980 | E18: =2*Artmodul_Einzelteilpreise_alt!G6+2*Artmodul_Einzelteilpreise_alt!G19+Artmodul_Einzelteilpreise_alt!G75+8*Artmodul_Einzelteilpreise_alt!G263+4*Artmodul_Einzelteilpreise_alt!G278+4*Artmodul_Einzelteilpreise_alt!G272+4*Artmodul_Einzelteilpreise_alt!G272+Artmodul_Einzelteilpreise_alt!G220 -> 863 | F18: =2*Artmodul_Einzelteilpreise_alt!G6+2*Artmodul_Einzelteilpreise_alt!G20+Artmodul_Einzelteilpreise_alt!G80+8*Artmodul_Einzelteilpreise_alt!G263+4*Artmodul_Einzelteilpreise_alt!G278+4*Artmodul_Einzelteilpreise_alt!G276+4*Artmodul_Einzelteilpreise_alt!G272+Artmodul_Einzelteilpreise_alt!G221 -> 1089 | G18: =2*Artmodul_Einzelteilpreise_alt!G6+2*Artmodul_Einzelteilpreise_alt!G21+Artmodul_Einzelteilpreise_alt!G85+8*Artmodul_Einzelteilpreise_alt!G263+4*Artmodul_Einzelteilpreise_alt!G278+4*Artmodul_Einzelteilpreise_alt!G279+4*Artmodul_Einzelteilpreise_alt!G272+Artmodul_Einzelteilpreise_alt!G222 -> 1367 | H18: =2*Artmodul_Einzelteilpreise_alt!G6+2*Artmodul_Einzelteilpreise_alt!G22+Artmodul_Einzelteilpreise_alt!G90+8*Artmodul_Einzelteilpreise_alt!G263+4*Artmodul_Einzelteilpreise_alt!G278+4*Artmodul_Einzelteilpreise_alt!G280+4*Artmodul_Einzelteilpreise_alt!G272+Artmodul_Einzelteilpreise_alt!G223 -> 1605 | I18: =2*Artmodul_Einzelteilpreise_alt!G6+2*Artmodul_Einzelteilpreise_alt!G23+Artmodul_Einzelteilpreise_alt!G95+8*Artmodul_Einzelteilpreise_alt!G263+4*Artmodul_Einzelteilpreise_alt!G278+4*Artmodul_Einzelteilpreise_alt!G281+4*Artmodul_Einzelteilpreise_alt!G272+Artmodul_Einzelteilpreise_alt!G224 -> 1880
A20: Schublade | B20: 360 | C20: 420 | D20: =2*Artmodul_Einzelteilpreise_alt!G3+2*Artmodul_Einzelteilpreise_alt!G18+Artmodul_Einzelteilpreise_alt!G67+8*Artmodul_Einzelteilpreise_alt!G263+4*Artmodul_Einzelteilpreise_alt!G273+4*Artmodul_Einzelteilpreise_alt!G271+4*Artmodul_Einzelteilpreise_alt!G272+Artmodul_Einzelteilpreise_alt!G225 -> 743 | E20: =2*Artmodul_Einzelteilpreise_alt!G3+2*Artmodul_Einzelteilpreise_alt!G19+Artmodul_Einzelteilpreise_alt!G72+8*Artmodul_Einzelteilpreise_alt!G263+4*Artmodul_Einzelteilpreise_alt!G273+4*Artmodul_Einzelteilpreise_alt!G272+4*Artmodul_Einzelteilpreise_alt!G272+Artmodul_Einzelteilpreise_alt!G226 -> 810
C21: 580 | D21: =2*Artmodul_Einzelteilpreise_alt!G4+2*Artmodul_Einzelteilpreise_alt!G18+Artmodul_Einzelteilpreise_alt!G68+8*Artmodul_Einzelteilpreise_alt!G263+4*Artmodul_Einzelteilpreise_alt!G274+4*Artmodul_Einzelteilpreise_alt!G271+4*Artmodul_Einzelteilpreise_alt!G272+Artmodul_Einzelteilpreise_alt!G227 -> 791 | E21: =2*Artmodul_Einzelteilpreise_alt!G4+2*Artmodul_Einzelteilpreise_alt!G19+Artmodul_Einzelteilpreise_alt!G73+8*Artmodul_Einzelteilpreise_alt!G263+4*Artmodul_Einzelteilpreise_alt!G274+4*Artmodul_Einzelteilpreise_alt!G272+4*Artmodul_Einzelteilpreise_alt!G272+Artmodul_Einzelteilpreise_alt!G228 -> 846
C22: 780 | D22: =2*Artmodul_Einzelteilpreise_alt!G5+2*Artmodul_Einzelteilpreise_alt!G18+Artmodul_Einzelteilpreise_alt!G69+8*Artmodul_Einzelteilpreise_alt!G263+4*Artmodul_Einzelteilpreise_alt!G277+4*Artmodul_Einzelteilpreise_alt!G271+4*Artmodul_Einzelteilpreise_alt!G272+Artmodul_Einzelteilpreise_alt!G229 -> 853 | E22: =2*Artmodul_Einzelteilpreise_alt!G5+2*Artmodul_Einzelteilpreise_alt!G19+Artmodul_Einzelteilpreise_alt!G74+8*Artmodul_Einzelteilpreise_alt!G263+4*Artmodul_Einzelteilpreise_alt!G277+4*Artmodul_Einzelteilpreise_alt!G272+4*Artmodul_Einzelteilpreise_alt!G272+Artmodul_Einzelteilpreise_alt!G230 -> 900
C23: 980 | D23: =2*Artmodul_Einzelteilpreise_alt!G6+2*Artmodul_Einzelteilpreise_alt!G18+Artmodul_Einzelteilpreise_alt!G70+8*Artmodul_Einzelteilpreise_alt!G263+4*Artmodul_Einzelteilpreise_alt!G278+4*Artmodul_Einzelteilpreise_alt!G271+4*Artmodul_Einzelteilpreise_alt!G272+Artmodul_Einzelteilpreise_alt!G231 -> 942 | E23: =2*Artmodul_Einzelteilpreise_alt!G6+2*Artmodul_Einzelteilpreise_alt!G19+Artmodul_Einzelteilpreise_alt!G75+8*Artmodul_Einzelteilpreise_alt!G263+4*Artmodul_Einzelteilpreise_alt!G278+4*Artmodul_Einzelteilpreise_alt!G272+4*Artmodul_Einzelteilpreise_alt!G272+Artmodul_Einzelteilpreise_alt!G232 -> 1023
A26: Tiefe 580 mm
A27: Front | B27: Tiefe (mm) | C27: Breite (mm) | D27: H 180 mm | E27: H 360 mm | F27: H 720 mm | G27: H 1080 mm | H27: H 1440 mm | I27: H 1800 mm
A28: Offen | B28: 580 | C28: 420 | D28: =2*Artmodul_Einzelteilpreise_alt!G8+2*Artmodul_Einzelteilpreise_alt!G24+Artmodul_Einzelteilpreise_alt!G67+8*Artmodul_Einzelteilpreise_alt!G263+4*Artmodul_Einzelteilpreise_alt!G273+4*Artmodul_Einzelteilpreise_alt!G271+4*Artmodul_Einzelteilpreise_alt!G274 -> 514 | E28: =2*Artmodul_Einzelteilpreise_alt!G8+2*Artmodul_Einzelteilpreise_alt!G25+Artmodul_Einzelteilpreise_alt!G72+8*Artmodul_Einzelteilpreise_alt!G263+4*Artmodul_Einzelteilpreise_alt!G273+4*Artmodul_Einzelteilpreise_alt!G272+4*Artmodul_Einzelteilpreise_alt!G274 -> 514 | F28: =2*Artmodul_Einzelteilpreise_alt!G8+2*Artmodul_Einzelteilpreise_alt!G26+Artmodul_Einzelteilpreise_alt!G77+8*Artmodul_Einzelteilpreise_alt!G263+4*Artmodul_Einzelteilpreise_alt!G273+4*Artmodul_Einzelteilpreise_alt!G276+4*Artmodul_Einzelteilpreise_alt!G274 -> 638 | G28: =2*Artmodul_Einzelteilpreise_alt!G8+2*Artmodul_Einzelteilpreise_alt!G27+Artmodul_Einzelteilpreise_alt!G82+8*Artmodul_Einzelteilpreise_alt!G263+4*Artmodul_Einzelteilpreise_alt!G273+4*Artmodul_Einzelteilpreise_alt!G279+4*Artmodul_Einzelteilpreise_alt!G274 -> 756 | H28: =2*Artmodul_Einzelteilpreise_alt!G8+2*Artmodul_Einzelteilpreise_alt!G28+Artmodul_Einzelteilpreise_alt!G87+8*Artmodul_Einzelteilpreise_alt!G263+4*Artmodul_Einzelteilpreise_alt!G273+4*Artmodul_Einzelteilpreise_alt!G280+4*Artmodul_Einzelteilpreise_alt!G274 -> 885 | I28: =2*Artmodul_Einzelteilpreise_alt!G8+2*Artmodul_Einzelteilpreise_alt!G29+Artmodul_Einzelteilpreise_alt!G92+8*Artmodul_Einzelteilpreise_alt!G263+4*Artmodul_Einzelteilpreise_alt!G273+4*Artmodul_Einzelteilpreise_alt!G281+4*Artmodul_Einzelteilpreise_alt!G274 -> 1007
C29: 580 | D29: =2*Artmodul_Einzelteilpreise_alt!G9+2*Artmodul_Einzelteilpreise_alt!G24+Artmodul_Einzelteilpreise_alt!G68+8*Artmodul_Einzelteilpreise_alt!G263+4*Artmodul_Einzelteilpreise_alt!G274+4*Artmodul_Einzelteilpreise_alt!G271+4*Artmodul_Einzelteilpreise_alt!G274 -> 567 | E29: =2*Artmodul_Einzelteilpreise_alt!G9+2*Artmodul_Einzelteilpreise_alt!G25+Artmodul_Einzelteilpreise_alt!G73+8*Artmodul_Einzelteilpreise_alt!G263+4*Artmodul_Einzelteilpreise_alt!G274+4*Artmodul_Einzelteilpreise_alt!G272+4*Artmodul_Einzelteilpreise_alt!G274 -> 567 | F29: =2*Artmodul_Einzelteilpreise_alt!G9+2*Artmodul_Einzelteilpreise_alt!G26+Artmodul_Einzelteilpreise_alt!G78+8*Artmodul_Einzelteilpreise_alt!G263+4*Artmodul_Einzelteilpreise_alt!G274+4*Artmodul_Einzelteilpreise_alt!G276+4*Artmodul_Einzelteilpreise_alt!G274 -> 704 | G29: =2*Artmodul_Einzelteilpreise_alt!G9+2*Artmodul_Einzelteilpreise_alt!G27+Artmodul_Einzelteilpreise_alt!G83+8*Artmodul_Einzelteilpreise_alt!G263+4*Artmodul_Einzelteilpreise_alt!G274+4*Artmodul_Einzelteilpreise_alt!G279+4*Artmodul_Einzelteilpreise_alt!G274 -> 831 | H29: =2*Artmodul_Einzelteilpreise_alt!G9+2*Artmodul_Einzelteilpreise_alt!G28+Artmodul_Einzelteilpreise_alt!G88+8*Artmodul_Einzelteilpreise_alt!G263+4*Artmodul_Einzelteilpreise_alt!G274+4*Artmodul_Einzelteilpreise_alt!G280+4*Artmodul_Einzelteilpreise_alt!G274 -> 972 | I29: =2*Artmodul_Einzelteilpreise_alt!G9+2*Artmodul_Einzelteilpreise_alt!G29+Artmodul_Einzelteilpreise_alt!G93+8*Artmodul_Einzelteilpreise_alt!G263+4*Artmodul_Einzelteilpreise_alt!G274+4*Artmodul_Einzelteilpreise_alt!G281+4*Artmodul_Einzelteilpreise_alt!G274 -> 1105
C30: 780 | D30: =2*Artmodul_Einzelteilpreise_alt!G10+2*Artmodul_Einzelteilpreise_alt!G24+Artmodul_Einzelteilpreise_alt!G69+8*Artmodul_Einzelteilpreise_alt!G263+4*Artmodul_Einzelteilpreise_alt!G277+4*Artmodul_Einzelteilpreise_alt!G271+4*Artmodul_Einzelteilpreise_alt!G274 -> 632 | E30: =2*Artmodul_Einzelteilpreise_alt!G10+2*Artmodul_Einzelteilpreise_alt!G25+Artmodul_Einzelteilpreise_alt!G74+8*Artmodul_Einzelteilpreise_alt!G263+4*Artmodul_Einzelteilpreise_alt!G277+4*Artmodul_Einzelteilpreise_alt!G272+4*Artmodul_Einzelteilpreise_alt!G274 -> 632 | F30: =2*Artmodul_Einzelteilpreise_alt!G10+2*Artmodul_Einzelteilpreise_alt!G26+Artmodul_Einzelteilpreise_alt!G79+8*Artmodul_Einzelteilpreise_alt!G263+4*Artmodul_Einzelteilpreise_alt!G277+4*Artmodul_Einzelteilpreise_alt!G276+4*Artmodul_Einzelteilpreise_alt!G274 -> 781 | G30: =2*Artmodul_Einzelteilpreise_alt!G10+2*Artmodul_Einzelteilpreise_alt!G27+Artmodul_Einzelteilpreise_alt!G84+8*Artmodul_Einzelteilpreise_alt!G263+4*Artmodul_Einzelteilpreise_alt!G277+4*Artmodul_Einzelteilpreise_alt!G279+4*Artmodul_Einzelteilpreise_alt!G274 -> 925 | H30: =2*Artmodul_Einzelteilpreise_alt!G10+2*Artmodul_Einzelteilpreise_alt!G28+Artmodul_Einzelteilpreise_alt!G89+8*Artmodul_Einzelteilpreise_alt!G263+4*Artmodul_Einzelteilpreise_alt!G277+4*Artmodul_Einzelteilpreise_alt!G280+4*Artmodul_Einzelteilpreise_alt!G274 -> 1077 | I30: =2*Artmodul_Einzelteilpreise_alt!G10+2*Artmodul_Einzelteilpreise_alt!G29+Artmodul_Einzelteilpreise_alt!G94+8*Artmodul_Einzelteilpreise_alt!G263+4*Artmodul_Einzelteilpreise_alt!G277+4*Artmodul_Einzelteilpreise_alt!G281+4*Artmodul_Einzelteilpreise_alt!G274 -> 1224
C31: 980 | D31: =2*Artmodul_Einzelteilpreise_alt!G11+2*Artmodul_Einzelteilpreise_alt!G24+Artmodul_Einzelteilpreise_alt!G70+8*Artmodul_Einzelteilpreise_alt!G263+4*Artmodul_Einzelteilpreise_alt!G278+4*Artmodul_Einzelteilpreise_alt!G271+4*Artmodul_Einzelteilpreise_alt!G274 -> 700 | E31: =2*Artmodul_Einzelteilpreise_alt!G11+2*Artmodul_Einzelteilpreise_alt!G25+Artmodul_Einzelteilpreise_alt!G75+8*Artmodul_Einzelteilpreise_alt!G263+4*Artmodul_Einzelteilpreise_alt!G278+4*Artmodul_Einzelteilpreise_alt!G272+4*Artmodul_Einzelteilpreise_alt!G274 -> 700 | F31: =2*Artmodul_Einzelteilpreise_alt!G11+2*Artmodul_Einzelteilpreise_alt!G26+Artmodul_Einzelteilpreise_alt!G80+8*Artmodul_Einzelteilpreise_alt!G263+4*Artmodul_Einzelteilpreise_alt!G278+4*Artmodul_Einzelteilpreise_alt!G276+4*Artmodul_Einzelteilpreise_alt!G274 -> 862 | G31: =2*Artmodul_Einzelteilpreise_alt!G11+2*Artmodul_Einzelteilpreise_alt!G27+Artmodul_Einzelteilpreise_alt!G85+8*Artmodul_Einzelteilpreise_alt!G263+4*Artmodul_Einzelteilpreise_alt!G278+4*Artmodul_Einzelteilpreise_alt!G279+4*Artmodul_Einzelteilpreise_alt!G274 -> 1018 | H31: =2*Artmodul_Einzelteilpreise_alt!G11+2*Artmodul_Einzelteilpreise_alt!G28+Artmodul_Einzelteilpreise_alt!G90+8*Artmodul_Einzelteilpreise_alt!G263+4*Artmodul_Einzelteilpreise_alt!G278+4*Artmodul_Einzelteilpreise_alt!G280+4*Artmodul_Einzelteilpreise_alt!G274 -> 1184 | I31: =2*Artmodul_Einzelteilpreise_alt!G11+2*Artmodul_Einzelteilpreise_alt!G29+Artmodul_Einzelteilpreise_alt!G95+8*Artmodul_Einzelteilpreise_alt!G263+4*Artmodul_Einzelteilpreise_alt!G278+4*Artmodul_Einzelteilpreise_alt!G281+4*Artmodul_Einzelteilpreise_alt!G274 -> 1343
A33: Klappe | B33: 580 | C33: 420 | D33: =2*Artmodul_Einzelteilpreise_alt!G8+2*Artmodul_Einzelteilpreise_alt!G24+Artmodul_Einzelteilpreise_alt!G67+8*Artmodul_Einzelteilpreise_alt!G263+4*Artmodul_Einzelteilpreise_alt!G273+4*Artmodul_Einzelteilpreise_alt!G271+4*Artmodul_Einzelteilpreise_alt!G274+Artmodul_Einzelteilpreise_alt!G191 -> 683 | E33: =2*Artmodul_Einzelteilpreise_alt!G8+2*Artmodul_Einzelteilpreise_alt!G25+Artmodul_Einzelteilpreise_alt!G72+8*Artmodul_Einzelteilpreise_alt!G263+4*Artmodul_Einzelteilpreise_alt!G273+4*Artmodul_Einzelteilpreise_alt!G272+4*Artmodul_Einzelteilpreise_alt!G274+Artmodul_Einzelteilpreise_alt!G192 -> 683
C34: 580 | D34: =2*Artmodul_Einzelteilpreise_alt!G9+2*Artmodul_Einzelteilpreise_alt!G24+Artmodul_Einzelteilpreise_alt!G68+8*Artmodul_Einzelteilpreise_alt!G263+4*Artmodul_Einzelteilpreise_alt!G274+4*Artmodul_Einzelteilpreise_alt!G271+4*Artmodul_Einzelteilpreise_alt!G274+Artmodul_Einzelteilpreise_alt!G193 -> 751 | E34: =2*Artmodul_Einzelteilpreise_alt!G9+2*Artmodul_Einzelteilpreise_alt!G25+Artmodul_Einzelteilpreise_alt!G73+8*Artmodul_Einzelteilpreise_alt!G263+4*Artmodul_Einzelteilpreise_alt!G274+4*Artmodul_Einzelteilpreise_alt!G272+4*Artmodul_Einzelteilpreise_alt!G274+Artmodul_Einzelteilpreise_alt!G194 -> 751
C35: 780 | D35: =2*Artmodul_Einzelteilpreise_alt!G10+2*Artmodul_Einzelteilpreise_alt!G24+Artmodul_Einzelteilpreise_alt!G69+8*Artmodul_Einzelteilpreise_alt!G263+4*Artmodul_Einzelteilpreise_alt!G277+4*Artmodul_Einzelteilpreise_alt!G271+4*Artmodul_Einzelteilpreise_alt!G274+Artmodul_Einzelteilpreise_alt!G195 -> 830 | E35: =2*Artmodul_Einzelteilpreise_alt!G10+2*Artmodul_Einzelteilpreise_alt!G25+Artmodul_Einzelteilpreise_alt!G74+8*Artmodul_Einzelteilpreise_alt!G263+4*Artmodul_Einzelteilpreise_alt!G277+4*Artmodul_Einzelteilpreise_alt!G272+4*Artmodul_Einzelteilpreise_alt!G274+Artmodul_Einzelteilpreise_alt!G196 -> 830
C36: 980 | D36: =2*Artmodul_Einzelteilpreise_alt!G11+2*Artmodul_Einzelteilpreise_alt!G24+Artmodul_Einzelteilpreise_alt!G70+8*Artmodul_Einzelteilpreise_alt!G263+4*Artmodul_Einzelteilpreise_alt!G278+4*Artmodul_Einzelteilpreise_alt!G271+4*Artmodul_Einzelteilpreise_alt!G274+Artmodul_Einzelteilpreise_alt!G197 -> 950 | E36: =2*Artmodul_Einzelteilpreise_alt!G11+2*Artmodul_Einzelteilpreise_alt!G25+Artmodul_Einzelteilpreise_alt!G75+8*Artmodul_Einzelteilpreise_alt!G263+4*Artmodul_Einzelteilpreise_alt!G278+4*Artmodul_Einzelteilpreise_alt!G272+4*Artmodul_Einzelteilpreise_alt!G274+Artmodul_Einzelteilpreise_alt!G198 -> 950
A38: Tür | B38: 580 | C38: 420 | E38: =2*Artmodul_Einzelteilpreise_alt!G8+2*Artmodul_Einzelteilpreise_alt!G25+Artmodul_Einzelteilpreise_alt!G72+8*Artmodul_Einzelteilpreise_alt!G263+4*Artmodul_Einzelteilpreise_alt!G273+4*Artmodul_Einzelteilpreise_alt!G272+4*Artmodul_Einzelteilpreise_alt!G274+Artmodul_Einzelteilpreise_alt!G202 -> 650 | F38: =2*Artmodul_Einzelteilpreise_alt!G8+2*Artmodul_Einzelteilpreise_alt!G26+Artmodul_Einzelteilpreise_alt!G77+8*Artmodul_Einzelteilpreise_alt!G263+4*Artmodul_Einzelteilpreise_alt!G273+4*Artmodul_Einzelteilpreise_alt!G276+4*Artmodul_Einzelteilpreise_alt!G274+Artmodul_Einzelteilpreise_alt!G203 -> 797 | G38: =2*Artmodul_Einzelteilpreise_alt!G8+2*Artmodul_Einzelteilpreise_alt!G27+Artmodul_Einzelteilpreise_alt!G82+8*Artmodul_Einzelteilpreise_alt!G263+4*Artmodul_Einzelteilpreise_alt!G273+4*Artmodul_Einzelteilpreise_alt!G279+4*Artmodul_Einzelteilpreise_alt!G274+Artmodul_Einzelteilpreise_alt!G204 -> 991 | H38: =2*Artmodul_Einzelteilpreise_alt!G8+2*Artmodul_Einzelteilpreise_alt!G28+Artmodul_Einzelteilpreise_alt!G87+8*Artmodul_Einzelteilpreise_alt!G263+4*Artmodul_Einzelteilpreise_alt!G273+4*Artmodul_Einzelteilpreise_alt!G280+4*Artmodul_Einzelteilpreise_alt!G274+Artmodul_Einzelteilpreise_alt!G205 -> 1142 | I38: =2*Artmodul_Einzelteilpreise_alt!G8+2*Artmodul_Einzelteilpreise_alt!G29+Artmodul_Einzelteilpreise_alt!G92+8*Artmodul_Einzelteilpreise_alt!G263+4*Artmodul_Einzelteilpreise_alt!G273+4*Artmodul_Einzelteilpreise_alt!G281+4*Artmodul_Einzelteilpreise_alt!G274+Artmodul_Einzelteilpreise_alt!G206 -> 1347
C39: 580 | E39: =2*Artmodul_Einzelteilpreise_alt!G9+2*Artmodul_Einzelteilpreise_alt!G25+Artmodul_Einzelteilpreise_alt!G73+8*Artmodul_Einzelteilpreise_alt!G263+4*Artmodul_Einzelteilpreise_alt!G274+4*Artmodul_Einzelteilpreise_alt!G272+4*Artmodul_Einzelteilpreise_alt!G274+Artmodul_Einzelteilpreise_alt!G207 -> 720 | F39: =2*Artmodul_Einzelteilpreise_alt!G9+2*Artmodul_Einzelteilpreise_alt!G26+Artmodul_Einzelteilpreise_alt!G78+8*Artmodul_Einzelteilpreise_alt!G263+4*Artmodul_Einzelteilpreise_alt!G274+4*Artmodul_Einzelteilpreise_alt!G276+4*Artmodul_Einzelteilpreise_alt!G274+Artmodul_Einzelteilpreise_alt!G208 -> 914 | G39: =2*Artmodul_Einzelteilpreise_alt!G9+2*Artmodul_Einzelteilpreise_alt!G27+Artmodul_Einzelteilpreise_alt!G83+8*Artmodul_Einzelteilpreise_alt!G263+4*Artmodul_Einzelteilpreise_alt!G274+4*Artmodul_Einzelteilpreise_alt!G279+4*Artmodul_Einzelteilpreise_alt!G274+Artmodul_Einzelteilpreise_alt!G209 -> 1109 | H39: =2*Artmodul_Einzelteilpreise_alt!G9+2*Artmodul_Einzelteilpreise_alt!G28+Artmodul_Einzelteilpreise_alt!G88+8*Artmodul_Einzelteilpreise_alt!G263+4*Artmodul_Einzelteilpreise_alt!G274+4*Artmodul_Einzelteilpreise_alt!G280+4*Artmodul_Einzelteilpreise_alt!G274+Artmodul_Einzelteilpreise_alt!G210 -> 1309 | I39: =2*Artmodul_Einzelteilpreise_alt!G9+2*Artmodul_Einzelteilpreise_alt!G29+Artmodul_Einzelteilpreise_alt!G93+8*Artmodul_Einzelteilpreise_alt!G263+4*Artmodul_Einzelteilpreise_alt!G274+4*Artmodul_Einzelteilpreise_alt!G281+4*Artmodul_Einzelteilpreise_alt!G274+Artmodul_Einzelteilpreise_alt!G211 -> 1522
C40: 780 | E40: =2*Artmodul_Einzelteilpreise_alt!G10+2*Artmodul_Einzelteilpreise_alt!G25+Artmodul_Einzelteilpreise_alt!G74+8*Artmodul_Einzelteilpreise_alt!G263+4*Artmodul_Einzelteilpreise_alt!G277+4*Artmodul_Einzelteilpreise_alt!G272+4*Artmodul_Einzelteilpreise_alt!G274+Artmodul_Einzelteilpreise_alt!G214 -> 887 | F40: =2*Artmodul_Einzelteilpreise_alt!G10+2*Artmodul_Einzelteilpreise_alt!G26+Artmodul_Einzelteilpreise_alt!G79+8*Artmodul_Einzelteilpreise_alt!G263+4*Artmodul_Einzelteilpreise_alt!G277+4*Artmodul_Einzelteilpreise_alt!G276+4*Artmodul_Einzelteilpreise_alt!G274+Artmodul_Einzelteilpreise_alt!G216 -> 1095 | G40: =2*Artmodul_Einzelteilpreise_alt!G10+2*Artmodul_Einzelteilpreise_alt!G27+Artmodul_Einzelteilpreise_alt!G84+8*Artmodul_Einzelteilpreise_alt!G263+4*Artmodul_Einzelteilpreise_alt!G277+4*Artmodul_Einzelteilpreise_alt!G279+4*Artmodul_Einzelteilpreise_alt!G274+Artmodul_Einzelteilpreise_alt!G217 -> 1389 | H40: =2*Artmodul_Einzelteilpreise_alt!G10+2*Artmodul_Einzelteilpreise_alt!G28+Artmodul_Einzelteilpreise_alt!G89+8*Artmodul_Einzelteilpreise_alt!G263+4*Artmodul_Einzelteilpreise_alt!G277+4*Artmodul_Einzelteilpreise_alt!G280+4*Artmodul_Einzelteilpreise_alt!G274+Artmodul_Einzelteilpreise_alt!G218 -> 1619 | I40: =2*Artmodul_Einzelteilpreise_alt!G10+2*Artmodul_Einzelteilpreise_alt!G29+Artmodul_Einzelteilpreise_alt!G94+8*Artmodul_Einzelteilpreise_alt!G263+4*Artmodul_Einzelteilpreise_alt!G277+4*Artmodul_Einzelteilpreise_alt!G281+4*Artmodul_Einzelteilpreise_alt!G274+Artmodul_Einzelteilpreise_alt!G219 -> 1892
C41: 980 | E41: =2*Artmodul_Einzelteilpreise_alt!G11+2*Artmodul_Einzelteilpreise_alt!G25+Artmodul_Einzelteilpreise_alt!G75+8*Artmodul_Einzelteilpreise_alt!G263+4*Artmodul_Einzelteilpreise_alt!G278+4*Artmodul_Einzelteilpreise_alt!G272+4*Artmodul_Einzelteilpreise_alt!G274+Artmodul_Einzelteilpreise_alt!G220 -> 969 | F41: =2*Artmodul_Einzelteilpreise_alt!G11+2*Artmodul_Einzelteilpreise_alt!G26+Artmodul_Einzelteilpreise_alt!G80+8*Artmodul_Einzelteilpreise_alt!G263+4*Artmodul_Einzelteilpreise_alt!G278+4*Artmodul_Einzelteilpreise_alt!G276+4*Artmodul_Einzelteilpreise_alt!G274+Artmodul_Einzelteilpreise_alt!G221 -> 1237 | G41: =2*Artmodul_Einzelteilpreise_alt!G11+2*Artmodul_Einzelteilpreise_alt!G27+Artmodul_Einzelteilpreise_alt!G85+8*Artmodul_Einzelteilpreise_alt!G263+4*Artmodul_Einzelteilpreise_alt!G278+4*Artmodul_Einzelteilpreise_alt!G279+4*Artmodul_Einzelteilpreise_alt!G274+Artmodul_Einzelteilpreise_alt!G222 -> 1541 | H41: =2*Artmodul_Einzelteilpreise_alt!G11+2*Artmodul_Einzelteilpreise_alt!G28+Artmodul_Einzelteilpreise_alt!G90+8*Artmodul_Einzelteilpreise_alt!G263+4*Artmodul_Einzelteilpreise_alt!G278+4*Artmodul_Einzelteilpreise_alt!G280+4*Artmodul_Einzelteilpreise_alt!G274+Artmodul_Einzelteilpreise_alt!G223 -> 1809 | I41: =2*Artmodul_Einzelteilpreise_alt!G11+2*Artmodul_Einzelteilpreise_alt!G29+Artmodul_Einzelteilpreise_alt!G95+8*Artmodul_Einzelteilpreise_alt!G263+4*Artmodul_Einzelteilpreise_alt!G278+4*Artmodul_Einzelteilpreise_alt!G281+4*Artmodul_Einzelteilpreise_alt!G274+Artmodul_Einzelteilpreise_alt!G224 -> 2112
A43: Schublade | B43: 580 | C43: 420 | D43: =2*Artmodul_Einzelteilpreise_alt!G8+2*Artmodul_Einzelteilpreise_alt!G24+Artmodul_Einzelteilpreise_alt!G67+8*Artmodul_Einzelteilpreise_alt!G263+4*Artmodul_Einzelteilpreise_alt!G273+4*Artmodul_Einzelteilpreise_alt!G271+4*Artmodul_Einzelteilpreise_alt!G274+Artmodul_Einzelteilpreise_alt!G225 -> 799 | E43: =2*Artmodul_Einzelteilpreise_alt!G8+2*Artmodul_Einzelteilpreise_alt!G25+Artmodul_Einzelteilpreise_alt!G72+8*Artmodul_Einzelteilpreise_alt!G263+4*Artmodul_Einzelteilpreise_alt!G273+4*Artmodul_Einzelteilpreise_alt!G272+4*Artmodul_Einzelteilpreise_alt!G274+Artmodul_Einzelteilpreise_alt!G226 -> 866
C44: 580 | D44: =2*Artmodul_Einzelteilpreise_alt!G9+2*Artmodul_Einzelteilpreise_alt!G24+Artmodul_Einzelteilpreise_alt!G68+8*Artmodul_Einzelteilpreise_alt!G263+4*Artmodul_Einzelteilpreise_alt!G274+4*Artmodul_Einzelteilpreise_alt!G271+4*Artmodul_Einzelteilpreise_alt!G274+Artmodul_Einzelteilpreise_alt!G227 -> 865 | E44: =2*Artmodul_Einzelteilpreise_alt!G9+2*Artmodul_Einzelteilpreise_alt!G25+Artmodul_Einzelteilpreise_alt!G73+8*Artmodul_Einzelteilpreise_alt!G263+4*Artmodul_Einzelteilpreise_alt!G274+4*Artmodul_Einzelteilpreise_alt!G272+4*Artmodul_Einzelteilpreise_alt!G274+Artmodul_Einzelteilpreise_alt!G228 -> 920
C45: 780 | D45: =2*Artmodul_Einzelteilpreise_alt!G10+2*Artmodul_Einzelteilpreise_alt!G24+Artmodul_Einzelteilpreise_alt!G69+8*Artmodul_Einzelteilpreise_alt!G263+4*Artmodul_Einzelteilpreise_alt!G277+4*Artmodul_Einzelteilpreise_alt!G271+4*Artmodul_Einzelteilpreise_alt!G274+Artmodul_Einzelteilpreise_alt!G229 -> 941 | E45: =2*Artmodul_Einzelteilpreise_alt!G10+2*Artmodul_Einzelteilpreise_alt!G25+Artmodul_Einzelteilpreise_alt!G74+8*Artmodul_Einzelteilpreise_alt!G263+4*Artmodul_Einzelteilpreise_alt!G277+4*Artmodul_Einzelteilpreise_alt!G272+4*Artmodul_Einzelteilpreise_alt!G274+Artmodul_Einzelteilpreise_alt!G230 -> 988
C46: 980 | D46: =2*Artmodul_Einzelteilpreise_alt!G11+2*Artmodul_Einzelteilpreise_alt!G24+Artmodul_Einzelteilpreise_alt!G70+8*Artmodul_Einzelteilpreise_alt!G263+4*Artmodul_Einzelteilpreise_alt!G278+4*Artmodul_Einzelteilpreise_alt!G271+4*Artmodul_Einzelteilpreise_alt!G274+Artmodul_Einzelteilpreise_alt!G231 -> 1048 | E46: =2*Artmodul_Einzelteilpreise_alt!G11+2*Artmodul_Einzelteilpreise_alt!G25+Artmodul_Einzelteilpreise_alt!G75+8*Artmodul_Einzelteilpreise_alt!G263+4*Artmodul_Einzelteilpreise_alt!G278+4*Artmodul_Einzelteilpreise_alt!G272+4*Artmodul_Einzelteilpreise_alt!G274+Artmodul_Einzelteilpreise_alt!G232 -> 1129

Sheet Artmodul_Einzelteilpreise_alt
A1: Art_Nr | B1: Typ | C1: Kategorie | D1: Bezeichnung | E1: Breite_mm | F1: Tiefe_mm | G1: PG1_MDF_EUR | H1: PG2_Alu_EUR | I1: PG3_Furnier_EUR | J1: PG4_Glas_EUR | K1: Warnung | L1: PG1_MDF_CHF | M1: PG2_Alu_CHF | N1: PG3_Furnier_CHF | O1: PG4_Glas_CHF | Q1: KONFIGURATOR EXPORT
A2: 3000 | B2: Platte | C2: Boden | D2: Boden (360x360) | E2: 360 | F2: 360 | G2: 34 | H2: 114 | I2: 89 | J2: 177 | L2: =IF(G2="","",ROUND(G2*1.15,0)) -> 39 | M2: =IF(H2="","",ROUND(H2*1.15,0)) -> 131 | N2: =IF(I2="","",ROUND(I2*1.15,0)) -> 102 | O2: =IF(J2="","",ROUND(J2*1.15,0)) -> 204 | Q2: Datei | R2: Verkaufspreise_V07.xlsx
A3: 3001 | B3: Platte | C3: Boden | D3: Boden (420x360) | E3: 420 | F3: 360 | G3: 34 | H3: 121 | I3: 92 | J3: 178 | L3: =IF(G3="","",ROUND(G3*1.15,0)) -> 39 | M3: =IF(H3="","",ROUND(H3*1.15,0)) -> 139 | N3: =IF(I3="","",ROUND(I3*1.15,0)) -> 106 | O3: =IF(J3="","",ROUND(J3*1.15,0)) -> 205 | Q3: Platten-Artikel | R3: =COUNTIF(B:B,"Platte") -> 258
A4: 3002 | B4: Platte | C4: Boden | D4: Boden (580x360) | E4: 580 | F4: 360 | G4: 43 | H4: 161 | I4: 130 | J4: 185 | L4: =IF(G4="","",ROUND(G4*1.15,0)) -> 49 | M4: =IF(H4="","",ROUND(H4*1.15,0)) -> 185 | N4: =IF(I4="","",ROUND(I4*1.15,0)) -> 150 | O4: =IF(J4="","",ROUND(J4*1.15,0)) -> 213 | Q4: Zubehör-Artikel | R4: =COUNTIF(B:B,"Zubehör") -> 47
A5: 3003 | B5: Platte | C5: Boden | D5: Boden (780x360) | E5: 780 | F5: 360 | G5: 56 | H5: 185 | I5: 144 | J5: 190 | L5: =IF(G5="","",ROUND(G5*1.15,0)) -> 64 | M5: =IF(H5="","",ROUND(H5*1.15,0)) -> 213 | N5: =IF(I5="","",ROUND(I5*1.15,0)) -> 166 | O5: =IF(J5="","",ROUND(J5*1.15,0)) -> 219 | Q5: Duplikate | R5: ✅ 0 – bereinigt
A6: 3004 | B6: Platte | C6: Boden | D6: Boden (980x360) | E6: 980 | F6: 360 | G6: 70 | H6: 223 | I6: 174 | J6: 209 | L6: =IF(G6="","",ROUND(G6*1.15,0)) -> 81 | M6: =IF(H6="","",ROUND(H6*1.15,0)) -> 256 | N6: =IF(I6="","",ROUND(I6*1.15,0)) -> 200 | O6: =IF(J6="","",ROUND(J6*1.15,0)) -> 240 | Q6: Warnungen | R6: =COUNTIF(K:K,"*nicht OK*") -> 10
A7: 3005 | B7: Platte | C7: Boden | D7: Boden (360x580) | E7: 360 | F7: 580 | G7: 43 | H7: 161 | I7: 130 | J7: 185 | L7: =IF(G7="","",ROUND(G7*1.15,0)) -> 49 | M7: =IF(H7="","",ROUND(H7*1.15,0)) -> 185 | N7: =IF(I7="","",ROUND(I7*1.15,0)) -> 150 | O7: =IF(J7="","",ROUND(J7*1.15,0)) -> 213 | Q7: CHF-Faktor | R7: 1.15
A8: 3006 | B8: Platte | C8: Boden | D8: Boden (420x580) | E8: 420 | F8: 580 | G8: 49 | H8: 181 | I8: 147 | J8: 186 | L8: =IF(G8="","",ROUND(G8*1.15,0)) -> 56 | M8: =IF(H8="","",ROUND(H8*1.15,0)) -> 208 | N8: =IF(I8="","",ROUND(I8*1.15,0)) -> 169 | O8: =IF(J8="","",ROUND(J8*1.15,0)) -> 214 | Q8: Preisgruppen | R8: PG1=MDF, PG2=Alu, PG3=Furnier, PG4=Glas
A9: 3007 | B9: Platte | C9: Boden | D9: Boden (580x580) | E9: 580 | F9: 580 | G9: 67 | H9: 228 | I9: 183 | J9: 191 | L9: =IF(G9="","",ROUND(G9*1.15,0)) -> 77 | M9: =IF(H9="","",ROUND(H9*1.15,0)) -> 262 | N9: =IF(I9="","",ROUND(I9*1.15,0)) -> 210 | O9: =IF(J9="","",ROUND(J9*1.15,0)) -> 220
A10: 3008 | B10: Platte | C10: Boden | D10: Boden (780x580) | E10: 780 | F10: 580 | G10: 87 | H10: 275 | I10: 225 | J10: 237 | L10: =IF(G10="","",ROUND(G10*1.15,0)) -> 100 | M10: =IF(H10="","",ROUND(H10*1.15,0)) -> 316 | N10: =IF(I10="","",ROUND(I10*1.15,0)) -> 259 | O10: =IF(J10="","",ROUND(J10*1.15,0)) -> 273
A11: 3009 | B11: Platte | C11: Boden | D11: Boden (980x580) | E11: 980 | F11: 580 | G11: 110 | H11: 355 | I11: 286 | J11: 276 | L11: =IF(G11="","",ROUND(G11*1.15,0)) -> 127 | M11: =IF(H11="","",ROUND(H11*1.15,0)) -> 408 | N11: =IF(I11="","",ROUND(I11*1.15,0)) -> 329 | O11: =IF(J11="","",ROUND(J11*1.15,0)) -> 317
A12: 3010 | B12: Platte | C12: Boden | D12: Boden (780x780) | E12: 780 | F12: 780 | G12: 113 | H12: 302 | I12: 272 | J12: 295 | L12: =IF(G12="","",ROUND(G12*1.15,0)) -> 130 | M12: =IF(H12="","",ROUND(H12*1.15,0)) -> 347 | N12: =IF(I12="","",ROUND(I12*1.15,0)) -> 313 | O12: =IF(J12="","",ROUND(J12*1.15,0)) -> 339
A13: 3011 | B13: Platte | C13: Boden | D13: Boden (980x780) | E13: 980 | F13: 780 | G13: 139 | H13: 416 | I13: 216 | J13: 406 | L13: =IF(G13="","",ROUND(G13*1.15,0)) -> 160 | M13: =IF(H13="","",ROUND(H13*1.15,0)) -> 478 | N13: =IF(I13="","",ROUND(I13*1.15,0)) -> 248 | O13: =IF(J13="","",ROUND(J13*1.15,0)) -> 467
A14: 3012 | B14: Platte | C14: Boden | D14: Boden (980x980) | E14: 980 | F14: 980 | G14: 180 | H14: 496 | I14: 257 | J14: 483 | L14: =IF(G14="","",ROUND(G14*1.15,0)) -> 207 | M14: =IF(H14="","",ROUND(H14*1.15,0)) -> 570 | N14: =IF(I14="","",ROUND(I14*1.15,0)) -> 296 | O14: =IF(J14="","",ROUND(J14*1.15,0)) -> 555
A15: 3013 | B15: Platte | C15: Boden | D15: Boden (420x780) | E15: 420 | F15: 780 | G15: 71 | H15: 219 | I15: 113 | J15: 213 | L15: =IF(G15="","",ROUND(G15*1.15,0)) -> 82 | M15: =IF(H15="","",ROUND(H15*1.15,0)) -> 252 | N15: =IF(I15="","",ROUND(I15*1.15,0)) -> 130 | O15: =IF(J15="","",ROUND(J15*1.15,0)) -> 245
A16: 3014 | B16: Platte | C16: Boden | D16: Boden (420x980) | E16: 420 | F16: 980 | G16: 88 | H16: 247 | I16: 128 | J16: 241 | L16: =IF(G16="","",ROUND(G16*1.15,0)) -> 101 | M16: =IF(H16="","",ROUND(H16*1.15,0)) -> 284 | N16: =IF(I16="","",ROUND(I16*1.15,0)) -> 147 | O16: =IF(J16="","",ROUND(J16*1.15,0)) -> 277
A17: S_0003 | B17: Platte | C17: Boden | D17: Boden (420x420) | E17: 420 | F17: 420 | G17: 56 | H17: 134 | I17: 69 | J17: 130 | L17: =IF(G17="","",ROUND(G17*1.15,0)) -> 64 | M17: =IF(H17="","",ROUND(H17*1.15,0)) -> 154 | N17: =IF(I17="","",ROUND(I17*1.15,0)) -> 79 | O17: =IF(J17="","",ROUND(J17*1.15,0)) -> 150
A18: 3100 | B18: Platte | C18: Seite außen | D18: Seite außen (360x180) | E18: 360 | F18: 180 | G18: 34 | H18: 114 | I18: 89 | J18: 201 | L18: =IF(G18="","",ROUND(G18*1.15,0)) -> 39 | M18: =IF(H18="","",ROUND(H18*1.15,0)) -> 131 | N18: =IF(I18="","",ROUND(I18*1.15,0)) -> 102 | O18: =IF(J18="","",ROUND(J18*1.15,0)) -> 231
A19: 3101 | B19: Platte | C19: Seite außen | D19: Seite außen (360x360) | E19: 360 | F19: 360 | G19: 34 | H19: 114 | I19: 89 | J19: 177 | L19: =IF(G19="","",ROUND(G19*1.15,0)) -> 39 | M19: =IF(H19="","",ROUND(H19*1.15,0)) -> 131 | N19: =IF(I19="","",ROUND(I19*1.15,0)) -> 102 | O19: =IF(J19="","",ROUND(J19*1.15,0)) -> 204
A20: 3102 | B20: Platte | C20: Seite außen | D20: Seite außen (360x720) | E20: 360 | F20: 720 | G20: 52 | H20: 181 | I20: 143 | J20: 212 | L20: =IF(G20="","",ROUND(G20*1.15,0)) -> 60 | M20: =IF(H20="","",ROUND(H20*1.15,0)) -> 208 | N20: =IF(I20="","",ROUND(I20*1.15,0)) -> 164 | O20: =IF(J20="","",ROUND(J20*1.15,0)) -> 244
A21: 3103 | B21: Platte | C21: Seite außen | D21: Seite außen (360x1080) | E21: 360 | F21: 1080 | G21: 76 | H21: 267 | I21: 222 | J21: 240 | L21: =IF(G21="","",ROUND(G21*1.15,0)) -> 87 | M21: =IF(H21="","",ROUND(H21*1.15,0)) -> 307 | N21: =IF(I21="","",ROUND(I21*1.15,0)) -> 255 | O21: =IF(J21="","",ROUND(J21*1.15,0)) -> 276
A22: 3104 | B22: Platte | C22: Seite außen | D22: Seite außen (360x1440) | E22: 360 | F22: 1440 | G22: 100 | H22: 336 | I22: 281 | J22: 529 | L22: =IF(G22="","",ROUND(G22*1.15,0)) -> 115 | M22: =IF(H22="","",ROUND(H22*1.15,0)) -> 386 | N22: =IF(I22="","",ROUND(I22*1.15,0)) -> 323 | O22: =IF(J22="","",ROUND(J22*1.15,0)) -> 608
A23: 3105 | B23: Platte | C23: Seite außen | D23: Seite außen (360x1800) | E23: 360 | F23: 1800 | G23: 125 | H23: 246 | I23: 343 | J23: 645 | L23: =IF(G23="","",ROUND(G23*1.15,0)) -> 144 | M23: =IF(H23="","",ROUND(H23*1.15,0)) -> 283 | N23: =IF(I23="","",ROUND(I23*1.15,0)) -> 394 | O23: =IF(J23="","",ROUND(J23*1.15,0)) -> 742
A24: 3106 | B24: Platte | C24: Seite außen | D24: Seite außen (580x180) | E24: 580 | F24: 180 | G24: 43 | H24: 161 | I24: 130 | J24: 208 | L24: =IF(G24="","",ROUND(G24*1.15,0)) -> 49 | M24: =IF(H24="","",ROUND(H24*1.15,0)) -> 185 | N24: =IF(I24="","",ROUND(I24*1.15,0)) -> 150 | O24: =IF(J24="","",ROUND(J24*1.15,0)) -> 239
A25: 3107 | B25: Platte | C25: Seite außen | D25: Seite außen (580x360) | E25: 580 | F25: 360 | G25: 43 | H25: 161 | I25: 130 | J25: 185 | L25: =IF(G25="","",ROUND(G25*1.15,0)) -> 49 | M25: =IF(H25="","",ROUND(H25*1.15,0)) -> 185 | N25: =IF(I25="","",ROUND(I25*1.15,0)) -> 150 | O25: =IF(J25="","",ROUND(J25*1.15,0)) -> 213
A26: 3108 | B26: Platte | C26: Seite außen | D26: Seite außen (580x720) | E26: 580 | F26: 720 | G26: 82 | H26: 262 | I26: 216 | J26: 245 | L26: =IF(G26="","",ROUND(G26*1.15,0)) -> 94 | M26: =IF(H26="","",ROUND(H26*1.15,0)) -> 301 | N26: =IF(I26="","",ROUND(I26*1.15,0)) -> 248 | O26: =IF(J26="","",ROUND(J26*1.15,0)) -> 282
A27: 3109 | B27: Platte | C27: Seite außen | D27: Seite außen (580x1080) | E27: 580 | F27: 1080 | G27: 119 | H27: 377 | I27: 300 | J27: 307 | L27: =IF(G27="","",ROUND(G27*1.15,0)) -> 137 | M27: =IF(H27="","",ROUND(H27*1.15,0)) -> 434 | N27: =IF(I27="","",ROUND(I27*1.15,0)) -> 345 | O27: =IF(J27="","",ROUND(J27*1.15,0)) -> 353
A28: 3110 | B28: Platte | C28: Seite außen | D28: Seite außen (580x1440) | E28: 580 | F28: 1440 | G28: 158 | H28: 484 | I28: 400 | J28: 752 | L28: =IF(G28="","",ROUND(G28*1.15,0)) -> 182 | M28: =IF(H28="","",ROUND(H28*1.15,0)) -> 557 | N28: =IF(I28="","",ROUND(I28*1.15,0)) -> 460 | O28: =IF(J28="","",ROUND(J28*1.15,0)) -> 865
A29: 3111 | B29: Platte | C29: Seite außen | D29: Seite außen (580x1800) | E29: 580 | F29: 1800 | G29: 197 | H29: 388 | I29: 467 | J29: 879 | L29: =IF(G29="","",ROUND(G29*1.15,0)) -> 227 | M29: =IF(H29="","",ROUND(H29*1.15,0)) -> 446 | N29: =IF(I29="","",ROUND(I29*1.15,0)) -> 537 | O29: =IF(J29="","",ROUND(J29*1.15,0)) -> 1011
... A42: 3124 | B42: Platte | C42: Seite außen | D42: Seite außen (580x580) | E42: 580 | F42: 580 | G42: 67 | H42: 228 | I42: 183 | J42: 191 | L42: =IF(G42="","",ROUND(G42*1.15,0)) -> 77 | M42: =IF(H42="","",ROUND(H42*1.15,0)) -> 262 | N42: =IF(I42="","",ROUND(I42*1.15,0)) -> 210 | O42: =IF(J42="","",ROUND(J42*1.15,0)) -> 220
A43: S_0020 | B43: Platte | C43: Seite außen | D43: Seite außen (660x360) | E43: 660 | F43: 360 | G43: 162 | H43: 319 | I43: 165 | J43: 310 | L43: =IF(G43="","",ROUND(G43*1.15,0)) -> 186 | M43: =IF(H43="","",ROUND(H43*1.15,0)) -> 367 | N43: =IF(I43="","",ROUND(I43*1.15,0)) -> 190 | O43: =IF(J43="","",ROUND(J43*1.15,0)) -> 357
A44: 3200 | B44: Platte | C44: Seite außen SY32 | D44: Seite außen SY32 (360x360) | E44: 360 | F44: 360 | G44: 34 | H44: 114 | I44: 89 | J44: 177 | L44: =IF(G44="","",ROUND(G44*1.15,0)) -> 39 | M44: =IF(H44="","",ROUND(H44*1.15,0)) -> 131 | N44: =IF(I44="","",ROUND(I44*1.15,0)) -> 102 | O44: =IF(J44="","",ROUND(J44*1.15,0)) -> 204
A45: 3201 | B45: Platte | C45: Seite außen SY32 | D45: Seite außen SY32 (360x720) | E45: 360 | F45: 720 | G45: 52 | H45: 181 | I45: 143 | J45: 212 | L45: =IF(G45="","",ROUND(G45*1.15,0)) -> 60 | M45: =IF(H45="","",ROUND(H45*1.15,0)) -> 208 | N45: =IF(I45="","",ROUND(I45*1.15,0)) -> 164 | O45: =IF(J45="","",ROUND(J45*1.15,0)) -> 244
A46: 3202 | B46: Platte | C46: Seite außen SY32 | D46: Seite außen SY32 (360x1080) | E46: 360 | F46: 1080 | G46: 76 | H46: 267 | I46: 222 | J46: 240 | L46: =IF(G46="","",ROUND(G46*1.15,0)) -> 87 | M46: =IF(H46="","",ROUND(H46*1.15,0)) -> 307 | N46: =IF(I46="","",ROUND(I46*1.15,0)) -> 255 | O46: =IF(J46="","",ROUND(J46*1.15,0)) -> 276
A47: 3203 | B47: Platte | C47: Seite außen SY32 | D47: Seite außen SY32 (360x1440) | E47: 360 | F47: 1440 | G47: 100 | H47: 336 | I47: 281 | J47: 529 | L47: =IF(G47="","",ROUND(G47*1.15,0)) -> 115 | M47: =IF(H47="","",ROUND(H47*1.15,0)) -> 386 | N47: =IF(I47="","",ROUND(I47*1.15,0)) -> 323 | O47: =IF(J47="","",ROUND(J47*1.15,0)) -> 608
A48: 3204 | B48: Platte | C48: Seite außen SY32 | D48: Seite außen SY32 (360x1800) | E48: 360 | F48: 1800 | G48: 125 | H48: 246 | I48: 343 | J48: 645 | L48: =IF(G48="","",ROUND(G48*1.15,0)) -> 144 | M48: =IF(H48="","",ROUND(H48*1.15,0)) -> 283 | N48: =IF(I48="","",ROUND(I48*1.15,0)) -> 394 | O48: =IF(J48="","",ROUND(J48*1.15,0)) -> 742
A49: 3205 | B49: Platte | C49: Seite außen SY32 | D49: Seite außen SY32 (580x360) | E49: 580 | F49: 360 | G49: 43 | H49: 161 | I49: 130 | J49: 185 | L49: =IF(G49="","",ROUND(G49*1.15,0)) -> 49 | M49: =IF(H49="","",ROUND(H49*1.15,0)) -> 185 | N49: =IF(I49="","",ROUND(I49*1.15,0)) -> 150 | O49: =IF(J49="","",ROUND(J49*1.15,0)) -> 213
A50: 3206 | B50: Platte | C50: Seite außen SY32 | D50: Seite außen SY32 (580x720) | E50: 580 | F50: 720 | G50: 82 | H50: 262 | I50: 216 | J50: 245 | L50: =IF(G50="","",ROUND(G50*1.15,0)) -> 94 | M50: =IF(H50="","",ROUND(H50*1.15,0)) -> 301 | N50: =IF(I50="","",ROUND(I50*1.15,0)) -> 248 | O50: =IF(J50="","",ROUND(J50*1.15,0)) -> 282
A51: 3207 | B51: Platte | C51: Seite außen SY32 | D51: Seite außen SY32 (580x1080) | E51: 580 | F51: 1080 | G51: 119 | H51: 377 | I51: 300 | J51: 307 | L51: =IF(G51="","",ROUND(G51*1.15,0)) -> 137 | M51: =IF(H51="","",ROUND(H51*1.15,0)) -> 434 | N51: =IF(I51="","",ROUND(I51*1.15,0)) -> 345 | O51: =IF(J51="","",ROUND(J51*1.15,0)) -> 353
A52: 3208 | B52: Platte | C52: Seite außen SY32 | D52: Seite außen SY32 (580x1440) | E52: 580 | F52: 1440 | G52: 158 | H52: 484 | I52: 400 | J52: 752 | L52: =IF(G52="","",ROUND(G52*1.15,0)) -> 182 | M52: =IF(H52="","",ROUND(H52*1.15,0)) -> 557 | N52: =IF(I52="","",ROUND(I52*1.15,0)) -> 460 | O52: =IF(J52="","",ROUND(J52*1.15,0)) -> 865
A53: 3209 | B53: Platte | C53: Seite außen SY32 | D53: Seite außen SY32 (580x1800) | E53: 580 | F53: 1800 | G53: 197 | H53: 388 | I53: 467 | J53: 879 | L53: =IF(G53="","",ROUND(G53*1.15,0)) -> 227 | M53: =IF(H53="","",ROUND(H53*1.15,0)) -> 446 | N53: =IF(I53="","",ROUND(I53*1.15,0)) -> 537 | O53: =IF(J53="","",ROUND(J53*1.15,0)) -> 1011
A54: 3210 | B54: Platte | C54: Seite außen SY32 | D54: Seite außen SY32 (180x780) | E54: 180 | F54: 780 | G54: 56 | H54: 185 | I54: 144 | J54: 212 | L54: =IF(G54="","",ROUND(G54*1.15,0)) -> 64 | M54: =IF(H54="","",ROUND(H54*1.15,0)) -> 213 | N54: =IF(I54="","",ROUND(I54*1.15,0)) -> 166 | O54: =IF(J54="","",ROUND(J54*1.15,0)) -> 244
A55: 3211 | B55: Platte | C55: Seite außen SY32 | D55: Seite außen SY32 (180x980) | E55: 180 | F55: 980 | G55: 70 | H55: 223 | I55: 174 | J55: 229 | L55: =IF(G55="","",ROUND(G55*1.15,0)) -> 81 | M55: =IF(H55="","",ROUND(H55*1.15,0)) -> 256 | N55: =IF(I55="","",ROUND(I55*1.15,0)) -> 200 | O55: =IF(J55="","",ROUND(J55*1.15,0)) -> 263
... A159: 3710 | B159: Platte | C159: Fachboden klein | D159: Fachboden klein (780x780) | E159: 780 | F159: 780 | G159: 110 | H159: 302 | I159: 272 | J159: 295 | L159: =IF(G159="","",ROUND(G159*1.15,0)) -> 127 | M159: =IF(H159="","",ROUND(H159*1.15,0)) -> 347 | N159: =IF(I159="","",ROUND(I159*1.15,0)) -> 313 | O159: =IF(J159="","",ROUND(J159*1.15,0)) -> 339
A160: 3711 | B160: Platte | C160: Fachboden klein | D160: Fachboden klein (980x780) | E160: 980 | F160: 780 | G160: 138 | H160: 272 | L160: =IF(G160="","",ROUND(G160*1.15,0)) -> 159 | M160: =IF(H160="","",ROUND(H160*1.15,0)) -> 313 | N160: =IF(I160="","",ROUND(I160*1.15,0)) | O160: =IF(J160="","",ROUND(J160*1.15,0))
A161: 3712 | B161: Platte | C161: Fachboden klein | D161: Fachboden klein (980x980) | E161: 980 | F161: 980 | G161: 166 | H161: 327 | L161: =IF(G161="","",ROUND(G161*1.15,0)) -> 191 | M161: =IF(H161="","",ROUND(H161*1.15,0)) -> 376 | N161: =IF(I161="","",ROUND(I161*1.15,0)) | O161: =IF(J161="","",ROUND(J161*1.15,0))
A162: 3750 | B162: Platte | C162: Fachboden groß | D162: Fachboden groß (360x360) | E162: 360 | F162: 360 | G162: 34 | H162: 114 | I162: 89 | J162: 177 | L162: =IF(G162="","",ROUND(G162*1.15,0)) -> 39 | M162: =IF(H162="","",ROUND(H162*1.15,0)) -> 131 | N162: =IF(I162="","",ROUND(I162*1.15,0)) -> 102 | O162: =IF(J162="","",ROUND(J162*1.15,0)) -> 204
A163: 3751 | B163: Platte | C163: Fachboden groß | D163: Fachboden groß (420x360) | E163: 420 | F163: 360 | G163: 34 | H163: 121 | I163: 92 | J163: 178 | L163: =IF(G163="","",ROUND(G163*1.15,0)) -> 39 | M163: =IF(H163="","",ROUND(H163*1.15,0)) -> 139 | N163: =IF(I163="","",ROUND(I163*1.15,0)) -> 106 | O163: =IF(J163="","",ROUND(J163*1.15,0)) -> 205
A164: 3752 | B164: Platte | C164: Fachboden groß | D164: Fachboden groß (580x360) | E164: 580 | F164: 360 | G164: 43 | H164: 161 | I164: 130 | J164: 185 | L164: =IF(G164="","",ROUND(G164*1.15,0)) -> 49 | M164: =IF(H164="","",ROUND(H164*1.15,0)) -> 185 | N164: =IF(I164="","",ROUND(I164*1.15,0)) -> 150 | O164: =IF(J164="","",ROUND(J164*1.15,0)) -> 213
A165: 3753 | B165: Platte | C165: Fachboden groß | D165: Fachboden groß (780x360) | E165: 780 | F165: 360 | G165: 56 | H165: 185 | I165: 144 | J165: 190 | L165: =IF(G165="","",ROUND(G165*1.15,0)) -> 64 | M165: =IF(H165="","",ROUND(H165*1.15,0)) -> 213 | N165: =IF(I165="","",ROUND(I165*1.15,0)) -> 166 | O165: =IF(J165="","",ROUND(J165*1.15,0)) -> 219
A166: 3754 | B166: Platte | C166: Fachboden groß | D166: Fachboden groß (980x360) | E166: 980 | F166: 360 | G166: 70 | H166: 223 | I166: 174 | J166: 209 | L166: =IF(G166="","",ROUND(G166*1.15,0)) -> 81 | M166: =IF(H166="","",ROUND(H166*1.15,0)) -> 256 | N166: =IF(I166="","",ROUND(I166*1.15,0)) -> 200 | O166: =IF(J166="","",ROUND(J166*1.15,0)) -> 240
A167: 3755 | B167: Platte | C167: Fachboden groß | D167: Fachboden groß (360x580) | E167: 360 | F167: 580 | G167: 43 | H167: 161 | I167: 130 | J167: 185 | L167: =IF(G167="","",ROUND(G167*1.15,0)) -> 49 | M167: =IF(H167="","",ROUND(H167*1.15,0)) -> 185 | N167: =IF(I167="","",ROUND(I167*1.15,0)) -> 150 | O167: =IF(J167="","",ROUND(J167*1.15,0)) -> 213
A168: 3756 | B168: Platte | C168: Fachboden groß | D168: Fachboden groß (420x580) | E168: 420 | F168: 580 | G168: 49 | H168: 181 | I168: 147 | J168: 186 | L168: =IF(G168="","",ROUND(G168*1.15,0)) -> 56 | M168: =IF(H168="","",ROUND(H168*1.15,0)) -> 208 | N168: =IF(I168="","",ROUND(I168*1.15,0)) -> 169 | O168: =IF(J168="","",ROUND(J168*1.15,0)) -> 214
A169: 3757 | B169: Platte | C169: Fachboden groß | D169: Fachboden groß (580x580) | E169: 580 | F169: 580 | G169: 67 | H169: 228 | I169: 183 | J169: 191 | L169: =IF(G169="","",ROUND(G169*1.15,0)) -> 77 | M169: =IF(H169="","",ROUND(H169*1.15,0)) -> 262 | N169: =IF(I169="","",ROUND(I169*1.15,0)) -> 210 | O169: =IF(J169="","",ROUND(J169*1.15,0)) -> 220
A170: 3758 | B170: Platte | C170: Fachboden groß | D170: Fachboden groß (780x580) | E170: 780 | F170: 580 | G170: 87 | H170: 275 | I170: 225 | J170: 237 | L170: =IF(G170="","",ROUND(G170*1.15,0)) -> 100 | M170: =IF(H170="","",ROUND(H170*1.15,0)) -> 316 | N170: =IF(I170="","",ROUND(I170*1.15,0)) -> 259 | O170: =IF(J170="","",ROUND(J170*1.15,0)) -> 273
A171: 3759 | B171: Platte | C171: Fachboden groß | D171: Fachboden groß (980x580) | E171: 980 | F171: 580 | G171: 110 | H171: 355 | I171: 286 | J171: 276 | L171: =IF(G171="","",ROUND(G171*1.15,0)) -> 127 | M171: =IF(H171="","",ROUND(H171*1.15,0)) -> 408 | N171: =IF(I171="","",ROUND(I171*1.15,0)) -> 329 | O171: =IF(J171="","",ROUND(J171*1.15,0)) -> 317
A172: 3760 | B172: Platte | C172: Fachboden groß | D172: Fachboden groß (780x780) | E172: 780 | F172: 780 | G172: 126 | H172: 302 | I172: 272 | J172: 295 | L172: =IF(G172="","",ROUND(G172*1.15,0)) -> 145 | M172: =IF(H172="","",ROUND(H172*1.15,0)) -> 347 | N172: =IF(I172="","",ROUND(I172*1.15,0)) -> 313 | O172: =IF(J172="","",ROUND(J172*1.15,0)) -> 339
A173: 3761 | B173: Platte | C173: Fachboden groß | D173: Fachboden groß (980x780) | E173: 980 | F173: 780 | G173: 139 | H173: 416 | L173: =IF(G173="","",ROUND(G173*1.15,0)) -> 160 | M173: =IF(H173="","",ROUND(H173*1.15,0)) -> 478 | N173: =IF(I173="","",ROUND(I173*1.15,0)) | O173: =IF(J173="","",ROUND(J173*1.15,0))
A174: 3762 | B174: Platte | C174: Fachboden groß | D174: Fachboden groß (980x980) | E174: 980 | F174: 980 | G174: 180 | H174: 354 | L174: =IF(G174="","",ROUND(G174*1.15,0)) -> 207 | M174: =IF(H174="","",ROUND(H174*1.15,0)) -> 407 | N174: =IF(I174="","",ROUND(I174*1.15,0)) | O174: =IF(J174="","",ROUND(J174*1.15,0))
A175: 3800 | B175: Platte | C175: Klappenboden | D175: Klappenboden (360x360) | E175: 360 | F175: 360 | G175: 34 | H175: 114 | I175: 89 | J175: 177 | L175: =IF(G175="","",ROUND(G175*1.15,0)) -> 39 | M175: =IF(H175="","",ROUND(H175*1.15,0)) -> 131 | N175: =IF(I175="","",ROUND(I175*1.15,0)) -> 102 | O175: =IF(J175="","",ROUND(J175*1.15,0)) -> 204
A176: 3801 | B176: Platte | C176: Klappenboden | D176: Klappenboden (420x360) | E176: 420 | F176: 360 | G176: 34 | H176: 121 | I176: 92 | J176: 178 | L176: =IF(G176="","",ROUND(G176*1.15,0)) -> 39 | M176: =IF(H176="","",ROUND(H176*1.15,0)) -> 139 | N176: =IF(I176="","",ROUND(I176*1.15,0)) -> 106 | O176: =IF(J176="","",ROUND(J176*1.15,0)) -> 205
A177: 3802 | B177: Platte | C177: Klappenboden | D177: Klappenboden (580x360) | E177: 580 | F177: 360 | G177: 43 | H177: 161 | I177: 130 | J177: 185 | L177: =IF(G177="","",ROUND(G177*1.15,0)) -> 49 | M177: =IF(H177="","",ROUND(H177*1.15,0)) -> 185 | N177: =IF(I177="","",ROUND(I177*1.15,0)) -> 150 | O177: =IF(J177="","",ROUND(J177*1.15,0)) -> 213
A178: 3803 | B178: Platte | C178: Klappenboden | D178: Klappenboden (780x360) | E178: 780 | F178: 360 | G178: 56 | H178: 185 | I178: 144 | J178: 190 | L178: =IF(G178="","",ROUND(G178*1.15,0)) -> 64 | M178: =IF(H178="","",ROUND(H178*1.15,0)) -> 213 | N178: =IF(I178="","",ROUND(I178*1.15,0)) -> 166 | O178: =IF(J178="","",ROUND(J178*1.15,0)) -> 219
A179: 3804 | B179: Platte | C179: Klappenboden | D179: Klappenboden (980x360) | E179: 980 | F179: 360 | G179: 70 | H179: 223 | I179: 174 | J179: 209 | L179: =IF(G179="","",ROUND(G179*1.15,0)) -> 81 | M179: =IF(H179="","",ROUND(H179*1.15,0)) -> 256 | N179: =IF(I179="","",ROUND(I179*1.15,0)) -> 200 | O179: =IF(J179="","",ROUND(J179*1.15,0)) -> 240
A180: 3805 | B180: Platte | C180: Klappenboden | D180: Klappenboden (360x580) | E180: 360 | F180: 580 | G180: 43 | H180: 161 | I180: 130 | J180: 185 | L180: =IF(G180="","",ROUND(G180*1.15,0)) -> 49 | M180: =IF(H180="","",ROUND(H180*1.15,0)) -> 185 | N180: =IF(I180="","",ROUND(I180*1.15,0)) -> 150 | O180: =IF(J180="","",ROUND(J180*1.15,0)) -> 213
A181: 3806 | B181: Platte | C181: Klappenboden | D181: Klappenboden (420x580) | E181: 420 | F181: 580 | G181: 49 | H181: 181 | I181: 147 | J181: 186 | L181: =IF(G181="","",ROUND(G181*1.15,0)) -> 56 | M181: =IF(H181="","",ROUND(H181*1.15,0)) -> 208 | N181: =IF(I181="","",ROUND(I181*1.15,0)) -> 169 | O181: =IF(J181="","",ROUND(J181*1.15,0)) -> 214
A182: 3807 | B182: Platte | C182: Klappenboden | D182: Klappenboden (580x580) | E182: 580 | F182: 580 | G182: 67 | H182: 228 | I182: 183 | J182: 191 | L182: =IF(G182="","",ROUND(G182*1.15,0)) -> 77 | M182: =IF(H182="","",ROUND(H182*1.15,0)) -> 262 | N182: =IF(I182="","",ROUND(I182*1.15,0)) -> 210 | O182: =IF(J182="","",ROUND(J182*1.15,0)) -> 220
A183: 3808 | B183: Platte | C183: Klappenboden | D183: Klappenboden (780x580) | E183: 780 | F183: 580 | G183: 87 | H183: 275 | I183: 225 | J183: 237 | L183: =IF(G183="","",ROUND(G183*1.15,0)) -> 100 | M183: =IF(H183="","",ROUND(H183*1.15,0)) -> 316 | N183: =IF(I183="","",ROUND(I183*1.15,0)) -> 259 | O183: =IF(J183="","",ROUND(J183*1.15,0)) -> 273
A184: 3809 | B184: Platte | C184: Klappenboden | D184: Klappenboden (980x580) | E184: 980 | F184: 580 | G184: 110 | H184: 355 | I184: 286 | J184: 276 | L184: =IF(G184="","",ROUND(G184*1.15,0)) -> 127 | M184: =IF(H184="","",ROUND(H184*1.15,0)) -> 408 | N184: =IF(I184="","",ROUND(I184*1.15,0)) -> 329 | O184: =IF(J184="","",ROUND(J184*1.15,0)) -> 317
A185: 3810 | B185: Platte | C185: Klappenboden | D185: Klappenboden (420x780) | E185: 420 | F185: 780 | G185: 65 | H185: 128 | L185: =IF(G185="","",ROUND(G185*1.15,0)) -> 75 | M185: =IF(H185="","",ROUND(H185*1.15,0)) -> 147 | N185: =IF(I185="","",ROUND(I185*1.15,0)) | O185: =IF(J185="","",ROUND(J185*1.15,0))
A186: 3811 | B186: Platte | C186: Klappenboden | D186: Klappenboden (420x980) | E186: 420 | F186: 980 | G186: 79 | H186: 155 | L186: =IF(G186="","",ROUND(G186*1.15,0)) -> 91 | M186: =IF(H186="","",ROUND(H186*1.15,0)) -> 178 | N186: =IF(I186="","",ROUND(I186*1.15,0)) | O186: =IF(J186="","",ROUND(J186*1.15,0))
A187: 3812 | B187: Platte | C187: Klappenboden | D187: Klappenboden (780x780) | E187: 780 | F187: 780 | G187: 126 | H187: 302 | I187: 272 | J187: 295 | L187: =IF(G187="","",ROUND(G187*1.15,0)) -> 145 | M187: =IF(H187="","",ROUND(H187*1.15,0)) -> 347 | N187: =IF(I187="","",ROUND(I187*1.15,0)) -> 313 | O187: =IF(J187="","",ROUND(J187*1.15,0)) -> 339
A188: 3813 | B188: Platte | C188: Klappenboden | D188: Klappenboden (780x980) | E188: 780 | F188: 980 | G188: 139 | H188: 416 | L188: =IF(G188="","",ROUND(G188*1.15,0)) -> 160 | M188: =IF(H188="","",ROUND(H188*1.15,0)) -> 478 | N188: =IF(I188="","",ROUND(I188*1.15,0)) | O188: =IF(J188="","",ROUND(J188*1.15,0))
A189: 3814 | B189: Platte | C189: Klappenboden | D189: Klappenboden (980x780) | E189: 980 | F189: 780 | G189: 139 | H189: 416 | L189: =IF(G189="","",ROUND(G189*1.15,0)) -> 160 | M189: =IF(H189="","",ROUND(H189*1.15,0)) -> 478 | N189: =IF(I189="","",ROUND(I189*1.15,0)) | O189: =IF(J189="","",ROUND(J189*1.15,0))
A190: 3815 | B190: Platte | C190: Klappenboden | D190: Klappenboden (980x980) | E190: 980 | F190: 980 | G190: 180 | H190: 354 | L190: =IF(G190="","",ROUND(G190*1.15,0)) -> 207 | M190: =IF(H190="","",ROUND(H190*1.15,0)) -> 407 | N190: =IF(I190="","",ROUND(I190*1.15,0)) | O190: =IF(J190="","",ROUND(J190*1.15,0))
A191: 5000 | B191: Platte | C191: Klappe | D191: Klappe (420x180) | E191: 420 | F191: 180 | G191: 169 | H191: 255 | I191: 237 | J191: 446 | L191: =IF(G191="","",ROUND(G191*1.15,0)) -> 194 | M191: =IF(H191="","",ROUND(H191*1.15,0)) -> 293 | N191: =IF(I191="","",ROUND(I191*1.15,0)) -> 273 | O191: =IF(J191="","",ROUND(J191*1.15,0)) -> 513
A192: 5001 | B192: Platte | C192: Klappe | D192: Klappe (420x360) | E192: 420 | F192: 360 | G192: 169 | H192: 255 | I192: 237 | J192: 446 | L192: =IF(G192="","",ROUND(G192*1.15,0)) -> 194 | M192: =IF(H192="","",ROUND(H192*1.15,0)) -> 293 | N192: =IF(I192="","",ROUND(I192*1.15,0)) -> 273 | O192: =IF(J192="","",ROUND(J192*1.15,0)) -> 513
A193: 5002 | B193: Platte | C193: Klappe | D193: Klappe (580x180) | E193: 580 | F193: 180 | G193: 184 | H193: 283 | I193: 259 | J193: 487 | L193: =IF(G193="","",ROUND(G193*1.15,0)) -> 212 | M193: =IF(H193="","",ROUND(H193*1.15,0)) -> 325 | N193: =IF(I193="","",ROUND(I193*1.15,0)) -> 298 | O193: =IF(J193="","",ROUND(J193*1.15,0)) -> 560
A194: 5003 | B194: Platte | C194: Klappe | D194: Klappe (580x360) | E194: 580 | F194: 360 | G194: 184 | H194: 283 | I194: 259 | J194: 487 | L194: =IF(G194="","",ROUND(G194*1.15,0)) -> 212 | M194: =IF(H194="","",ROUND(H194*1.15,0)) -> 325 | N194: =IF(I194="","",ROUND(I194*1.15,0)) -> 298 | O194: =IF(J194="","",ROUND(J194*1.15,0)) -> 560
A195: 5004 | B195: Platte | C195: Klappe | D195: Klappe (780x180) | E195: 780 | F195: 180 | G195: 198 | H195: 310 | I195: 280 | J195: 527 | L195: =IF(G195="","",ROUND(G195*1.15,0)) -> 228 | M195: =IF(H195="","",ROUND(H195*1.15,0)) -> 357 | N195: =IF(I195="","",ROUND(I195*1.15,0)) -> 322 | O195: =IF(J195="","",ROUND(J195*1.15,0)) -> 606
A196: 5005 | B196: Platte | C196: Klappe | D196: Klappe (780x360) | E196: 780 | F196: 360 | G196: 198 | H196: 310 | I196: 280 | J196: 527 | L196: =IF(G196="","",ROUND(G196*1.15,0)) -> 228 | M196: =IF(H196="","",ROUND(H196*1.15,0)) -> 357 | N196: =IF(I196="","",ROUND(I196*1.15,0)) -> 322 | O196: =IF(J196="","",ROUND(J196*1.15,0)) -> 606
A197: 5006 | B197: Platte | C197: Klappe | D197: Klappe (980x180) | E197: 980 | F197: 180 | G197: 250 | H197: 369 | I197: 345 | J197: 649 | L197: =IF(G197="","",ROUND(G197*1.15,0)) -> 288 | M197: =IF(H197="","",ROUND(H197*1.15,0)) -> 424 | N197: =IF(I197="","",ROUND(I197*1.15,0)) -> 397 | O197: =IF(J197="","",ROUND(J197*1.15,0)) -> 746
A198: 5007 | B198: Platte | C198: Klappe | D198: Klappe (980x360) | E198: 980 | F198: 360 | G198: 250 | H198: 369 | I198: 345 | J198: 649 | L198: =IF(G198="","",ROUND(G198*1.15,0)) -> 288 | M198: =IF(H198="","",ROUND(H198*1.15,0)) -> 424 | N198: =IF(I198="","",ROUND(I198*1.15,0)) -> 397 | O198: =IF(J198="","",ROUND(J198*1.15,0)) -> 746
A199: 5009 | B199: Platte | C199: Klappe | D199: Klappe (360x180) | E199: 360 | F199: 180 | G199: 169 | H199: 333 | I199: 345 | J199: 649 | L199: =IF(G199="","",ROUND(G199*1.15,0)) -> 194 | M199: =IF(H199="","",ROUND(H199*1.15,0)) -> 383 | N199: =IF(I199="","",ROUND(I199*1.15,0)) -> 397 | O199: =IF(J199="","",ROUND(J199*1.15,0)) -> 746
A200: 5008 | B200: Platte | C200: Klappe | D200: Klappe (360x360) | E200: 360 | F200: 360 | G200: 169 | H200: 333 | I200: 345 | J200: 649 | L200: =IF(G200="","",ROUND(G200*1.15,0)) -> 194 | M200: =IF(H200="","",ROUND(H200*1.15,0)) -> 383 | N200: =IF(I200="","",ROUND(I200*1.15,0)) -> 397 | O200: =IF(J200="","",ROUND(J200*1.15,0)) -> 746
A201: S_0046 | B201: Platte | C201: Klappe | D201: Klappe (980x420) | E201: 980 | F201: 420 | G201: 255 | H201: 502 | I201: 345 | J201: 649 | L201: =IF(G201="","",ROUND(G201*1.15,0)) -> 293 | M201: =IF(H201="","",ROUND(H201*1.15,0)) -> 577 | N201: =IF(I201="","",ROUND(I201*1.15,0)) -> 397 | O201: =IF(J201="","",ROUND(J201*1.15,0)) -> 746
A202: 5100 | B202: Platte | C202: Tür | D202: Tür (420x360) | E202: 420 | F202: 360 | G202: 136 | H202: 205 | I202: 182 | J202: 479 | L202: =IF(G202="","",ROUND(G202*1.15,0)) -> 156 | M202: =IF(H202="","",ROUND(H202*1.15,0)) -> 236 | N202: =IF(I202="","",ROUND(I202*1.15,0)) -> 209 | O202: =IF(J202="","",ROUND(J202*1.15,0)) -> 551
A203: 5101 | B203: Platte | C203: Tür | D203: Tür (420x720) | E203: 420 | F203: 720 | G203: 159 | H203: 270 | I203: 230 | J203: 544 | L203: =IF(G203="","",ROUND(G203*1.15,0)) -> 183 | M203: =IF(H203="","",ROUND(H203*1.15,0)) -> 311 | N203: =IF(I203="","",ROUND(I203*1.15,0)) -> 265 | O203: =IF(J203="","",ROUND(J203*1.15,0)) -> 626
A204: 5102 | B204: Platte | C204: Tür | D204: Tür (420x1080) | E204: 420 | F204: 1080 | G204: 235 | H204: 373 | I204: 339 | J204: 643 | L204: =IF(G204="","",ROUND(G204*1.15,0)) -> 270 | M204: =IF(H204="","",ROUND(H204*1.15,0)) -> 429 | N204: =IF(I204="","",ROUND(I204*1.15,0)) -> 390 | O204: =IF(J204="","",ROUND(J204*1.15,0)) -> 739
A205: 5103 | B205: Platte | C205: Tür | D205: Tür (420x1440) | E205: 420 | F205: 1440 | G205: 257 | H205: 472 | I205: 402 | J205: 712 | L205: =IF(G205="","",ROUND(G205*1.15,0)) -> 296 | M205: =IF(H205="","",ROUND(H205*1.15,0)) -> 543 | N205: =IF(I205="","",ROUND(I205*1.15,0)) -> 462 | O205: =IF(J205="","",ROUND(J205*1.15,0)) -> 819
A206: 5104 | B206: Platte | C206: Tür | D206: Tür (420x1800) | E206: 420 | F206: 1800 | G206: 340 | H206: 669 | I206: 494 | J206: 834 | L206: =IF(G206="","",ROUND(G206*1.15,0)) -> 391 | M206: =IF(H206="","",ROUND(H206*1.15,0)) -> 769 | N206: =IF(I206="","",ROUND(I206*1.15,0)) -> 568 | O206: =IF(J206="","",ROUND(J206*1.15,0)) -> 959
A207: 5105 | B207: Platte | C207: Tür | D207: Tür (580x360) | E207: 580 | F207: 360 | G207: 153 | H207: 228 | I207: 208 | J207: 509 | L207: =IF(G207="","",ROUND(G207*1.15,0)) -> 176 | M207: =IF(H207="","",ROUND(H207*1.15,0)) -> 262 | N207: =IF(I207="","",ROUND(I207*1.15,0)) -> 239 | O207: =IF(J207="","",ROUND(J207*1.15,0)) -> 585
A208: 5106 | B208: Platte | C208: Tür | D208: Tür (580x720) | E208: 580 | F208: 720 | G208: 210 | H208: 332 | I208: 306 | J208: 585 | L208: =IF(G208="","",ROUND(G208*1.15,0)) -> 242 | M208: =IF(H208="","",ROUND(H208*1.15,0)) -> 382 | N208: =IF(I208="","",ROUND(I208*1.15,0)) -> 352 | O208: =IF(J208="","",ROUND(J208*1.15,0)) -> 673
A209: 5107 | B209: Platte | C209: Tür | D209: Tür (580x1080) | E209: 580 | F209: 1080 | G209: 278 | H209: 459 | I209: 415 | J209: 709 | L209: =IF(G209="","",ROUND(G209*1.15,0)) -> 320 | M209: =IF(H209="","",ROUND(H209*1.15,0)) -> 528 | N209: =IF(I209="","",ROUND(I209*1.15,0)) -> 477 | O209: =IF(J209="","",ROUND(J209*1.15,0)) -> 815
A210: 5108 | B210: Platte | C210: Tür | D210: Tür (580x1440) | E210: 580 | F210: 1440 | G210: 337 | H210: 560 | I210: 503 | J210: 946 | L210: =IF(G210="","",ROUND(G210*1.15,0)) -> 388 | M210: =IF(H210="","",ROUND(H210*1.15,0)) -> 644 | N210: =IF(I210="","",ROUND(I210*1.15,0)) -> 578 | O210: =IF(J210="","",ROUND(J210*1.15,0)) -> 1088
A211: 5109 | B211: Platte | C211: Tür | D211: Tür (580x1800) | E211: 580 | F211: 1800 | G211: 417 | H211: 821 | I211: 619 | J211: 1164 | L211: =IF(G211="","",ROUND(G211*1.15,0)) -> 480 | M211: =IF(H211="","",ROUND(H211*1.15,0)) -> 944 | N211: =IF(I211="","",ROUND(I211*1.15,0)) -> 712 | O211: =IF(J211="","",ROUND(J211*1.15,0)) -> 1339
A212: 5110 | B212: Platte | C212: Tür | D212: Tür (360x360) | E212: 360 | F212: 360 | G212: 136 | H212: 268 | I212: 237 | J212: 446 | L212: =IF(G212="","",ROUND(G212*1.15,0)) -> 156 | M212: =IF(H212="","",ROUND(H212*1.15,0)) -> 308 | N212: =IF(I212="","",ROUND(I212*1.15,0)) -> 273 | O212: =IF(J212="","",ROUND(J212*1.15,0)) -> 513
A213: 5111 | B213: Platte | C213: Tür | D213: Tür (780x360) | E213: 780 | F213: 360 | I213: 259 | J213: 487 | L213: =IF(G213="","",ROUND(G213*1.15,0)) | M213: =IF(H213="","",ROUND(H213*1.15,0)) | N213: =IF(I213="","",ROUND(I213*1.15,0)) -> 298 | O213: =IF(J213="","",ROUND(J213*1.15,0)) -> 560
A214: 5200 | B214: Platte | C214: Doppeltür | D214: Doppeltür (780x360) | E214: 780 | F214: 360 | G214: 255 | H214: 367 | I214: 334 | J214: 867 | L214: =IF(G214="","",ROUND(G214*1.15,0)) -> 293 | M214: =IF(H214="","",ROUND(H214*1.15,0)) -> 422 | N214: =IF(I214="","",ROUND(I214*1.15,0)) -> 384 | O214: =IF(J214="","",ROUND(J214*1.15,0)) -> 997
A215: 5210 | B215: Platte | C215: Doppeltür | D215: Doppeltür (780x660) | E215: 780 | F215: 660 | G215: 314 | H215: 618 | I215: 423 | J215: 796 | L215: =IF(G215="","",ROUND(G215*1.15,0)) -> 361 | M215: =IF(H215="","",ROUND(H215*1.15,0)) -> 711 | N215: =IF(I215="","",ROUND(I215*1.15,0)) -> 486 | O215: =IF(J215="","",ROUND(J215*1.15,0)) -> 915
...

Sheet Größentabelle
A1: Klappe
A2: K | B2: 420 | C2: 580 | D2: 780 | E2: 980 | I2: Tiefe
A3: 360 | B3: K | C3: K | D3: K | E3: K | I3: 360
A4: 180 | B4: K | C4: K | D4: K | E4: K | I4: 580
A6: Schublade | H6: Tiefe | I6: Höhe | J6: Breite
A7: S | B7: 420 | C7: 580 | D7: 780 | E7: 980 | H7: 360 | I7: 180 | J7: 420
A8: 360 | B8: S | C8: S | D8: S | E8: S | H8: 580 | I8: 360 | J8: 580
A9: 180 | B9: S | C9: S | D9: S | E9: S | I9: 720 | J9: 780
I10: 1080 | J10: 980
I11: 1440
A12: Tür rechts | I12: 1880
A13: TR | B13: 420 | C13: 580
A14: 360 | B14: T | C14: T
A15: 720 | B15: T | C15: T
A16: 1080 | B16: T | C16: T
A17: 1440 | B17: T | C17: T
A18: 1800 | B18: T | C18: T
A21: Tür links
A22: TL | B22: 420 | C22: 580
A23: 360 | B23: T | C23: T
A24: 720 | B24: T | C24: T
A25: 1080 | B25: T | C25: T
A26: 1440 | B26: T | C26: T
A27: 1800 | B27: T | C27: T
A28: Doppeltür
A30: DT | B30: 780 | C30: 980
A31: 360 | B31: DT | C31: DT
A32: 660 | B32: DT | C32: DT
A33: 720 | B33: DT | C33: DT
A34: 1080 | B34: DT | C34: DT
A35: 1440 | B35: DT | C35: DT
A36: 1800 | B36: DT

Sheet Steuerungsdaten
A1: ⚙️ PREISSTEUERUNG — Artmodul
A3: Globale Parameter
A4: Globaler Faktor | B4: 1 | C4: ← Eingabe: z.B. 0.85 = -15% auf alle Preise
A5: CHF-Faktor | B5: 1.15 | C5: ← EUR → CHF Umrechnungskurs
A7: Materialzuordnung
A8: PG1 = MDF | B8: PG2 = Alu | C8: PG3 = Furnier | D8: PG4 = Glas
A10: Kategorie-Faktoren
A11: Kategorie | B11: PG1 Faktor | C11: PG1 Effektiv | D11: PG2 Faktor | E11: PG2 Effektiv | F11: PG3 Faktor | G11: PG3 Effektiv | H11: PG4 Faktor | I11: PG4 Effektiv
A12: Boden | B12: 0.75 | C12: =$B$4*B12 -> 0.75 | D12: 0.66 | E12: =$B$4*D12 -> 0.66 | F12: 0.91 | G12: =$B$4*F12 -> 0.91 | H12: 0.76 | I12: =$B$4*H12 -> 0.76
A13: Seite außen | B13: 0.75 | C13: =$B$4*B13 -> 0.75 | D13: 0.69 | E13: =$B$4*D13 -> 0.69 | F13: 0.99 | G13: =$B$4*F13 -> 0.99 | H13: 0.8 | I13: =$B$4*H13 -> 0.8
A14: Seite außen SY32 | B14: 0.75 | C14: =$B$4*B14 -> 0.75 | D14: 0.69 | E14: =$B$4*D14 -> 0.69 | F14: 0.99 | G14: =$B$4*F14 -> 0.99 | H14: 0.8 | I14: =$B$4*H14 -> 0.8
A15: Rücken | B15: 0.75 | C15: =$B$4*B15 -> 0.75 | D15: 0.71 | E15: =$B$4*D15 -> 0.71 | F15: 1 | G15: =$B$4*F15 -> 1 | H15: 0.8 | I15: =$B$4*H15 -> 0.8
A16: Seite innen | B16: 0.75 | C16: =$B$4*B16 -> 0.75 | D16: 0.69 | E16: =$B$4*D16 -> 0.69 | F16: 0.99 | G16: =$B$4*F16 -> 0.99 | H16: 0.8 | I16: =$B$4*H16 -> 0.8
A17: Seite innen SY32 | B17: 0.75 | C17: =$B$4*B17 -> 0.75 | D17: 0.69 | E17: =$B$4*D17 -> 0.69 | F17: 0.99 | G17: =$B$4*F17 -> 0.99 | H17: 0.8 | I17: =$B$4*H17 -> 0.8
A18: Seite innen SY32 DB | B18: 0.75 | C18: =$B$4*B18 -> 0.75 | D18: 0.69 | E18: =$B$4*D18 -> 0.69 | F18: 0.99 | G18: =$B$4*F18 -> 0.99 | H18: 0.8 | I18: =$B$4*H18 -> 0.8
A19: Fachboden klein | B19: 0.75 | C19: =$B$4*B19 -> 0.75 | D19: 0.66 | E19: =$B$4*D19 -> 0.66 | F19: 0.91 | G19: =$B$4*F19 -> 0.91 | H19: 0.76 | I19: =$B$4*H19 -> 0.76
A20: Fachboden groß | B20: 0.75 | C20: =$B$4*B20 -> 0.75 | D20: 0.66 | E20: =$B$4*D20 -> 0.66 | F20: 0.91 | G20: =$B$4*F20 -> 0.91 | H20: 0.76 | I20: =$B$4*H20 -> 0.76
A21: Klappenboden | B21: 0.75 | C21: =$B$4*B21 -> 0.75 | D21: 0.68 | E21: =$B$4*D21 -> 0.68 | F21: 0.86 | G21: =$B$4*F21 -> 0.86 | H21: 0.78 | I21: =$B$4*H21 -> 0.78
A22: Klappe | B22: 0.88 | C22: =$B$4*B22 -> 0.88 | D22: 0.69 | E22: =$B$4*D22 -> 0.69 | F22: 0.81 | G22: =$B$4*F22 -> 0.81 | H22: 0.73 | I22: =$B$4*H22 -> 0.73
A23: Tür | B23: 0.88 | C23: =$B$4*B23 -> 0.88 | D23: 0.69 | E23: =$B$4*D23 -> 0.69 | F23: 0.89 | G23: =$B$4*F23 -> 0.89 | H23: 0.73 | I23: =$B$4*H23 -> 0.73
... A33: Kleinteile | B33: 0.8 | C33: =$B$4*B33 -> 0.8 | D33: 0.71 | E33: =$B$4*D33 -> 0.71 | F33: 1 | G33: =$B$4*F33 -> 1 | H33: 0.8 | I33: =$B$4*H33 -> 0.8
A35: 💡 Hinweise
A36: Faktor 1.00 = Originalpreis (keine Änderung)
A37: Faktor 0.80 = -20% vom Originalpreis
A38: Faktor 1.15 = +15% auf Originalpreis
A39: Effektiver Faktor = Globaler Faktor × Kategorie-Faktor
A40: Gelb hinterlegte Zellen = editierbare Eingaben
A41: Blaue Schrift = Eingabewerte, Schwarz = berechnete Werte

Sheet Aktiv
A1: ARTMODUL Preisliste – EUR & CHF
A2: Alle Preise exkl. MwSt. | EUR = Euro | CHF = Schweizer Franken | '-' = nicht verfügbar
A3: Artikel | G3: Preis in EUR (exkl. MwSt.) | K3: Preis in CHF (exkl. MwSt.)
A4: Art.-Nr. | B4: Typ | C4: Kategorie | D4: Bezeichnung | E4: Breite (mm) | F4: Tiefe (mm) | G4: PG 1 EUR | H4: PG 2 EUR | I4: PG 3 EUR | J4: PG 4 EUR | K4: PG 1 CHF | L4: PG 2 CHF | M4: PG 3 CHF | N4: PG 4 CHF | O4: PG1_Basis | P4: PG2_Basis | Q4: PG3_Basis | R4: PG4_Basis
A5: Boden
A6: 3000 | B6: Platte | C6: Boden | D6: Boden (360x360) | E6: 360 | F6: 360 | G6: =IF(O6="","",ROUND(O6*Steuerungsdaten!$B$4*IFERROR(VLOOKUP(C6,Steuerungsdaten!$A$12:$B$33,2,FALSE),1),0)) -> 26 | H6: =IF(P6="","",ROUND(P6*Steuerungsdaten!$B$4*IFERROR(VLOOKUP(C6,Steuerungsdaten!$A$12:$D$33,4,FALSE),1),0)) -> 75 | I6: =IF(Q6="","",ROUND(Q6*Steuerungsdaten!$B$4*IFERROR(VLOOKUP(C6,Steuerungsdaten!$A$12:$F$33,6,FALSE),1),0)) -> 81 | J6: =IF(R6="","",ROUND(R6*Steuerungsdaten!$B$4*IFERROR(VLOOKUP(C6,Steuerungsdaten!$A$12:$H$33,8,FALSE),1),0)) -> 135 | K6: =IF(G6="","",ROUND(G6*Steuerungsdaten!$B$5,0)) -> 30 | L6: =IF(H6="","",ROUND(H6*Steuerungsdaten!$B$5,0)) -> 86 | M6: =IF(I6="","",ROUND(I6*Steuerungsdaten!$B$5,0)) -> 93 | N6: =IF(J6="","",ROUND(J6*Steuerungsdaten!$B$5,0)) -> 155 | O6: 34 | P6: 114 | Q6: 89 | R6: 177
A7: 3001 | B7: Platte | C7: Boden | D7: Boden (420x360) | E7: 420 | F7: 360 | G7: =IF(O7="","",ROUND(O7*Steuerungsdaten!$B$4*IFERROR(VLOOKUP(C7,Steuerungsdaten!$A$12:$B$33,2,FALSE),1),0)) -> 26 | H7: =IF(P7="","",ROUND(P7*Steuerungsdaten!$B$4*IFERROR(VLOOKUP(C7,Steuerungsdaten!$A$12:$D$33,4,FALSE),1),0)) -> 80 | I7: =IF(Q7="","",ROUND(Q7*Steuerungsdaten!$B$4*IFERROR(VLOOKUP(C7,Steuerungsdaten!$A$12:$F$33,6,FALSE),1),0)) -> 84 | J7: =IF(R7="","",ROUND(R7*Steuerungsdaten!$B$4*IFERROR(VLOOKUP(C7,Steuerungsdaten!$A$12:$H$33,8,FALSE),1),0)) -> 135 | K7: =IF(G7="","",ROUND(G7*Steuerungsdaten!$B$5,0)) -> 30 | L7: =IF(H7="","",ROUND(H7*Steuerungsdaten!$B$5,0)) -> 92 | M7: =IF(I7="","",ROUND(I7*Steuerungsdaten!$B$5,0)) -> 97 | N7: =IF(J7="","",ROUND(J7*Steuerungsdaten!$B$5,0)) -> 155 | O7: 34 | P7: 121 | Q7: 92 | R7: 178
A8: 3002 | B8: Platte | C8: Boden | D8: Boden (580x360) | E8: 580 | F8: 360 | G8: =IF(O8="","",ROUND(O8*Steuerungsdaten!$B$4*IFERROR(VLOOKUP(C8,Steuerungsdaten!$A$12:$B$33,2,FALSE),1),0)) -> 32 | H8: =IF(P8="","",ROUND(P8*Steuerungsdaten!$B$4*IFERROR(VLOOKUP(C8,Steuerungsdaten!$A$12:$D$33,4,FALSE),1),0)) -> 106 | I8: =IF(Q8="","",ROUND(Q8*Steuerungsdaten!$B$4*IFERROR(VLOOKUP(C8,Steuerungsdaten!$A$12:$F$33,6,FALSE),1),0)) -> 118 | J8: =IF(R8="","",ROUND(R8*Steuerungsdaten!$B$4*IFERROR(VLOOKUP(C8,Steuerungsdaten!$A$12:$H$33,8,FALSE),1),0)) -> 141 | K8: =IF(G8="","",ROUND(G8*Steuerungsdaten!$B$5,0)) -> 37 | L8: =IF(H8="","",ROUND(H8*Steuerungsdaten!$B$5,0)) -> 122 | M8: =IF(I8="","",ROUND(I8*Steuerungsdaten!$B$5,0)) -> 136 | N8: =IF(J8="","",ROUND(J8*Steuerungsdaten!$B$5,0)) -> 162 | O8: 43 | P8: 161 | Q8: 130 | R8: 185
A9: 3003 | B9: Platte | C9: Boden | D9: Boden (780x360) | E9: 780 | F9: 360 | G9: =IF(O9="","",ROUND(O9*Steuerungsdaten!$B$4*IFERROR(VLOOKUP(C9,Steuerungsdaten!$A$12:$B$33,2,FALSE),1),0)) -> 42 | H9: =IF(P9="","",ROUND(P9*Steuerungsdaten!$B$4*IFERROR(VLOOKUP(C9,Steuerungsdaten!$A$12:$D$33,4,FALSE),1),0)) -> 122 | I9: =IF(Q9="","",ROUND(Q9*Steuerungsdaten!$B$4*IFERROR(VLOOKUP(C9,Steuerungsdaten!$A$12:$F$33,6,FALSE),1),0)) -> 131 | J9: =IF(R9="","",ROUND(R9*Steuerungsdaten!$B$4*IFERROR(VLOOKUP(C9,Steuerungsdaten!$A$12:$H$33,8,FALSE),1),0)) -> 144 | K9: =IF(G9="","",ROUND(G9*Steuerungsdaten!$B$5,0)) -> 48 | L9: =IF(H9="","",ROUND(H9*Steuerungsdaten!$B$5,0)) -> 140 | M9: =IF(I9="","",ROUND(I9*Steuerungsdaten!$B$5,0)) -> 151 | N9: =IF(J9="","",ROUND(J9*Steuerungsdaten!$B$5,0)) -> 166 | O9: 56 | P9: 185 | Q9: 144 | R9: 190
A10: 3004 | B10: Platte | C10: Boden | D10: Boden (980x360) | E10: 980 | F10: 360 | G10: =IF(O10="","",ROUND(O10*Steuerungsdaten!$B$4*IFERROR(VLOOKUP(C10,Steuerungsdaten!$A$12:$B$33,2,FALSE),1),0)) -> 53 | H10: =IF(P10="","",ROUND(P10*Steuerungsdaten!$B$4*IFERROR(VLOOKUP(C10,Steuerungsdaten!$A$12:$D$33,4,FALSE),1),0)) -> 147 | I10: =IF(Q10="","",ROUND(Q10*Steuerungsdaten!$B$4*IFERROR(VLOOKUP(C10,Steuerungsdaten!$A$12:$F$33,6,FALSE),1),0)) -> 158 | J10: =IF(R10="","",ROUND(R10*Steuerungsdaten!$B$4*IFERROR(VLOOKUP(C10,Steuerungsdaten!$A$12:$H$33,8,FALSE),1),0)) -> 159 | K10: =IF(G10="","",ROUND(G10*Steuerungsdaten!$B$5,0)) -> 61 | L10: =IF(H10="","",ROUND(H10*Steuerungsdaten!$B$5,0)) -> 169 | M10: =IF(I10="","",ROUND(I10*Steuerungsdaten!$B$5,0)) -> 182 | N10: =IF(J10="","",ROUND(J10*Steuerungsdaten!$B$5,0)) -> 183 | O10: 70 | P10: 223 | Q10: 174 | R10: 209
A11: 3005 | B11: Platte | C11: Boden | D11: Boden (360x580) | E11: 360 | F11: 580 | G11: =IF(O11="","",ROUND(O11*Steuerungsdaten!$B$4*IFERROR(VLOOKUP(C11,Steuerungsdaten!$A$12:$B$33,2,FALSE),1),0)) -> 32 | H11: =IF(P11="","",ROUND(P11*Steuerungsdaten!$B$4*IFERROR(VLOOKUP(C11,Steuerungsdaten!$A$12:$D$33,4,FALSE),1),0)) -> 106 | I11: =IF(Q11="","",ROUND(Q11*Steuerungsdaten!$B$4*IFERROR(VLOOKUP(C11,Steuerungsdaten!$A$12:$F$33,6,FALSE),1),0)) -> 118 | J11: =IF(R11="","",ROUND(R11*Steuerungsdaten!$B$4*IFERROR(VLOOKUP(C11,Steuerungsdaten!$A$12:$H$33,8,FALSE),1),0)) -> 141 | K11: =IF(G11="","",ROUND(G11*Steuerungsdaten!$B$5,0)) -> 37 | L11: =IF(H11="","",ROUND(H11*Steuerungsdaten!$B$5,0)) -> 122 | M11: =IF(I11="","",ROUND(I11*Steuerungsdaten!$B$5,0)) -> 136 | N11: =IF(J11="","",ROUND(J11*Steuerungsdaten!$B$5,0)) -> 162 | O11: 43 | P11: 161 | Q11: 130 | R11: 185
A12: 3006 | B12: Platte | C12: Boden | D12: Boden (420x580) | E12: 420 | F12: 580 | G12: =IF(O12="","",ROUND(O12*Steuerungsdaten!$B$4*IFERROR(VLOOKUP(C12,Steuerungsdaten!$A$12:$B$33,2,FALSE),1),0)) -> 37 | H12: =IF(P12="","",ROUND(P12*Steuerungsdaten!$B$4*IFERROR(VLOOKUP(C12,Steuerungsdaten!$A$12:$D$33,4,FALSE),1),0)) -> 119 | I12: =IF(Q12="","",ROUND(Q12*Steuerungsdaten!$B$4*IFERROR(VLOOKUP(C12,Steuerungsdaten!$A$12:$F$33,6,FALSE),1),0)) -> 134 | J12: =IF(R12="","",ROUND(R12*Steuerungsdaten!$B$4*IFERROR(VLOOKUP(C12,Steuerungsdaten!$A$12:$H$33,8,FALSE),1),0)) -> 141 | K12: =IF(G12="","",ROUND(G12*Steuerungsdaten!$B$5,0)) -> 43 | L12: =IF(H12="","",ROUND(H12*Steuerungsdaten!$B$5,0)) -> 137 | M12: =IF(I12="","",ROUND(I12*Steuerungsdaten!$B$5,0)) -> 154 | N12: =IF(J12="","",ROUND(J12*Steuerungsdaten!$B$5,0)) -> 162 | O12: 49 | P12: 181 | Q12: 147 | R12: 186
A13: 3007 | B13: Platte | C13: Boden | D13: Boden (580x580) | E13: 580 | F13: 580 | G13: =IF(O13="","",ROUND(O13*Steuerungsdaten!$B$4*IFERROR(VLOOKUP(C13,Steuerungsdaten!$A$12:$B$33,2,FALSE),1),0)) -> 50 | H13: =IF(P13="","",ROUND(P13*Steuerungsdaten!$B$4*IFERROR(VLOOKUP(C13,Steuerungsdaten!$A$12:$D$33,4,FALSE),1),0)) -> 150 | I13: =IF(Q13="","",ROUND(Q13*Steuerungsdaten!$B$4*IFERROR(VLOOKUP(C13,Steuerungsdaten!$A$12:$F$33,6,FALSE),1),0)) -> 167 | J13: =IF(R13="","",ROUND(R13*Steuerungsdaten!$B$4*IFERROR(VLOOKUP(C13,Steuerungsdaten!$A$12:$H$33,8,FALSE),1),0)) -> 145 | K13: =IF(G13="","",ROUND(G13*Steuerungsdaten!$B$5,0)) -> 58 | L13: =IF(H13="","",ROUND(H13*Steuerungsdaten!$B$5,0)) -> 173 | M13: =IF(I13="","",ROUND(I13*Steuerungsdaten!$B$5,0)) -> 192 | N13: =IF(J13="","",ROUND(J13*Steuerungsdaten!$B$5,0)) -> 167 | O13: 67 | P13: 228 | Q13: 183 | R13: 191
A14: 3008 | B14: Platte | C14: Boden | D14: Boden (780x580) | E14: 780 | F14: 580 | G14: =IF(O14="","",ROUND(O14*Steuerungsdaten!$B$4*IFERROR(VLOOKUP(C14,Steuerungsdaten!$A$12:$B$33,2,FALSE),1),0)) -> 65 | H14: =IF(P14="","",ROUND(P14*Steuerungsdaten!$B$4*IFERROR(VLOOKUP(C14,Steuerungsdaten!$A$12:$D$33,4,FALSE),1),0)) -> 182 | I14: =IF(Q14="","",ROUND(Q14*Steuerungsdaten!$B$4*IFERROR(VLOOKUP(C14,Steuerungsdaten!$A$12:$F$33,6,FALSE),1),0)) -> 205 | J14: =IF(R14="","",ROUND(R14*Steuerungsdaten!$B$4*IFERROR(VLOOKUP(C14,Steuerungsdaten!$A$12:$H$33,8,FALSE),1),0)) -> 180 | K14: =IF(G14="","",ROUND(G14*Steuerungsdaten!$B$5,0)) -> 75 | L14: =IF(H14="","",ROUND(H14*Steuerungsdaten!$B$5,0)) -> 209 | M14: =IF(I14="","",ROUND(I14*Steuerungsdaten!$B$5,0)) -> 236 | N14: =IF(J14="","",ROUND(J14*Steuerungsdaten!$B$5,0)) -> 207 | O14: 87 | P14: 275 | Q14: 225 | R14: 237
A15: 3009 | B15: Platte | C15: Boden | D15: Boden (980x580) | E15: 980 | F15: 580 | G15: =IF(O15="","",ROUND(O15*Steuerungsdaten!$B$4*IFERROR(VLOOKUP(C15,Steuerungsdaten!$A$12:$B$33,2,FALSE),1),0)) -> 83 | H15: =IF(P15="","",ROUND(P15*Steuerungsdaten!$B$4*IFERROR(VLOOKUP(C15,Steuerungsdaten!$A$12:$D$33,4,FALSE),1),0)) -> 234 | I15: =IF(Q15="","",ROUND(Q15*Steuerungsdaten!$B$4*IFERROR(VLOOKUP(C15,Steuerungsdaten!$A$12:$F$33,6,FALSE),1),0)) -> 260 | J15: =IF(R15="","",ROUND(R15*Steuerungsdaten!$B$4*IFERROR(VLOOKUP(C15,Steuerungsdaten!$A$12:$H$33,8,FALSE),1),0)) -> 210 | K15: =IF(G15="","",ROUND(G15*Steuerungsdaten!$B$5,0)) -> 95 | L15: =IF(H15="","",ROUND(H15*Steuerungsdaten!$B$5,0)) -> 269 | M15: =IF(I15="","",ROUND(I15*Steuerungsdaten!$B$5,0)) -> 299 | N15: =IF(J15="","",ROUND(J15*Steuerungsdaten!$B$5,0)) -> 242 | O15: 110 | P15: 355 | Q15: 286 | R15: 276
A16: 3010 | B16: Platte | C16: Boden | D16: Boden (780x780) | E16: 780 | F16: 780 | G16: =IF(O16="","",ROUND(O16*Steuerungsdaten!$B$4*IFERROR(VLOOKUP(C16,Steuerungsdaten!$A$12:$B$33,2,FALSE),1),0)) -> 85 | H16: =IF(P16="","",ROUND(P16*Steuerungsdaten!$B$4*IFERROR(VLOOKUP(C16,Steuerungsdaten!$A$12:$D$33,4,FALSE),1),0)) -> 199 | I16: =IF(Q16="","",ROUND(Q16*Steuerungsdaten!$B$4*IFERROR(VLOOKUP(C16,Steuerungsdaten!$A$12:$F$33,6,FALSE),1),0)) -> 248 | J16: =IF(R16="","",ROUND(R16*Steuerungsdaten!$B$4*IFERROR(VLOOKUP(C16,Steuerungsdaten!$A$12:$H$33,8,FALSE),1),0)) -> 224 | K16: =IF(G16="","",ROUND(G16*Steuerungsdaten!$B$5,0)) -> 98 | L16: =IF(H16="","",ROUND(H16*Steuerungsdaten!$B$5,0)) -> 229 | M16: =IF(I16="","",ROUND(I16*Steuerungsdaten!$B$5,0)) -> 285 | N16: =IF(J16="","",ROUND(J16*Steuerungsdaten!$B$5,0)) -> 258 | O16: 113 | P16: 302 | Q16: 272 | R16: 295
A17: 3011 | B17: Platte | C17: Boden | D17: Boden (980x780) | E17: 980 | F17: 780 | G17: =IF(O17="","",ROUND(O17*Steuerungsdaten!$B$4*IFERROR(VLOOKUP(C17,Steuerungsdaten!$A$12:$B$33,2,FALSE),1),0)) -> 104 | H17: =IF(P17="","",ROUND(P17*Steuerungsdaten!$B$4*IFERROR(VLOOKUP(C17,Steuerungsdaten!$A$12:$D$33,4,FALSE),1),0)) -> 275 | I17: =IF(Q17="","",ROUND(Q17*Steuerungsdaten!$B$4*IFERROR(VLOOKUP(C17,Steuerungsdaten!$A$12:$F$33,6,FALSE),1),0)) -> 197 | J17: =IF(R17="","",ROUND(R17*Steuerungsdaten!$B$4*IFERROR(VLOOKUP(C17,Steuerungsdaten!$A$12:$H$33,8,FALSE),1),0)) -> 309 | K17: =IF(G17="","",ROUND(G17*Steuerungsdaten!$B$5,0)) -> 120 | L17: =IF(H17="","",ROUND(H17*Steuerungsdaten!$B$5,0)) -> 316 | M17: =IF(I17="","",ROUND(I17*Steuerungsdaten!$B$5,0)) -> 227 | N17: =IF(J17="","",ROUND(J17*Steuerungsdaten!$B$5,0)) -> 355 | O17: 139 | P17: 416 | Q17: 216 | R17: 406
... A20: 3014 | B20: Platte | C20: Boden | D20: Boden (420x980) | E20: 420 | F20: 980 | G20: =IF(O20="","",ROUND(O20*Steuerungsdaten!$B$4*IFERROR(VLOOKUP(C20,Steuerungsdaten!$A$12:$B$33,2,FALSE),1),0)) -> 66 | H20: =IF(P20="","",ROUND(P20*Steuerungsdaten!$B$4*IFERROR(VLOOKUP(C20,Steuerungsdaten!$A$12:$D$33,4,FALSE),1),0)) -> 163 | I20: =IF(Q20="","",ROUND(Q20*Steuerungsdaten!$B$4*IFERROR(VLOOKUP(C20,Steuerungsdaten!$A$12:$F$33,6,FALSE),1),0)) -> 116 | J20: =IF(R20="","",ROUND(R20*Steuerungsdaten!$B$4*IFERROR(VLOOKUP(C20,Steuerungsdaten!$A$12:$H$33,8,FALSE),1),0)) -> 183 | K20: =IF(G20="","",ROUND(G20*Steuerungsdaten!$B$5,0)) -> 76 | L20: =IF(H20="","",ROUND(H20*Steuerungsdaten!$B$5,0)) -> 187 | M20: =IF(I20="","",ROUND(I20*Steuerungsdaten!$B$5,0)) -> 133 | N20: =IF(J20="","",ROUND(J20*Steuerungsdaten!$B$5,0)) -> 210 | O20: 88 | P20: 247 | Q20: 128 | R20: 241
A21: S_0003 | B21: Platte | C21: Boden | D21: Boden (420x420) | E21: 420 | F21: 420 | G21: =IF(O21="","",ROUND(O21*Steuerungsdaten!$B$4*IFERROR(VLOOKUP(C21,Steuerungsdaten!$A$12:$B$33,2,FALSE),1),0)) -> 42 | H21: =IF(P21="","",ROUND(P21*Steuerungsdaten!$B$4*IFERROR(VLOOKUP(C21,Steuerungsdaten!$A$12:$D$33,4,FALSE),1),0)) -> 88 | I21: =IF(Q21="","",ROUND(Q21*Steuerungsdaten!$B$4*IFERROR(VLOOKUP(C21,Steuerungsdaten!$A$12:$F$33,6,FALSE),1),0)) -> 63 | J21: =IF(R21="","",ROUND(R21*Steuerungsdaten!$B$4*IFERROR(VLOOKUP(C21,Steuerungsdaten!$A$12:$H$33,8,FALSE),1),0)) -> 99 | K21: =IF(G21="","",ROUND(G21*Steuerungsdaten!$B$5,0)) -> 48 | L21: =IF(H21="","",ROUND(H21*Steuerungsdaten!$B$5,0)) -> 101 | M21: =IF(I21="","",ROUND(I21*Steuerungsdaten!$B$5,0)) -> 72 | N21: =IF(J21="","",ROUND(J21*Steuerungsdaten!$B$5,0)) -> 114 | O21: 56 | P21: 134 | Q21: 69 | R21: 130
A22: Seite außen
A23: 3100 | B23: Platte | C23: Seite außen | D23: Seite außen (360x180) | E23: 360 | F23: 180 | G23: =IF(O23="","",ROUND(O23*Steuerungsdaten!$B$4*IFERROR(VLOOKUP(C23,Steuerungsdaten!$A$12:$B$33,2,FALSE),1),0)) -> 26 | H23: =IF(P23="","",ROUND(P23*Steuerungsdaten!$B$4*IFERROR(VLOOKUP(C23,Steuerungsdaten!$A$12:$D$33,4,FALSE),1),0)) -> 79 | I23: =IF(Q23="","",ROUND(Q23*Steuerungsdaten!$B$4*IFERROR(VLOOKUP(C23,Steuerungsdaten!$A$12:$F$33,6,FALSE),1),0)) -> 88 | J23: =IF(R23="","",ROUND(R23*Steuerungsdaten!$B$4*IFERROR(VLOOKUP(C23,Steuerungsdaten!$A$12:$H$33,8,FALSE),1),0)) -> 161 | K23: =IF(G23="","",ROUND(G23*Steuerungsdaten!$B$5,0)) -> 30 | L23: =IF(H23="","",ROUND(H23*Steuerungsdaten!$B$5,0)) -> 91 | M23: =IF(I23="","",ROUND(I23*Steuerungsdaten!$B$5,0)) -> 101 | N23: =IF(J23="","",ROUND(J23*Steuerungsdaten!$B$5,0)) -> 185 | O23: 34 | P23: 114 | Q23: 89 | R23: 201
A24: 3101 | B24: Platte | C24: Seite außen | D24: Seite außen (360x360) | E24: 360 | F24: 360 | G24: =IF(O24="","",ROUND(O24*Steuerungsdaten!$B$4*IFERROR(VLOOKUP(C24,Steuerungsdaten!$A$12:$B$33,2,FALSE),1),0)) -> 26 | H24: =IF(P24="","",ROUND(P24*Steuerungsdaten!$B$4*IFERROR(VLOOKUP(C24,Steuerungsdaten!$A$12:$D$33,4,FALSE),1),0)) -> 79 | I24: =IF(Q24="","",ROUND(Q24*Steuerungsdaten!$B$4*IFERROR(VLOOKUP(C24,Steuerungsdaten!$A$12:$F$33,6,FALSE),1),0)) -> 88 | J24: =IF(R24="","",ROUND(R24*Steuerungsdaten!$B$4*IFERROR(VLOOKUP(C24,Steuerungsdaten!$A$12:$H$33,8,FALSE),1),0)) -> 142 | K24: =IF(G24="","",ROUND(G24*Steuerungsdaten!$B$5,0)) -> 30 | L24: =IF(H24="","",ROUND(H24*Steuerungsdaten!$B$5,0)) -> 91 | M24: =IF(I24="","",ROUND(I24*Steuerungsdaten!$B$5,0)) -> 101 | N24: =IF(J24="","",ROUND(J24*Steuerungsdaten!$B$5,0)) -> 163 | O24: 34 | P24: 114 | Q24: 89 | R24: 177
A25: 3102 | B25: Platte | C25: Seite außen | D25: Seite außen (360x720) | E25: 360 | F25: 720 | G25: =IF(O25="","",ROUND(O25*Steuerungsdaten!$B$4*IFERROR(VLOOKUP(C25,Steuerungsdaten!$A$12:$B$33,2,FALSE),1),0)) -> 39 | H25: =IF(P25="","",ROUND(P25*Steuerungsdaten!$B$4*IFERROR(VLOOKUP(C25,Steuerungsdaten!$A$12:$D$33,4,FALSE),1),0)) -> 125 | I25: =IF(Q25="","",ROUND(Q25*Steuerungsdaten!$B$4*IFERROR(VLOOKUP(C25,Steuerungsdaten!$A$12:$F$33,6,FALSE),1),0)) -> 142 | J25: =IF(R25="","",ROUND(R25*Steuerungsdaten!$B$4*IFERROR(VLOOKUP(C25,Steuerungsdaten!$A$12:$H$33,8,FALSE),1),0)) -> 170 | K25: =IF(G25="","",ROUND(G25*Steuerungsdaten!$B$5,0)) -> 45 | L25: =IF(H25="","",ROUND(H25*Steuerungsdaten!$B$5,0)) -> 144 | M25: =IF(I25="","",ROUND(I25*Steuerungsdaten!$B$5,0)) -> 163 | N25: =IF(J25="","",ROUND(J25*Steuerungsdaten!$B$5,0)) -> 196 | O25: 52 | P25: 181 | Q25: 143 | R25: 212
A26: 3103 | B26: Platte | C26: Seite außen | D26: Seite außen (360x1080) | E26: 360 | F26: 1080 | G26: =IF(O26="","",ROUND(O26*Steuerungsdaten!$B$4*IFERROR(VLOOKUP(C26,Steuerungsdaten!$A$12:$B$33,2,FALSE),1),0)) -> 57 | H26: =IF(P26="","",ROUND(P26*Steuerungsdaten!$B$4*IFERROR(VLOOKUP(C26,Steuerungsdaten!$A$12:$D$33,4,FALSE),1),0)) -> 184 | I26: =IF(Q26="","",ROUND(Q26*Steuerungsdaten!$B$4*IFERROR(VLOOKUP(C26,Steuerungsdaten!$A$12:$F$33,6,FALSE),1),0)) -> 220 | J26: =IF(R26="","",ROUND(R26*Steuerungsdaten!$B$4*IFERROR(VLOOKUP(C26,Steuerungsdaten!$A$12:$H$33,8,FALSE),1),0)) -> 192 | K26: =IF(G26="","",ROUND(G26*Steuerungsdaten!$B$5,0)) -> 66 | L26: =IF(H26="","",ROUND(H26*Steuerungsdaten!$B$5,0)) -> 212 | M26: =IF(I26="","",ROUND(I26*Steuerungsdaten!$B$5,0)) -> 253 | N26: =IF(J26="","",ROUND(J26*Steuerungsdaten!$B$5,0)) -> 221 | O26: 76 | P26: 267 | Q26: 222 | R26: 240
A27: 3104 | B27: Platte | C27: Seite außen | D27: Seite außen (360x1440) | E27: 360 | F27: 1440 | G27: =IF(O27="","",ROUND(O27*Steuerungsdaten!$B$4*IFERROR(VLOOKUP(C27,Steuerungsdaten!$A$12:$B$33,2,FALSE),1),0)) -> 75 | H27: =IF(P27="","",ROUND(P27*Steuerungsdaten!$B$4*IFERROR(VLOOKUP(C27,Steuerungsdaten!$A$12:$D$33,4,FALSE),1),0)) -> 232 | I27: =IF(Q27="","",ROUND(Q27*Steuerungsdaten!$B$4*IFERROR(VLOOKUP(C27,Steuerungsdaten!$A$12:$F$33,6,FALSE),1),0)) -> 278 | J27: =IF(R27="","",ROUND(R27*Steuerungsdaten!$B$4*IFERROR(VLOOKUP(C27,Steuerungsdaten!$A$12:$H$33,8,FALSE),1),0)) -> 423 | K27: =IF(G27="","",ROUND(G27*Steuerungsdaten!$B$5,0)) -> 86 | L27: =IF(H27="","",ROUND(H27*Steuerungsdaten!$B$5,0)) -> 267 | M27: =IF(I27="","",ROUND(I27*Steuerungsdaten!$B$5,0)) -> 320 | N27: =IF(J27="","",ROUND(J27*Steuerungsdaten!$B$5,0)) -> 486 | O27: 100 | P27: 336 | Q27: 281 | R27: 529
A28: 3105 | B28: Platte | C28: Seite außen | D28: Seite außen (360x1800) | E28: 360 | F28: 1800 | G28: =IF(O28="","",ROUND(O28*Steuerungsdaten!$B$4*IFERROR(VLOOKUP(C28,Steuerungsdaten!$A$12:$B$33,2,FALSE),1),0)) -> 94 | H28: =IF(P28="","",ROUND(P28*Steuerungsdaten!$B$4*IFERROR(VLOOKUP(C28,Steuerungsdaten!$A$12:$D$33,4,FALSE),1),0)) -> 170 | I28: =IF(Q28="","",ROUND(Q28*Steuerungsdaten!$B$4*IFERROR(VLOOKUP(C28,Steuerungsdaten!$A$12:$F$33,6,FALSE),1),0)) -> 340 | J28: =IF(R28="","",ROUND(R28*Steuerungsdaten!$B$4*IFERROR(VLOOKUP(C28,Steuerungsdaten!$A$12:$H$33,8,FALSE),1),0)) -> 516 | K28: =IF(G28="","",ROUND(G28*Steuerungsdaten!$B$5,0)) -> 108 | L28: =IF(H28="","",ROUND(H28*Steuerungsdaten!$B$5,0)) -> 196 | M28: =IF(I28="","",ROUND(I28*Steuerungsdaten!$B$5,0)) -> 391 | N28: =IF(J28="","",ROUND(J28*Steuerungsdaten!$B$5,0)) -> 593 | O28: 125 | P28: 246 | Q28: 343 | R28: 645
A29: 3106 | B29: Platte | C29: Seite außen | D29: Seite außen (580x180) | E29: 580 | F29: 180 | G29: =IF(O29="","",ROUND(O29*Steuerungsdaten!$B$4*IFERROR(VLOOKUP(C29,Steuerungsdaten!$A$12:$B$33,2,FALSE),1),0)) -> 32 | H29: =IF(P29="","",ROUND(P29*Steuerungsdaten!$B$4*IFERROR(VLOOKUP(C29,Steuerungsdaten!$A$12:$D$33,4,FALSE),1),0)) -> 111 | I29: =IF(Q29="","",ROUND(Q29*Steuerungsdaten!$B$4*IFERROR(VLOOKUP(C29,Steuerungsdaten!$A$12:$F$33,6,FALSE),1),0)) -> 129 | J29: =IF(R29="","",ROUND(R29*Steuerungsdaten!$B$4*IFERROR(VLOOKUP(C29,Steuerungsdaten!$A$12:$H$33,8,FALSE),1),0)) -> 166 | K29: =IF(G29="","",ROUND(G29*Steuerungsdaten!$B$5,0)) -> 37 | L29: =IF(H29="","",ROUND(H29*Steuerungsdaten!$B$5,0)) -> 128 | M29: =IF(I29="","",ROUND(I29*Steuerungsdaten!$B$5,0)) -> 148 | N29: =IF(J29="","",ROUND(J29*Steuerungsdaten!$B$5,0)) -> 191 | O29: 43 | P29: 161 | Q29: 130 | R29: 208
A30: 3107 | B30: Platte | C30: Seite außen | D30: Seite außen (580x360) | E30: 580 | F30: 360 | G30: =IF(O30="","",ROUND(O30*Steuerungsdaten!$B$4*IFERROR(VLOOKUP(C30,Steuerungsdaten!$A$12:$B$33,2,FALSE),1),0)) -> 32 | H30: =IF(P30="","",ROUND(P30*Steuerungsdaten!$B$4*IFERROR(VLOOKUP(C30,Steuerungsdaten!$A$12:$D$33,4,FALSE),1),0)) -> 111 | I30: =IF(Q30="","",ROUND(Q30*Steuerungsdaten!$B$4*IFERROR(VLOOKUP(C30,Steuerungsdaten!$A$12:$F$33,6,FALSE),1),0)) -> 129 | J30: =IF(R30="","",ROUND(R30*Steuerungsdaten!$B$4*IFERROR(VLOOKUP(C30,Steuerungsdaten!$A$12:$H$33,8,FALSE),1),0)) -> 148 | K30: =IF(G30="","",ROUND(G30*Steuerungsdaten!$B$5,0)) -> 37 | L30: =IF(H30="","",ROUND(H30*Steuerungsdaten!$B$5,0)) -> 128 | M30: =IF(I30="","",ROUND(I30*Steuerungsdaten!$B$5,0)) -> 148 | N30: =IF(J30="","",ROUND(J30*Steuerungsdaten!$B$5,0)) -> 170 | O30: 43 | P30: 161 | Q30: 130 | R30: 185
A31: 3108 | B31: Platte | C31: Seite außen | D31: Seite außen (580x720) | E31: 580 | F31: 720 | G31: =IF(O31="","",ROUND(O31*Steuerungsdaten!$B$4*IFERROR(VLOOKUP(C31,Steuerungsdaten!$A$12:$B$33,2,FALSE),1),0)) -> 62 | H31: =IF(P31="","",ROUND(P31*Steuerungsdaten!$B$4*IFERROR(VLOOKUP(C31,Steuerungsdaten!$A$12:$D$33,4,FALSE),1),0)) -> 181 | I31: =IF(Q31="","",ROUND(Q31*Steuerungsdaten!$B$4*IFERROR(VLOOKUP(C31,Steuerungsdaten!$A$12:$F$33,6,FALSE),1),0)) -> 214 | J31: =IF(R31="","",ROUND(R31*Steuerungsdaten!$B$4*IFERROR(VLOOKUP(C31,Steuerungsdaten!$A$12:$H$33,8,FALSE),1),0)) -> 196 | K31: =IF(G31="","",ROUND(G31*Steuerungsdaten!$B$5,0)) -> 71 | L31: =IF(H31="","",ROUND(H31*Steuerungsdaten!$B$5,0)) -> 208 | M31: =IF(I31="","",ROUND(I31*Steuerungsdaten!$B$5,0)) -> 246 | N31: =IF(J31="","",ROUND(J31*Steuerungsdaten!$B$5,0)) -> 225 | O31: 82 | P31: 262 | Q31: 216 | R31: 245
A32: 3109 | B32: Platte | C32: Seite außen | D32: Seite außen (580x1080) | E32: 580 | F32: 1080 | G32: =IF(O32="","",ROUND(O32*Steuerungsdaten!$B$4*IFERROR(VLOOKUP(C32,Steuerungsdaten!$A$12:$B$33,2,FALSE),1),0)) -> 89 | H32: =IF(P32="","",ROUND(P32*Steuerungsdaten!$B$4*IFERROR(VLOOKUP(C32,Steuerungsdaten!$A$12:$D$33,4,FALSE),1),0)) -> 260 | I32: =IF(Q32="","",ROUND(Q32*Steuerungsdaten!$B$4*IFERROR(VLOOKUP(C32,Steuerungsdaten!$A$12:$F$33,6,FALSE),1),0)) -> 297 | J32: =IF(R32="","",ROUND(R32*Steuerungsdaten!$B$4*IFERROR(VLOOKUP(C32,Steuerungsdaten!$A$12:$H$33,8,FALSE),1),0)) -> 246 | K32: =IF(G32="","",ROUND(G32*Steuerungsdaten!$B$5,0)) -> 102 | L32: =IF(H32="","",ROUND(H32*Steuerungsdaten!$B$5,0)) -> 299 | M32: =IF(I32="","",ROUND(I32*Steuerungsdaten!$B$5,0)) -> 342 | N32: =IF(J32="","",ROUND(J32*Steuerungsdaten!$B$5,0)) -> 283 | O32: 119 | P32: 377 | Q32: 300 | R32: 307
A33: 3110 | B33: Platte | C33: Seite außen | D33: Seite außen (580x1440) | E33: 580 | F33: 1440 | G33: =IF(O33="","",ROUND(O33*Steuerungsdaten!$B$4*IFERROR(VLOOKUP(C33,Steuerungsdaten!$A$12:$B$33,2,FALSE),1),0)) -> 119 | H33: =IF(P33="","",ROUND(P33*Steuerungsdaten!$B$4*IFERROR(VLOOKUP(C33,Steuerungsdaten!$A$12:$D$33,4,FALSE),1),0)) -> 334 | I33: =IF(Q33="","",ROUND(Q33*Steuerungsdaten!$B$4*IFERROR(VLOOKUP(C33,Steuerungsdaten!$A$12:$F$33,6,FALSE),1),0)) -> 396 | J33: =IF(R33="","",ROUND(R33*Steuerungsdaten!$B$4*IFERROR(VLOOKUP(C33,Steuerungsdaten!$A$12:$H$33,8,FALSE),1),0)) -> 602 | K33: =IF(G33="","",ROUND(G33*Steuerungsdaten!$B$5,0)) -> 137 | L33: =IF(H33="","",ROUND(H33*Steuerungsdaten!$B$5,0)) -> 384 | M33: =IF(I33="","",ROUND(I33*Steuerungsdaten!$B$5,0)) -> 455 | N33: =IF(J33="","",ROUND(J33*Steuerungsdaten!$B$5,0)) -> 692 | O33: 158 | P33: 484 | Q33: 400 | R33: 752
A34: 3111 | B34: Platte | C34: Seite außen | D34: Seite außen (580x1800) | E34: 580 | F34: 1800 | G34: =IF(O34="","",ROUND(O34*Steuerungsdaten!$B$4*IFERROR(VLOOKUP(C34,Steuerungsdaten!$A$12:$B$33,2,FALSE),1),0)) -> 148 | H34: =IF(P34="","",ROUND(P34*Steuerungsdaten!$B$4*IFERROR(VLOOKUP(C34,Steuerungsdaten!$A$12:$D$33,4,FALSE),1),0)) -> 268 | I34: =IF(Q34="","",ROUND(Q34*Steuerungsdaten!$B$4*IFERROR(VLOOKUP(C34,Steuerungsdaten!$A$12:$F$33,6,FALSE),1),0)) -> 462 | J34: =IF(R34="","",ROUND(R34*Steuerungsdaten!$B$4*IFERROR(VLOOKUP(C34,Steuerungsdaten!$A$12:$H$33,8,FALSE),1),0)) -> 703 | K34: =IF(G34="","",ROUND(G34*Steuerungsdaten!$B$5,0)) -> 170 | L34: =IF(H34="","",ROUND(H34*Steuerungsdaten!$B$5,0)) -> 308 | M34: =IF(I34="","",ROUND(I34*Steuerungsdaten!$B$5,0)) -> 531 | N34: =IF(J34="","",ROUND(J34*Steuerungsdaten!$B$5,0)) -> 808 | O34: 197 | P34: 388 | Q34: 467 | R34: 879
... A47: 3124 | B47: Platte | C47: Seite außen | D47: Seite außen (580x580) | E47: 580 | F47: 580 | G47: =IF(O47="","",ROUND(O47*Steuerungsdaten!$B$4*IFERROR(VLOOKUP(C47,Steuerungsdaten!$A$12:$B$33,2,FALSE),1),0)) -> 50 | H47: =IF(P47="","",ROUND(P47*Steuerungsdaten!$B$4*IFERROR(VLOOKUP(C47,Steuerungsdaten!$A$12:$D$33,4,FALSE),1),0)) -> 157 | I47: =IF(Q47="","",ROUND(Q47*Steuerungsdaten!$B$4*IFERROR(VLOOKUP(C47,Steuerungsdaten!$A$12:$F$33,6,FALSE),1),0)) -> 181 | J47: =IF(R47="","",ROUND(R47*Steuerungsdaten!$B$4*IFERROR(VLOOKUP(C47,Steuerungsdaten!$A$12:$H$33,8,FALSE),1),0)) -> 153 | K47: =IF(G47="","",ROUND(G47*Steuerungsdaten!$B$5,0)) -> 58 | L47: =IF(H47="","",ROUND(H47*Steuerungsdaten!$B$5,0)) -> 181 | M47: =IF(I47="","",ROUND(I47*Steuerungsdaten!$B$5,0)) -> 208 | N47: =IF(J47="","",ROUND(J47*Steuerungsdaten!$B$5,0)) -> 176 | O47: 67 | P47: 228 | Q47: 183 | R47: 191
A48: S_0020 | B48: Platte | C48: Seite außen | D48: Seite außen (660x360) | E48: 660 | F48: 360 | G48: =IF(O48="","",ROUND(O48*Steuerungsdaten!$B$4*IFERROR(VLOOKUP(C48,Steuerungsdaten!$A$12:$B$33,2,FALSE),1),0)) -> 122 | H48: =IF(P48="","",ROUND(P48*Steuerungsdaten!$B$4*IFERROR(VLOOKUP(C48,Steuerungsdaten!$A$12:$D$33,4,FALSE),1),0)) -> 220 | I48: =IF(Q48="","",ROUND(Q48*Steuerungsdaten!$B$4*IFERROR(VLOOKUP(C48,Steuerungsdaten!$A$12:$F$33,6,FALSE),1),0)) -> 163 | J48: =IF(R48="","",ROUND(R48*Steuerungsdaten!$B$4*IFERROR(VLOOKUP(C48,Steuerungsdaten!$A$12:$H$33,8,FALSE),1),0)) -> 248 | K48: =IF(G48="","",ROUND(G48*Steuerungsdaten!$B$5,0)) -> 140 | L48: =IF(H48="","",ROUND(H48*Steuerungsdaten!$B$5,0)) -> 253 | M48: =IF(I48="","",ROUND(I48*Steuerungsdaten!$B$5,0)) -> 187 | N48: =IF(J48="","",ROUND(J48*Steuerungsdaten!$B$5,0)) -> 285 | O48: 162 | P48: 319 | Q48: 165 | R48: 310
A49: Seite außen SY32
A50: 3200 | B50: Platte | C50: Seite außen SY32 | D50: Seite außen SY32 (360x360) | E50: 360 | F50: 360 | G50: =IF(O50="","",ROUND(O50*Steuerungsdaten!$B$4*IFERROR(VLOOKUP(C50,Steuerungsdaten!$A$12:$B$33,2,FALSE),1),0)) -> 26 | H50: =IF(P50="","",ROUND(P50*Steuerungsdaten!$B$4*IFERROR(VLOOKUP(C50,Steuerungsdaten!$A$12:$D$33,4,FALSE),1),0)) -> 79 | I50: =IF(Q50="","",ROUND(Q50*Steuerungsdaten!$B$4*IFERROR(VLOOKUP(C50,Steuerungsdaten!$A$12:$F$33,6,FALSE),1),0)) -> 88 | J50: =IF(R50="","",ROUND(R50*Steuerungsdaten!$B$4*IFERROR(VLOOKUP(C50,Steuerungsdaten!$A$12:$H$33,8,FALSE),1),0)) -> 142 | K50: =IF(G50="","",ROUND(G50*Steuerungsdaten!$B$5,0)) -> 30 | L50: =IF(H50="","",ROUND(H50*Steuerungsdaten!$B$5,0)) -> 91 | M50: =IF(I50="","",ROUND(I50*Steuerungsdaten!$B$5,0)) -> 101 | N50: =IF(J50="","",ROUND(J50*Steuerungsdaten!$B$5,0)) -> 163 | O50: 34 | P50: 114 | Q50: 89 | R50: 177
A51: 3201 | B51: Platte | C51: Seite außen SY32 | D51: Seite außen SY32 (360x720) | E51: 360 | F51: 720 | G51: =IF(O51="","",ROUND(O51*Steuerungsdaten!$B$4*IFERROR(VLOOKUP(C51,Steuerungsdaten!$A$12:$B$33,2,FALSE),1),0)) -> 39 | H51: =IF(P51="","",ROUND(P51*Steuerungsdaten!$B$4*IFERROR(VLOOKUP(C51,Steuerungsdaten!$A$12:$D$33,4,FALSE),1),0)) -> 125 | I51: =IF(Q51="","",ROUND(Q51*Steuerungsdaten!$B$4*IFERROR(VLOOKUP(C51,Steuerungsdaten!$A$12:$F$33,6,FALSE),1),0)) -> 142 | J51: =IF(R51="","",ROUND(R51*Steuerungsdaten!$B$4*IFERROR(VLOOKUP(C51,Steuerungsdaten!$A$12:$H$33,8,FALSE),1),0)) -> 170 | K51: =IF(G51="","",ROUND(G51*Steuerungsdaten!$B$5,0)) -> 45 | L51: =IF(H51="","",ROUND(H51*Steuerungsdaten!$B$5,0)) -> 144 | M51: =IF(I51="","",ROUND(I51*Steuerungsdaten!$B$5,0)) -> 163 | N51: =IF(J51="","",ROUND(J51*Steuerungsdaten!$B$5,0)) -> 196 | O51: 52 | P51: 181 | Q51: 143 | R51: 212
A52: 3202 | B52: Platte | C52: Seite außen SY32 | D52: Seite außen SY32 (360x1080) | E52: 360 | F52: 1080 | G52: =IF(O52="","",ROUND(O52*Steuerungsdaten!$B$4*IFERROR(VLOOKUP(C52,Steuerungsdaten!$A$12:$B$33,2,FALSE),1),0)) -> 57 | H52: =IF(P52="","",ROUND(P52*Steuerungsdaten!$B$4*IFERROR(VLOOKUP(C52,Steuerungsdaten!$A$12:$D$33,4,FALSE),1),0)) -> 184 | I52: =IF(Q52="","",ROUND(Q52*Steuerungsdaten!$B$4*IFERROR(VLOOKUP(C52,Steuerungsdaten!$A$12:$F$33,6,FALSE),1),0)) -> 220 | J52: =IF(R52="","",ROUND(R52*Steuerungsdaten!$B$4*IFERROR(VLOOKUP(C52,Steuerungsdaten!$A$12:$H$33,8,FALSE),1),0)) -> 192 | K52: =IF(G52="","",ROUND(G52*Steuerungsdaten!$B$5,0)) -> 66 | L52: =IF(H52="","",ROUND(H52*Steuerungsdaten!$B$5,0)) -> 212 | M52: =IF(I52="","",ROUND(I52*Steuerungsdaten!$B$5,0)) -> 253 | N52: =IF(J52="","",ROUND(J52*Steuerungsdaten!$B$5,0)) -> 221 | O52: 76 | P52: 267 | Q52: 222 | R52: 240
A53: 3203 | B53: Platte | C53: Seite außen SY32 | D53: Seite außen SY32 (360x1440) | E53: 360 | F53: 1440 | G53: =IF(O53="","",ROUND(O53*Steuerungsdaten!$B$4*IFERROR(VLOOKUP(C53,Steuerungsdaten!$A$12:$B$33,2,FALSE),1),0)) -> 75 | H53: =IF(P53="","",ROUND(P53*Steuerungsdaten!$B$4*IFERROR(VLOOKUP(C53,Steuerungsdaten!$A$12:$D$33,4,FALSE),1),0)) -> 232 | I53: =IF(Q53="","",ROUND(Q53*Steuerungsdaten!$B$4*IFERROR(VLOOKUP(C53,Steuerungsdaten!$A$12:$F$33,6,FALSE),1),0)) -> 278 | J53: =IF(R53="","",ROUND(R53*Steuerungsdaten!$B$4*IFERROR(VLOOKUP(C53,Steuerungsdaten!$A$12:$H$33,8,FALSE),1),0)) -> 423 | K53: =IF(G53="","",ROUND(G53*Steuerungsdaten!$B$5,0)) -> 86 | L53: =IF(H53="","",ROUND(H53*Steuerungsdaten!$B$5,0)) -> 267 | M53: =IF(I53="","",ROUND(I53*Steuerungsdaten!$B$5,0)) -> 320 | N53: =IF(J53="","",ROUND(J53*Steuerungsdaten!$B$5,0)) -> 486 | O53: 100 | P53: 336 | Q53: 281 | R53: 529
A54: 3204 | B54: Platte | C54: Seite außen SY32 | D54: Seite außen SY32 (360x1800) | E54: 360 | F54: 1800 | G54: =IF(O54="","",ROUND(O54*Steuerungsdaten!$B$4*IFERROR(VLOOKUP(C54,Steuerungsdaten!$A$12:$B$33,2,FALSE),1),0)) -> 94 | H54: =IF(P54="","",ROUND(P54*Steuerungsdaten!$B$4*IFERROR(VLOOKUP(C54,Steuerungsdaten!$A$12:$D$33,4,FALSE),1),0)) -> 170 | I54: =IF(Q54="","",ROUND(Q54*Steuerungsdaten!$B$4*IFERROR(VLOOKUP(C54,Steuerungsdaten!$A$12:$F$33,6,FALSE),1),0)) -> 340 | J54: =IF(R54="","",ROUND(R54*Steuerungsdaten!$B$4*IFERROR(VLOOKUP(C54,Steuerungsdaten!$A$12:$H$33,8,FALSE),1),0)) -> 516 | K54: =IF(G54="","",ROUND(G54*Steuerungsdaten!$B$5,0)) -> 108 | L54: =IF(H54="","",ROUND(H54*Steuerungsdaten!$B$5,0)) -> 196 | M54: =IF(I54="","",ROUND(I54*Steuerungsdaten!$B$5,0)) -> 391 | N54: =IF(J54="","",ROUND(J54*Steuerungsdaten!$B$5,0)) -> 593 | O54: 125 | P54: 246 | Q54: 343 | R54: 645
A55: 3205 | B55: Platte | C55: Seite außen SY32 | D55: Seite außen SY32 (580x360) | E55: 580 | F55: 360 | G55: =IF(O55="","",ROUND(O55*Steuerungsdaten!$B$4*IFERROR(VLOOKUP(C55,Steuerungsdaten!$A$12:$B$33,2,FALSE),1),0)) -> 32 | H55: =IF(P55="","",ROUND(P55*Steuerungsdaten!$B$4*IFERROR(VLOOKUP(C55,Steuerungsdaten!$A$12:$D$33,4,FALSE),1),0)) -> 111 | I55: =IF(Q55="","",ROUND(Q55*Steuerungsdaten!$B$4*IFERROR(VLOOKUP(C55,Steuerungsdaten!$A$12:$F$33,6,FALSE),1),0)) -> 129 | J55: =IF(R55="","",ROUND(R55*Steuerungsdaten!$B$4*IFERROR(VLOOKUP(C55,Steuerungsdaten!$A$12:$H$33,8,FALSE),1),0)) -> 148 | K55: =IF(G55="","",ROUND(G55*Steuerungsdaten!$B$5,0)) -> 37 | L55: =IF(H55="","",ROUND(H55*Steuerungsdaten!$B$5,0)) -> 128 | M55: =IF(I55="","",ROUND(I55*Steuerungsdaten!$B$5,0)) -> 148 | N55: =IF(J55="","",ROUND(J55*Steuerungsdaten!$B$5,0)) -> 170 | O55: 43 | P55: 161 | Q55: 130 | R55: 185
A56: 3206 | B56: Platte | C56: Seite außen SY32 | D56: Seite außen SY32 (580x720) | E56: 580 | F56: 720 | G56: =IF(O56="","",ROUND(O56*Steuerungsdaten!$B$4*IFERROR(VLOOKUP(C56,Steuerungsdaten!$A$12:$B$33,2,FALSE),1),0)) -> 62 | H56: =IF(P56="","",ROUND(P56*Steuerungsdaten!$B$4*IFERROR(VLOOKUP(C56,Steuerungsdaten!$A$12:$D$33,4,FALSE),1),0)) -> 181 | I56: =IF(Q56="","",ROUND(Q56*Steuerungsdaten!$B$4*IFERROR(VLOOKUP(C56,Steuerungsdaten!$A$12:$F$33,6,FALSE),1),0)) -> 214 | J56: =IF(R56="","",ROUND(R56*Steuerungsdaten!$B$4*IFERROR(VLOOKUP(C56,Steuerungsdaten!$A$12:$H$33,8,FALSE),1),0)) -> 196 | K56: =IF(G56="","",ROUND(G56*Steuerungsdaten!$B$5,0)) -> 71 | L56: =IF(H56="","",ROUND(H56*Steuerungsdaten!$B$5,0)) -> 208 | M56: =IF(I56="","",ROUND(I56*Steuerungsdaten!$B$5,0)) -> 246 | N56: =IF(J56="","",ROUND(J56*Steuerungsdaten!$B$5,0)) -> 225 | O56: 82 | P56: 262 | Q56: 216 | R56: 245
A57: 3207 | B57: Platte | C57: Seite außen SY32 | D57: Seite außen SY32 (580x1080) | E57: 580 | F57: 1080 | G57: =IF(O57="","",ROUND(O57*Steuerungsdaten!$B$4*IFERROR(VLOOKUP(C57,Steuerungsdaten!$A$12:$B$33,2,FALSE),1),0)) -> 89 | H57: =IF(P57="","",ROUND(P57*Steuerungsdaten!$B$4*IFERROR(VLOOKUP(C57,Steuerungsdaten!$A$12:$D$33,4,FALSE),1),0)) -> 260 | I57: =IF(Q57="","",ROUND(Q57*Steuerungsdaten!$B$4*IFERROR(VLOOKUP(C57,Steuerungsdaten!$A$12:$F$33,6,FALSE),1),0)) -> 297 | J57: =IF(R57="","",ROUND(R57*Steuerungsdaten!$B$4*IFERROR(VLOOKUP(C57,Steuerungsdaten!$A$12:$H$33,8,FALSE),1),0)) -> 246 | K57: =IF(G57="","",ROUND(G57*Steuerungsdaten!$B$5,0)) -> 102 | L57: =IF(H57="","",ROUND(H57*Steuerungsdaten!$B$5,0)) -> 299 | M57: =IF(I57="","",ROUND(I57*Steuerungsdaten!$B$5,0)) -> 342 | N57: =IF(J57="","",ROUND(J57*Steuerungsdaten!$B$5,0)) -> 283 | O57: 119 | P57: 377 | Q57: 300 | R57: 307
A58: 3208 | B58: Platte | C58: Seite außen SY32 | D58: Seite außen SY32 (580x1440) | E58: 580 | F58: 1440 | G58: =IF(O58="","",ROUND(O58*Steuerungsdaten!$B$4*IFERROR(VLOOKUP(C58,Steuerungsdaten!$A$12:$B$33,2,FALSE),1),0)) -> 119 | H58: =IF(P58="","",ROUND(P58*Steuerungsdaten!$B$4*IFERROR(VLOOKUP(C58,Steuerungsdaten!$A$12:$D$33,4,FALSE),1),0)) -> 334 | I58: =IF(Q58="","",ROUND(Q58*Steuerungsdaten!$B$4*IFERROR(VLOOKUP(C58,Steuerungsdaten!$A$12:$F$33,6,FALSE),1),0)) -> 396 | J58: =IF(R58="","",ROUND(R58*Steuerungsdaten!$B$4*IFERROR(VLOOKUP(C58,Steuerungsdaten!$A$12:$H$33,8,FALSE),1),0)) -> 602 | K58: =IF(G58="","",ROUND(G58*Steuerungsdaten!$B$5,0)) -> 137 | L58: =IF(H58="","",ROUND(H58*Steuerungsdaten!$B$5,0)) -> 384 | M58: =IF(I58="","",ROUND(I58*Steuerungsdaten!$B$5,0)) -> 455 | N58: =IF(J58="","",ROUND(J58*Steuerungsdaten!$B$5,0)) -> 692 | O58: 158 | P58: 484 | Q58: 400 | R58: 752
A59: 3209 | B59: Platte | C59: Seite außen SY32 | D59: Seite außen SY32 (580x1800) | E59: 580 | F59: 1800 | G59: =IF(O59="","",ROUND(O59*Steuerungsdaten!$B$4*IFERROR(VLOOKUP(C59,Steuerungsdaten!$A$12:$B$33,2,FALSE),1),0)) -> 148 | H59: =IF(P59="","",ROUND(P59*Steuerungsdaten!$B$4*IFERROR(VLOOKUP(C59,Steuerungsdaten!$A$12:$D$33,4,FALSE),1),0)) -> 268 | I59: =IF(Q59="","",ROUND(Q59*Steuerungsdaten!$B$4*IFERROR(VLOOKUP(C59,Steuerungsdaten!$A$12:$F$33,6,FALSE),1),0)) -> 462 | J59: =IF(R59="","",ROUND(R59*Steuerungsdaten!$B$4*IFERROR(VLOOKUP(C59,Steuerungsdaten!$A$12:$H$33,8,FALSE),1),0)) -> 703 | K59: =IF(G59="","",ROUND(G59*Steuerungsdaten!$B$5,0)) -> 170 | L59: =IF(H59="","",ROUND(H59*Steuerungsdaten!$B$5,0)) -> 308 | M59: =IF(I59="","",ROUND(I59*Steuerungsdaten!$B$5,0)) -> 531 | N59: =IF(J59="","",ROUND(J59*Steuerungsdaten!$B$5,0)) -> 808 | O59: 197 | P59: 388 | Q59: 467 | R59: 879
A60: 3210 | B60: Platte | C60: Seite außen SY32 | D60: Seite außen SY32 (180x780) | E60: 180 | F60: 780 | G60: =IF(O60="","",ROUND(O60*Steuerungsdaten!$B$4*IFERROR(VLOOKUP(C60,Steuerungsdaten!$A$12:$B$33,2,FALSE),1),0)) -> 42 | H60: =IF(P60="","",ROUND(P60*Steuerungsdaten!$B$4*IFERROR(VLOOKUP(C60,Steuerungsdaten!$A$12:$D$33,4,FALSE),1),0)) -> 128 | I60: =IF(Q60="","",ROUND(Q60*Steuerungsdaten!$B$4*IFERROR(VLOOKUP(C60,Steuerungsdaten!$A$12:$F$33,6,FALSE),1),0)) -> 143 | J60: =IF(R60="","",ROUND(R60*Steuerungsdaten!$B$4*IFERROR(VLOOKUP(C60,Steuerungsdaten!$A$12:$H$33,8,FALSE),1),0)) -> 170 | K60: =IF(G60="","",ROUND(G60*Steuerungsdaten!$B$5,0)) -> 48 | L60: =IF(H60="","",ROUND(H60*Steuerungsdaten!$B$5,0)) -> 147 | M60: =IF(I60="","",ROUND(I60*Steuerungsdaten!$B$5,0)) -> 164 | N60: =IF(J60="","",ROUND(J60*Steuerungsdaten!$B$5,0)) -> 196 | O60: 56 | P60: 185 | Q60: 144 | R60: 212
A61: 3211 | B61: Platte | C61: Seite außen SY32 | D61: Seite außen SY32 (180x980) | E61: 180 | F61: 980 | G61: =IF(O61="","",ROUND(O61*Steuerungsdaten!$B$4*IFERROR(VLOOKUP(C61,Steuerungsdaten!$A$12:$B$33,2,FALSE),1),0)) -> 53 | H61: =IF(P61="","",ROUND(P61*Steuerungsdaten!$B$4*IFERROR(VLOOKUP(C61,Steuerungsdaten!$A$12:$D$33,4,FALSE),1),0)) -> 154 | I61: =IF(Q61="","",ROUND(Q61*Steuerungsdaten!$B$4*IFERROR(VLOOKUP(C61,Steuerungsdaten!$A$12:$F$33,6,FALSE),1),0)) -> 172 | J61: =IF(R61="","",ROUND(R61*Steuerungsdaten!$B$4*IFERROR(VLOOKUP(C61,Steuerungsdaten!$A$12:$H$33,8,FALSE),1),0)) -> 183 | K61: =IF(G61="","",ROUND(G61*Steuerungsdaten!$B$5,0)) -> 61 | L61: =IF(H61="","",ROUND(H61*Steuerungsdaten!$B$5,0)) -> 177 | M61: =IF(I61="","",ROUND(I61*Steuerungsdaten!$B$5,0)) -> 198 | N61: =IF(J61="","",ROUND(J61*Steuerungsdaten!$B$5,0)) -> 210 | O61: 70 | P61: 223 | Q61: 174 | R61: 229
... A71: 3221 | B71: Platte | C71: Seite außen SY32 | D71: Seite außen SY32 (1800x980) | E71: 1800 | F71: 980 | G71: =IF(O71="","",ROUND(O71*Steuerungsdaten!$B$4*IFERROR(VLOOKUP(C71,Steuerungsdaten!$A$12:$B$33,2,FALSE),1),0)) -> 247 | H71: =IF(P71="","",ROUND(P71*Steuerungsdaten!$B$4*IFERROR(VLOOKUP(C71,Steuerungsdaten!$A$12:$D$33,4,FALSE),1),0)) -> 447 | I71: =IF(Q71="","",ROUND(Q71*Steuerungsdaten!$B$4*IFERROR(VLOOKUP(C71,Steuerungsdaten!$A$12:$F$33,6,FALSE),1),0)) -> 745 | J71: =IF(R71="","",ROUND(R71*Steuerungsdaten!$B$4*IFERROR(VLOOKUP(C71,Steuerungsdaten!$A$12:$H$33,8,FALSE),1),0)) -> 1134 | K71: =IF(G71="","",ROUND(G71*Steuerungsdaten!$B$5,0)) -> 284 | L71: =IF(H71="","",ROUND(H71*Steuerungsdaten!$B$5,0)) -> 514 | M71: =IF(I71="","",ROUND(I71*Steuerungsdaten!$B$5,0)) -> 857 | N71: =IF(J71="","",ROUND(J71*Steuerungsdaten!$B$5,0)) -> 1304 | O71: 329 | P71: 648 | Q71: 753 | R71: 1417
A72: Rücken
A73: 3300 | B73: Platte | C73: Rücken | D73: Rücken (360x180) | E73: 360 | F73: 180 | G73: =IF(O73="","",ROUND(O73*Steuerungsdaten!$B$4*IFERROR(VLOOKUP(C73,Steuerungsdaten!$A$12:$B$33,2,FALSE),1),0)) -> 26 | H73: =IF(P73="","",ROUND(P73*Steuerungsdaten!$B$4*IFERROR(VLOOKUP(C73,Steuerungsdaten!$A$12:$D$33,4,FALSE),1),0)) -> 81 | I73: =IF(Q73="","",ROUND(Q73*Steuerungsdaten!$B$4*IFERROR(VLOOKUP(C73,Steuerungsdaten!$A$12:$F$33,6,FALSE),1),0)) -> 89 | J73: =IF(R73="","",ROUND(R73*Steuerungsdaten!$B$4*IFERROR(VLOOKUP(C73,Steuerungsdaten!$A$12:$H$33,8,FALSE),1),0)) -> 161 | K73: =IF(G73="","",ROUND(G73*Steuerungsdaten!$B$5,0)) -> 30 | L73: =IF(H73="","",ROUND(H73*Steuerungsdaten!$B$5,0)) -> 93 | M73: =IF(I73="","",ROUND(I73*Steuerungsdaten!$B$5,0)) -> 102 | N73: =IF(J73="","",ROUND(J73*Steuerungsdaten!$B$5,0)) -> 185 | O73: 34 | P73: 114 | Q73: 89 | R73: 201
A74: 3301 | B74: Platte | C74: Rücken | D74: Rücken (420x180) | E74: 420 | F74: 180 | G74: =IF(O74="","",ROUND(O74*Steuerungsdaten!$B$4*IFERROR(VLOOKUP(C74,Steuerungsdaten!$A$12:$B$33,2,FALSE),1),0)) -> 26 | H74: =IF(P74="","",ROUND(P74*Steuerungsdaten!$B$4*IFERROR(VLOOKUP(C74,Steuerungsdaten!$A$12:$D$33,4,FALSE),1),0)) -> 86 | I74: =IF(Q74="","",ROUND(Q74*Steuerungsdaten!$B$4*IFERROR(VLOOKUP(C74,Steuerungsdaten!$A$12:$F$33,6,FALSE),1),0)) -> 92 | J74: =IF(R74="","",ROUND(R74*Steuerungsdaten!$B$4*IFERROR(VLOOKUP(C74,Steuerungsdaten!$A$12:$H$33,8,FALSE),1),0)) -> 162 | K74: =IF(G74="","",ROUND(G74*Steuerungsdaten!$B$5,0)) -> 30 | L74: =IF(H74="","",ROUND(H74*Steuerungsdaten!$B$5,0)) -> 99 | M74: =IF(I74="","",ROUND(I74*Steuerungsdaten!$B$5,0)) -> 106 | N74: =IF(J74="","",ROUND(J74*Steuerungsdaten!$B$5,0)) -> 186 | O74: 34 | P74: 121 | Q74: 92 | R74: 202
A75: 3302 | B75: Platte | C75: Rücken | D75: Rücken (580x180) | E75: 580 | F75: 180 | G75: =IF(O75="","",ROUND(O75*Steuerungsdaten!$B$4*IFERROR(VLOOKUP(C75,Steuerungsdaten!$A$12:$B$33,2,FALSE),1),0)) -> 32 | H75: =IF(P75="","",ROUND(P75*Steuerungsdaten!$B$4*IFERROR(VLOOKUP(C75,Steuerungsdaten!$A$12:$D$33,4,FALSE),1),0)) -> 114 | I75: =IF(Q75="","",ROUND(Q75*Steuerungsdaten!$B$4*IFERROR(VLOOKUP(C75,Steuerungsdaten!$A$12:$F$33,6,FALSE),1),0)) -> 130 | J75: =IF(R75="","",ROUND(R75*Steuerungsdaten!$B$4*IFERROR(VLOOKUP(C75,Steuerungsdaten!$A$12:$H$33,8,FALSE),1),0)) -> 166 | K75: =IF(G75="","",ROUND(G75*Steuerungsdaten!$B$5,0)) -> 37 | L75: =IF(H75="","",ROUND(H75*Steuerungsdaten!$B$5,0)) -> 131 | M75: =IF(I75="","",ROUND(I75*Steuerungsdaten!$B$5,0)) -> 150 | N75: =IF(J75="","",ROUND(J75*Steuerungsdaten!$B$5,0)) -> 191 | O75: 43 | P75: 161 | Q75: 130 | R75: 208
A76: 3303 | B76: Platte | C76: Rücken | D76: Rücken (780x180) | E76: 780 | F76: 180 | G76: =IF(O76="","",ROUND(O76*Steuerungsdaten!$B$4*IFERROR(VLOOKUP(C76,Steuerungsdaten!$A$12:$B$33,2,FALSE),1),0)) -> 42 | H76: =IF(P76="","",ROUND(P76*Steuerungsdaten!$B$4*IFERROR(VLOOKUP(C76,Steuerungsdaten!$A$12:$D$33,4,FALSE),1),0)) -> 131 | I76: =IF(Q76="","",ROUND(Q76*Steuerungsdaten!$B$4*IFERROR(VLOOKUP(C76,Steuerungsdaten!$A$12:$F$33,6,FALSE),1),0)) -> 144 | J76: =IF(R76="","",ROUND(R76*Steuerungsdaten!$B$4*IFERROR(VLOOKUP(C76,Steuerungsdaten!$A$12:$H$33,8,FALSE),1),0)) -> 170 | K76: =IF(G76="","",ROUND(G76*Steuerungsdaten!$B$5,0)) -> 48 | L76: =IF(H76="","",ROUND(H76*Steuerungsdaten!$B$5,0)) -> 151 | M76: =IF(I76="","",ROUND(I76*Steuerungsdaten!$B$5,0)) -> 166 | N76: =IF(J76="","",ROUND(J76*Steuerungsdaten!$B$5,0)) -> 196 | O76: 56 | P76: 185 | Q76: 144 | R76: 212
A77: 3304 | B77: Platte | C77: Rücken | D77: Rücken (980x180) | E77: 980 | F77: 180 | G77: =IF(O77="","",ROUND(O77*Steuerungsdaten!$B$4*IFERROR(VLOOKUP(C77,Steuerungsdaten!$A$12:$B$33,2,FALSE),1),0)) -> 53 | H77: =IF(P77="","",ROUND(P77*Steuerungsdaten!$B$4*IFERROR(VLOOKUP(C77,Steuerungsdaten!$A$12:$D$33,4,FALSE),1),0)) -> 158 | I77: =IF(Q77="","",ROUND(Q77*Steuerungsdaten!$B$4*IFERROR(VLOOKUP(C77,Steuerungsdaten!$A$12:$F$33,6,FALSE),1),0)) -> 174 | J77: =IF(R77="","",ROUND(R77*Steuerungsdaten!$B$4*IFERROR(VLOOKUP(C77,Steuerungsdaten!$A$12:$H$33,8,FALSE),1),0)) -> 183 | K77: =IF(G77="","",ROUND(G77*Steuerungsdaten!$B$5,0)) -> 61 | L77: =IF(H77="","",ROUND(H77*Steuerungsdaten!$B$5,0)) -> 182 | M77: =IF(I77="","",ROUND(I77*Steuerungsdaten!$B$5,0)) -> 200 | N77: =IF(J77="","",ROUND(J77*Steuerungsdaten!$B$5,0)) -> 210 | O77: 70 | P77: 223 | Q77: 174 | R77: 229
A78: 3305 | B78: Platte | C78: Rücken | D78: Rücken (360x360) | E78: 360 | F78: 360 | G78: =IF(O78="","",ROUND(O78*Steuerungsdaten!$B$4*IFERROR(VLOOKUP(C78,Steuerungsdaten!$A$12:$B$33,2,FALSE),1),0)) -> 26 | H78: =IF(P78="","",ROUND(P78*Steuerungsdaten!$B$4*IFERROR(VLOOKUP(C78,Steuerungsdaten!$A$12:$D$33,4,FALSE),1),0)) -> 81 | I78: =IF(Q78="","",ROUND(Q78*Steuerungsdaten!$B$4*IFERROR(VLOOKUP(C78,Steuerungsdaten!$A$12:$F$33,6,FALSE),1),0)) -> 89 | J78: =IF(R78="","",ROUND(R78*Steuerungsdaten!$B$4*IFERROR(VLOOKUP(C78,Steuerungsdaten!$A$12:$H$33,8,FALSE),1),0)) -> 142 | K78: =IF(G78="","",ROUND(G78*Steuerungsdaten!$B$5,0)) -> 30 | L78: =IF(H78="","",ROUND(H78*Steuerungsdaten!$B$5,0)) -> 93 | M78: =IF(I78="","",ROUND(I78*Steuerungsdaten!$B$5,0)) -> 102 | N78: =IF(J78="","",ROUND(J78*Steuerungsdaten!$B$5,0)) -> 163 | O78: 34 | P78: 114 | Q78: 89 | R78: 177
A79: 3306 | B79: Platte | C79: Rücken | D79: Rücken (420x360) | E79: 420 | F79: 360 | G79: =IF(O79="","",ROUND(O79*Steuerungsdaten!$B$4*IFERROR(VLOOKUP(C79,Steuerungsdaten!$A$12:$B$33,2,FALSE),1),0)) -> 26 | H79: =IF(P79="","",ROUND(P79*Steuerungsdaten!$B$4*IFERROR(VLOOKUP(C79,Steuerungsdaten!$A$12:$D$33,4,FALSE),1),0)) -> 86 | I79: =IF(Q79="","",ROUND(Q79*Steuerungsdaten!$B$4*IFERROR(VLOOKUP(C79,Steuerungsdaten!$A$12:$F$33,6,FALSE),1),0)) -> 92 | J79: =IF(R79="","",ROUND(R79*Steuerungsdaten!$B$4*IFERROR(VLOOKUP(C79,Steuerungsdaten!$A$12:$H$33,8,FALSE),1),0)) -> 142 | K79: =IF(G79="","",ROUND(G79*Steuerungsdaten!$B$5,0)) -> 30 | L79: =IF(H79="","",ROUND(H79*Steuerungsdaten!$B$5,0)) -> 99 | M79: =IF(I79="","",ROUND(I79*Steuerungsdaten!$B$5,0)) -> 106 | N79: =IF(J79="","",ROUND(J79*Steuerungsdaten!$B$5,0)) -> 163 | O79: 34 | P79: 121 | Q79: 92 | R79: 178
A80: 3307 | B80: Platte | C80: Rücken | D80: Rücken (580x360) | E80: 580 | F80: 360 | G80: =IF(O80="","",ROUND(O80*Steuerungsdaten!$B$4*IFERROR(VLOOKUP(C80,Steuerungsdaten!$A$12:$B$33,2,FALSE),1),0)) -> 32 | H80: =IF(P80="","",ROUND(P80*Steuerungsdaten!$B$4*IFERROR(VLOOKUP(C80,Steuerungsdaten!$A$12:$D$33,4,FALSE),1),0)) -> 114 | I80: =IF(Q80="","",ROUND(Q80*Steuerungsdaten!$B$4*IFERROR(VLOOKUP(C80,Steuerungsdaten!$A$12:$F$33,6,FALSE),1),0)) -> 130 | J80: =IF(R80="","",ROUND(R80*Steuerungsdaten!$B$4*IFERROR(VLOOKUP(C80,Steuerungsdaten!$A$12:$H$33,8,FALSE),1),0)) -> 148 | K80: =IF(G80="","",ROUND(G80*Steuerungsdaten!$B$5,0)) -> 37 | L80: =IF(H80="","",ROUND(H80*Steuerungsdaten!$B$5,0)) -> 131 | M80: =IF(I80="","",ROUND(I80*Steuerungsdaten!$B$5,0)) -> 150 | N80: =IF(J80="","",ROUND(J80*Steuerungsdaten!$B$5,0)) -> 170 | O80: 43 | P80: 161 | Q80: 130 | R80: 185
A81: 3308 | B81: Platte | C81: Rücken | D81: Rücken (780x360) | E81: 780 | F81: 360 | G81: =IF(O81="","",ROUND(O81*Steuerungsdaten!$B$4*IFERROR(VLOOKUP(C81,Steuerungsdaten!$A$12:$B$33,2,FALSE),1),0)) -> 42 | H81: =IF(P81="","",ROUND(P81*Steuerungsdaten!$B$4*IFERROR(VLOOKUP(C81,Steuerungsdaten!$A$12:$D$33,4,FALSE),1),0)) -> 131 | I81: =IF(Q81="","",ROUND(Q81*Steuerungsdaten!$B$4*IFERROR(VLOOKUP(C81,Steuerungsdaten!$A$12:$F$33,6,FALSE),1),0)) -> 144 | J81: =IF(R81="","",ROUND(R81*Steuerungsdaten!$B$4*IFERROR(VLOOKUP(C81,Steuerungsdaten!$A$12:$H$33,8,FALSE),1),0)) -> 152 | K81: =IF(G81="","",ROUND(G81*Steuerungsdaten!$B$5,0)) -> 48 | L81: =IF(H81="","",ROUND(H81*Steuerungsdaten!$B$5,0)) -> 151 | M81: =IF(I81="","",ROUND(I81*Steuerungsdaten!$B$5,0)) -> 166 | N81: =IF(J81="","",ROUND(J81*Steuerungsdaten!$B$5,0)) -> 175 | O81: 56 | P81: 185 | Q81: 144 | R81: 190
A82: 3309 | B82: Platte | C82: Rücken | D82: Rücken (980x360) | E82: 980 | F82: 360 | G82: =IF(O82="","",ROUND(O82*Steuerungsdaten!$B$4*IFERROR(VLOOKUP(C82,Steuerungsdaten!$A$12:$B$33,2,FALSE),1),0)) -> 53 | H82: =IF(P82="","",ROUND(P82*Steuerungsdaten!$B$4*IFERROR(VLOOKUP(C82,Steuerungsdaten!$A$12:$D$33,4,FALSE),1),0)) -> 158 | I82: =IF(Q82="","",ROUND(Q82*Steuerungsdaten!$B$4*IFERROR(VLOOKUP(C82,Steuerungsdaten!$A$12:$F$33,6,FALSE),1),0)) -> 174 | J82: =IF(R82="","",ROUND(R82*Steuerungsdaten!$B$4*IFERROR(VLOOKUP(C82,Steuerungsdaten!$A$12:$H$33,8,FALSE),1),0)) -> 167 | K82: =IF(G82="","",ROUND(G82*Steuerungsdaten!$B$5,0)) -> 61 | L82: =IF(H82="","",ROUND(H82*Steuerungsdaten!$B$5,0)) -> 182 | M82: =IF(I82="","",ROUND(I82*Steuerungsdaten!$B$5,0)) -> 200 | N82: =IF(J82="","",ROUND(J82*Steuerungsdaten!$B$5,0)) -> 192 | O82: 70 | P82: 223 | Q82: 174 | R82: 209
A83: 3310 | B83: Platte | C83: Rücken | D83: Rücken (360x720) | E83: 360 | F83: 720 | G83: =IF(O83="","",ROUND(O83*Steuerungsdaten!$B$4*IFERROR(VLOOKUP(C83,Steuerungsdaten!$A$12:$B$33,2,FALSE),1),0)) -> 39 | H83: =IF(P83="","",ROUND(P83*Steuerungsdaten!$B$4*IFERROR(VLOOKUP(C83,Steuerungsdaten!$A$12:$D$33,4,FALSE),1),0)) -> 129 | I83: =IF(Q83="","",ROUND(Q83*Steuerungsdaten!$B$4*IFERROR(VLOOKUP(C83,Steuerungsdaten!$A$12:$F$33,6,FALSE),1),0)) -> 143 | J83: =IF(R83="","",ROUND(R83*Steuerungsdaten!$B$4*IFERROR(VLOOKUP(C83,Steuerungsdaten!$A$12:$H$33,8,FALSE),1),0)) -> 170 | K83: =IF(G83="","",ROUND(G83*Steuerungsdaten!$B$5,0)) -> 45 | L83: =IF(H83="","",ROUND(H83*Steuerungsdaten!$B$5,0)) -> 148 | M83: =IF(I83="","",ROUND(I83*Steuerungsdaten!$B$5,0)) -> 164 | N83: =IF(J83="","",ROUND(J83*Steuerungsdaten!$B$5,0)) -> 196 | O83: 52 | P83: 181 | Q83: 143 | R83: 212
A84: 3311 | B84: Platte | C84: Rücken | D84: Rücken (420x720) | E84: 420 | F84: 720 | G84: =IF(O84="","",ROUND(O84*Steuerungsdaten!$B$4*IFERROR(VLOOKUP(C84,Steuerungsdaten!$A$12:$B$33,2,FALSE),1),0)) -> 45 | H84: =IF(P84="","",ROUND(P84*Steuerungsdaten!$B$4*IFERROR(VLOOKUP(C84,Steuerungsdaten!$A$12:$D$33,4,FALSE),1),0)) -> 151 | I84: =IF(Q84="","",ROUND(Q84*Steuerungsdaten!$B$4*IFERROR(VLOOKUP(C84,Steuerungsdaten!$A$12:$F$33,6,FALSE),1),0)) -> 166 | J84: =IF(R84="","",ROUND(R84*Steuerungsdaten!$B$4*IFERROR(VLOOKUP(C84,Steuerungsdaten!$A$12:$H$33,8,FALSE),1),0)) -> 170 | K84: =IF(G84="","",ROUND(G84*Steuerungsdaten!$B$5,0)) -> 52 | L84: =IF(H84="","",ROUND(H84*Steuerungsdaten!$B$5,0)) -> 174 | M84: =IF(I84="","",ROUND(I84*Steuerungsdaten!$B$5,0)) -> 191 | N84: =IF(J84="","",ROUND(J84*Steuerungsdaten!$B$5,0)) -> 196 | O84: 60 | P84: 212 | Q84: 166 | R84: 212
... A102: 3329 | B102: Platte | C102: Rücken | D102: Rücken (980x1800) | E102: 980 | F102: 1800 | G102: =IF(O102="","",ROUND(O102*Steuerungsdaten!$B$4*IFERROR(VLOOKUP(C102,Steuerungsdaten!$A$12:$B$33,2,FALSE),1),0)) -> 247 | H102: =IF(P102="","",ROUND(P102*Steuerungsdaten!$B$4*IFERROR(VLOOKUP(C102,Steuerungsdaten!$A$12:$D$33,4,FALSE),1),0)) -> 460 | I102: =IF(Q102="","",ROUND(Q102*Steuerungsdaten!$B$4*IFERROR(VLOOKUP(C102,Steuerungsdaten!$A$12:$F$33,6,FALSE),1),0)) -> 753 | J102: =IF(R102="","",ROUND(R102*Steuerungsdaten!$B$4*IFERROR(VLOOKUP(C102,Steuerungsdaten!$A$12:$H$33,8,FALSE),1),0)) -> 1134 | K102: =IF(G102="","",ROUND(G102*Steuerungsdaten!$B$5,0)) -> 284 | L102: =IF(H102="","",ROUND(H102*Steuerungsdaten!$B$5,0)) -> 529 | M102: =IF(I102="","",ROUND(I102*Steuerungsdaten!$B$5,0)) -> 866 | N102: =IF(J102="","",ROUND(J102*Steuerungsdaten!$B$5,0)) -> 1304 | O102: 329 | P102: 648 | Q102: 753 | R102: 1417
A103: Seite innen
A104: 3500 | B104: Platte | C104: Seite innen | D104: Seite innen (360x180) | E104: 360 | F104: 180 | G104: =IF(O104="","",ROUND(O104*Steuerungsdaten!$B$4*IFERROR(VLOOKUP(C104,Steuerungsdaten!$A$12:$B$33,2,FALSE),1),0)) -> 26 | H104: =IF(P104="","",ROUND(P104*Steuerungsdaten!$B$4*IFERROR(VLOOKUP(C104,Steuerungsdaten!$A$12:$D$33,4,FALSE),1),0)) -> 79 | I104: =IF(Q104="","",ROUND(Q104*Steuerungsdaten!$B$4*IFERROR(VLOOKUP(C104,Steuerungsdaten!$A$12:$F$33,6,FALSE),1),0)) -> 88 | J104: =IF(R104="","",ROUND(R104*Steuerungsdaten!$B$4*IFERROR(VLOOKUP(C104,Steuerungsdaten!$A$12:$H$33,8,FALSE),1),0)) -> 161 | K104: =IF(G104="","",ROUND(G104*Steuerungsdaten!$B$5,0)) -> 30 | L104: =IF(H104="","",ROUND(H104*Steuerungsdaten!$B$5,0)) -> 91 | M104: =IF(I104="","",ROUND(I104*Steuerungsdaten!$B$5,0)) -> 101 | N104: =IF(J104="","",ROUND(J104*Steuerungsdaten!$B$5,0)) -> 185 | O104: 34 | P104: 114 | Q104: 89 | R104: 201
A105: 3501 | B105: Platte | C105: Seite innen | D105: Seite innen (360x360) | E105: 360 | F105: 360 | G105: =IF(O105="","",ROUND(O105*Steuerungsdaten!$B$4*IFERROR(VLOOKUP(C105,Steuerungsdaten!$A$12:$B$33,2,FALSE),1),0)) -> 26 | H105: =IF(P105="","",ROUND(P105*Steuerungsdaten!$B$4*IFERROR(VLOOKUP(C105,Steuerungsdaten!$A$12:$D$33,4,FALSE),1),0)) -> 79 | I105: =IF(Q105="","",ROUND(Q105*Steuerungsdaten!$B$4*IFERROR(VLOOKUP(C105,Steuerungsdaten!$A$12:$F$33,6,FALSE),1),0)) -> 88 | J105: =IF(R105="","",ROUND(R105*Steuerungsdaten!$B$4*IFERROR(VLOOKUP(C105,Steuerungsdaten!$A$12:$H$33,8,FALSE),1),0)) -> 142 | K105: =IF(G105="","",ROUND(G105*Steuerungsdaten!$B$5,0)) -> 30 | L105: =IF(H105="","",ROUND(H105*Steuerungsdaten!$B$5,0)) -> 91 | M105: =IF(I105="","",ROUND(I105*Steuerungsdaten!$B$5,0)) -> 101 | N105: =IF(J105="","",ROUND(J105*Steuerungsdaten!$B$5,0)) -> 163 | O105: 34 | P105: 114 | Q105: 89 | R105: 177
A106: 3502 | B106: Platte | C106: Seite innen | D106: Seite innen (360x720) | E106: 360 | F106: 720 | G106: =IF(O106="","",ROUND(O106*Steuerungsdaten!$B$4*IFERROR(VLOOKUP(C106,Steuerungsdaten!$A$12:$B$33,2,FALSE),1),0)) -> 39 | H106: =IF(P106="","",ROUND(P106*Steuerungsdaten!$B$4*IFERROR(VLOOKUP(C106,Steuerungsdaten!$A$12:$D$33,4,FALSE),1),0)) -> 125 | I106: =IF(Q106="","",ROUND(Q106*Steuerungsdaten!$B$4*IFERROR(VLOOKUP(C106,Steuerungsdaten!$A$12:$F$33,6,FALSE),1),0)) -> 142 | J106: =IF(R106="","",ROUND(R106*Steuerungsdaten!$B$4*IFERROR(VLOOKUP(C106,Steuerungsdaten!$A$12:$H$33,8,FALSE),1),0)) -> 170 | K106: =IF(G106="","",ROUND(G106*Steuerungsdaten!$B$5,0)) -> 45 | L106: =IF(H106="","",ROUND(H106*Steuerungsdaten!$B$5,0)) -> 144 | M106: =IF(I106="","",ROUND(I106*Steuerungsdaten!$B$5,0)) -> 163 | N106: =IF(J106="","",ROUND(J106*Steuerungsdaten!$B$5,0)) -> 196 | O106: 52 | P106: 181 | Q106: 143 | R106: 212
A107: 3503 | B107: Platte | C107: Seite innen | D107: Seite innen (360x1080) | E107: 360 | F107: 1080 | G107: =IF(O107="","",ROUND(O107*Steuerungsdaten!$B$4*IFERROR(VLOOKUP(C107,Steuerungsdaten!$A$12:$B$33,2,FALSE),1),0)) -> 57 | H107: =IF(P107="","",ROUND(P107*Steuerungsdaten!$B$4*IFERROR(VLOOKUP(C107,Steuerungsdaten!$A$12:$D$33,4,FALSE),1),0)) -> 184 | I107: =IF(Q107="","",ROUND(Q107*Steuerungsdaten!$B$4*IFERROR(VLOOKUP(C107,Steuerungsdaten!$A$12:$F$33,6,FALSE),1),0)) -> 220 | J107: =IF(R107="","",ROUND(R107*Steuerungsdaten!$B$4*IFERROR(VLOOKUP(C107,Steuerungsdaten!$A$12:$H$33,8,FALSE),1),0)) -> 192 | K107: =IF(G107="","",ROUND(G107*Steuerungsdaten!$B$5,0)) -> 66 | L107: =IF(H107="","",ROUND(H107*Steuerungsdaten!$B$5,0)) -> 212 | M107: =IF(I107="","",ROUND(I107*Steuerungsdaten!$B$5,0)) -> 253 | N107: =IF(J107="","",ROUND(J107*Steuerungsdaten!$B$5,0)) -> 221 | O107: 76 | P107: 267 | Q107: 222 | R107: 240
A108: 3504 | B108: Platte | C108: Seite innen | D108: Seite innen (360x1440) | E108: 360 | F108: 1440 | G108: =IF(O108="","",ROUND(O108*Steuerungsdaten!$B$4*IFERROR(VLOOKUP(C108,Steuerungsdaten!$A$12:$B$33,2,FALSE),1),0)) -> 75 | H108: =IF(P108="","",ROUND(P108*Steuerungsdaten!$B$4*IFERROR(VLOOKUP(C108,Steuerungsdaten!$A$12:$D$33,4,FALSE),1),0)) -> 232 | I108: =IF(Q108="","",ROUND(Q108*Steuerungsdaten!$B$4*IFERROR(VLOOKUP(C108,Steuerungsdaten!$A$12:$F$33,6,FALSE),1),0)) -> 278 | J108: =IF(R108="","",ROUND(R108*Steuerungsdaten!$B$4*IFERROR(VLOOKUP(C108,Steuerungsdaten!$A$12:$H$33,8,FALSE),1),0)) -> 423 | K108: =IF(G108="","",ROUND(G108*Steuerungsdaten!$B$5,0)) -> 86 | L108: =IF(H108="","",ROUND(H108*Steuerungsdaten!$B$5,0)) -> 267 | M108: =IF(I108="","",ROUND(I108*Steuerungsdaten!$B$5,0)) -> 320 | N108: =IF(J108="","",ROUND(J108*Steuerungsdaten!$B$5,0)) -> 486 | O108: 100 | P108: 336 | Q108: 281 | R108: 529
A109: 3505 | B109: Platte | C109: Seite innen | D109: Seite innen (360x1800) | E109: 360 | F109: 1800 | G109: =IF(O109="","",ROUND(O109*Steuerungsdaten!$B$4*IFERROR(VLOOKUP(C109,Steuerungsdaten!$A$12:$B$33,2,FALSE),1),0)) -> 94 | H109: =IF(P109="","",ROUND(P109*Steuerungsdaten!$B$4*IFERROR(VLOOKUP(C109,Steuerungsdaten!$A$12:$D$33,4,FALSE),1),0)) -> 170 | I109: =IF(Q109="","",ROUND(Q109*Steuerungsdaten!$B$4*IFERROR(VLOOKUP(C109,Steuerungsdaten!$A$12:$F$33,6,FALSE),1),0)) -> 340 | J109: =IF(R109="","",ROUND(R109*Steuerungsdaten!$B$4*IFERROR(VLOOKUP(C109,Steuerungsdaten!$A$12:$H$33,8,FALSE),1),0)) -> 516 | K109: =IF(G109="","",ROUND(G109*Steuerungsdaten!$B$5,0)) -> 108 | L109: =IF(H109="","",ROUND(H109*Steuerungsdaten!$B$5,0)) -> 196 | M109: =IF(I109="","",ROUND(I109*Steuerungsdaten!$B$5,0)) -> 391 | N109: =IF(J109="","",ROUND(J109*Steuerungsdaten!$B$5,0)) -> 593 | O109: 125 | P109: 246 | Q109: 343 | R109: 645
A110: 3506 | B110: Platte | C110: Seite innen | D110: Seite innen (580x180) | E110: 580 | F110: 180 | G110: =IF(O110="","",ROUND(O110*Steuerungsdaten!$B$4*IFERROR(VLOOKUP(C110,Steuerungsdaten!$A$12:$B$33,2,FALSE),1),0)) -> 32 | H110: =IF(P110="","",ROUND(P110*Steuerungsdaten!$B$4*IFERROR(VLOOKUP(C110,Steuerungsdaten!$A$12:$D$33,4,FALSE),1),0)) -> 111 | I110: =IF(Q110="","",ROUND(Q110*Steuerungsdaten!$B$4*IFERROR(VLOOKUP(C110,Steuerungsdaten!$A$12:$F$33,6,FALSE),1),0)) -> 129 | J110: =IF(R110="","",ROUND(R110*Steuerungsdaten!$B$4*IFERROR(VLOOKUP(C110,Steuerungsdaten!$A$12:$H$33,8,FALSE),1),0)) -> 166 | K110: =IF(G110="","",ROUND(G110*Steuerungsdaten!$B$5,0)) -> 37 | L110: =IF(H110="","",ROUND(H110*Steuerungsdaten!$B$5,0)) -> 128 | M110: =IF(I110="","",ROUND(I110*Steuerungsdaten!$B$5,0)) -> 148 | N110: =IF(J110="","",ROUND(J110*Steuerungsdaten!$B$5,0)) -> 191 | O110: 43 | P110: 161 | Q110: 130 | R110: 208
A111: 3507 | B111: Platte | C111: Seite innen | D111: Seite innen (580x360) | E111: 580 | F111: 360 | G111: =IF(O111="","",ROUND(O111*Steuerungsdaten!$B$4*IFERROR(VLOOKUP(C111,Steuerungsdaten!$A$12:$B$33,2,FALSE),1),0)) -> 32 | H111: =IF(P111="","",ROUND(P111*Steuerungsdaten!$B$4*IFERROR(VLOOKUP(C111,Steuerungsdaten!$A$12:$D$33,4,FALSE),1),0)) -> 111 | I111: =IF(Q111="","",ROUND(Q111*Steuerungsdaten!$B$4*IFERROR(VLOOKUP(C111,Steuerungsdaten!$A$12:$F$33,6,FALSE),1),0)) -> 129 | J111: =IF(R111="","",ROUND(R111*Steuerungsdaten!$B$4*IFERROR(VLOOKUP(C111,Steuerungsdaten!$A$12:$H$33,8,FALSE),1),0)) -> 148 | K111: =IF(G111="","",ROUND(G111*Steuerungsdaten!$B$5,0)) -> 37 | L111: =IF(H111="","",ROUND(H111*Steuerungsdaten!$B$5,0)) -> 128 | M111: =IF(I111="","",ROUND(I111*Steuerungsdaten!$B$5,0)) -> 148 | N111: =IF(J111="","",ROUND(J111*Steuerungsdaten!$B$5,0)) -> 170 | O111: 43 | P111: 161 | Q111: 130 | R111: 185
A112: 3508 | B112: Platte | C112: Seite innen | D112: Seite innen (580x720) | E112: 580 | F112: 720 | G112: =IF(O112="","",ROUND(O112*Steuerungsdaten!$B$4*IFERROR(VLOOKUP(C112,Steuerungsdaten!$A$12:$B$33,2,FALSE),1),0)) -> 62 | H112: =IF(P112="","",ROUND(P112*Steuerungsdaten!$B$4*IFERROR(VLOOKUP(C112,Steuerungsdaten!$A$12:$D$33,4,FALSE),1),0)) -> 181 | I112: =IF(Q112="","",ROUND(Q112*Steuerungsdaten!$B$4*IFERROR(VLOOKUP(C112,Steuerungsdaten!$A$12:$F$33,6,FALSE),1),0)) -> 214 | J112: =IF(R112="","",ROUND(R112*Steuerungsdaten!$B$4*IFERROR(VLOOKUP(C112,Steuerungsdaten!$A$12:$H$33,8,FALSE),1),0)) -> 196 | K112: =IF(G112="","",ROUND(G112*Steuerungsdaten!$B$5,0)) -> 71 | L112: =IF(H112="","",ROUND(H112*Steuerungsdaten!$B$5,0)) -> 208 | M112: =IF(I112="","",ROUND(I112*Steuerungsdaten!$B$5,0)) -> 246 | N112: =IF(J112="","",ROUND(J112*Steuerungsdaten!$B$5,0)) -> 225 | O112: 82 | P112: 262 | Q112: 216 | R112: 245
A113: 3509 | B113: Platte | C113: Seite innen | D113: Seite innen (580x1080) | E113: 580 | F113: 1080 | G113: =IF(O113="","",ROUND(O113*Steuerungsdaten!$B$4*IFERROR(VLOOKUP(C113,Steuerungsdaten!$A$12:$B$33,2,FALSE),1),0)) -> 89 | H113: =IF(P113="","",ROUND(P113*Steuerungsdaten!$B$4*IFERROR(VLOOKUP(C113,Steuerungsdaten!$A$12:$D$33,4,FALSE),1),0)) -> 260 | I113: =IF(Q113="","",ROUND(Q113*Steuerungsdaten!$B$4*IFERROR(VLOOKUP(C113,Steuerungsdaten!$A$12:$F$33,6,FALSE),1),0)) -> 297 | J113: =IF(R113="","",ROUND(R113*Steuerungsdaten!$B$4*IFERROR(VLOOKUP(C113,Steuerungsdaten!$A$12:$H$33,8,FALSE),1),0)) -> 246 | K113: =IF(G113="","",ROUND(G113*Steuerungsdaten!$B$5,0)) -> 102 | L113: =IF(H113="","",ROUND(H113*Steuerungsdaten!$B$5,0)) -> 299 | M113: =IF(I113="","",ROUND(I113*Steuerungsdaten!$B$5,0)) -> 342 | N113: =IF(J113="","",ROUND(J113*Steuerungsdaten!$B$5,0)) -> 283 | O113: 119 | P113: 377 | Q113: 300 | R113: 307
A114: 3510 | B114: Platte | C114: Seite innen | D114: Seite innen (580x1440) | E114: 580 | F114: 1440 | G114: =IF(O114="","",ROUND(O114*Steuerungsdaten!$B$4*IFERROR(VLOOKUP(C114,Steuerungsdaten!$A$12:$B$33,2,FALSE),1),0)) -> 119 | H114: =IF(P114="","",ROUND(P114*Steuerungsdaten!$B$4*IFERROR(VLOOKUP(C114,Steuerungsdaten!$A$12:$D$33,4,FALSE),1),0)) -> 334 | I114: =IF(Q114="","",ROUND(Q114*Steuerungsdaten!$B$4*IFERROR(VLOOKUP(C114,Steuerungsdaten!$A$12:$F$33,6,FALSE),1),0)) -> 396 | J114: =IF(R114="","",ROUND(R114*Steuerungsdaten!$B$4*IFERROR(VLOOKUP(C114,Steuerungsdaten!$A$12:$H$33,8,FALSE),1),0)) -> 602 | K114: =IF(G114="","",ROUND(G114*Steuerungsdaten!$B$5,0)) -> 137 | L114: =IF(H114="","",ROUND(H114*Steuerungsdaten!$B$5,0)) -> 384 | M114: =IF(I114="","",ROUND(I114*Steuerungsdaten!$B$5,0)) -> 455 | N114: =IF(J114="","",ROUND(J114*Steuerungsdaten!$B$5,0)) -> 692 | O114: 158 | P114: 484 | Q114: 400 | R114: 752
A115: 3511 | B115: Platte | C115: Seite innen | D115: Seite innen (580x1800) | E115: 580 | F115: 1800 | G115: =IF(O115="","",ROUND(O115*Steuerungsdaten!$B$4*IFERROR(VLOOKUP(C115,Steuerungsdaten!$A$12:$B$33,2,FALSE),1),0)) -> 148 | H115: =IF(P115="","",ROUND(P115*Steuerungsdaten!$B$4*IFERROR(VLOOKUP(C115,Steuerungsdaten!$A$12:$D$33,4,FALSE),1),0)) -> 268 | I115: =IF(Q115="","",ROUND(Q115*Steuerungsdaten!$B$4*IFERROR(VLOOKUP(C115,Steuerungsdaten!$A$12:$F$33,6,FALSE),1),0)) -> 462 | J115: =IF(R115="","",ROUND(R115*Steuerungsdaten!$B$4*IFERROR(VLOOKUP(C115,Steuerungsdaten!$A$12:$H$33,8,FALSE),1),0)) -> 703 | K115: =IF(G115="","",ROUND(G115*Steuerungsdaten!$B$5,0)) -> 170 | L115: =IF(H115="","",ROUND(H115*Steuerungsdaten!$B$5,0)) -> 308 | M115: =IF(I115="","",ROUND(I115*Steuerungsdaten!$B$5,0)) -> 531 | N115: =IF(J115="","",ROUND(J115*Steuerungsdaten!$B$5,0)) -> 808 | O115: 197 | P115: 388 | Q115: 467 | R115: 879
... A128: 3524 | B128: Platte | C128: Seite innen | D128: Seite innen (580x580) | E128: 580 | F128: 580 | G128: =IF(O128="","",ROUND(O128*Steuerungsdaten!$B$4*IFERROR(VLOOKUP(C128,Steuerungsdaten!$A$12:$B$33,2,FALSE),1),0)) -> 50 | H128: =IF(P128="","",ROUND(P128*Steuerungsdaten!$B$4*IFERROR(VLOOKUP(C128,Steuerungsdaten!$A$12:$D$33,4,FALSE),1),0)) -> 157 | I128: =IF(Q128="","",ROUND(Q128*Steuerungsdaten!$B$4*IFERROR(VLOOKUP(C128,Steuerungsdaten!$A$12:$F$33,6,FALSE),1),0)) -> 181 | J128: =IF(R128="","",ROUND(R128*Steuerungsdaten!$B$4*IFERROR(VLOOKUP(C128,Steuerungsdaten!$A$12:$H$33,8,FALSE),1),0)) -> 153 | K128: =IF(G128="","",ROUND(G128*Steuerungsdaten!$B$5,0)) -> 58 | L128: =IF(H128="","",ROUND(H128*Steuerungsdaten!$B$5,0)) -> 181 | M128: =IF(I128="","",ROUND(I128*Steuerungsdaten!$B$5,0)) -> 208 | N128: =IF(J128="","",ROUND(J128*Steuerungsdaten!$B$5,0)) -> 176 | O128: 67 | P128: 228 | Q128: 183 | R128: 191
A129: Seite innen SY32
A130: 3600 | B130: Platte | C130: Seite innen SY32 | D130: Seite innen SY32 (360x360) | E130: 360 | F130: 360 | G130: =IF(O130="","",ROUND(O130*Steuerungsdaten!$B$4*IFERROR(VLOOKUP(C130,Steuerungsdaten!$A$12:$B$33,2,FALSE),1),0)) -> 26 | H130: =IF(P130="","",ROUND(P130*Steuerungsdaten!$B$4*IFERROR(VLOOKUP(C130,Steuerungsdaten!$A$12:$D$33,4,FALSE),1),0)) -> 79 | I130: =IF(Q130="","",ROUND(Q130*Steuerungsdaten!$B$4*IFERROR(VLOOKUP(C130,Steuerungsdaten!$A$12:$F$33,6,FALSE),1),0)) -> 88 | J130: =IF(R130="","",ROUND(R130*Steuerungsdaten!$B$4*IFERROR(VLOOKUP(C130,Steuerungsdaten!$A$12:$H$33,8,FALSE),1),0)) -> 142 | K130: =IF(G130="","",ROUND(G130*Steuerungsdaten!$B$5,0)) -> 30 | L130: =IF(H130="","",ROUND(H130*Steuerungsdaten!$B$5,0)) -> 91 | M130: =IF(I130="","",ROUND(I130*Steuerungsdaten!$B$5,0)) -> 101 | N130: =IF(J130="","",ROUND(J130*Steuerungsdaten!$B$5,0)) -> 163 | O130: 34 | P130: 114 | Q130: 89 | R130: 177
A131: 3601 | B131: Platte | C131: Seite innen SY32 | D131: Seite innen SY32 (360x720) | E131: 360 | F131: 720 | G131: =IF(O131="","",ROUND(O131*Steuerungsdaten!$B$4*IFERROR(VLOOKUP(C131,Steuerungsdaten!$A$12:$B$33,2,FALSE),1),0)) -> 39 | H131: =IF(P131="","",ROUND(P131*Steuerungsdaten!$B$4*IFERROR(VLOOKUP(C131,Steuerungsdaten!$A$12:$D$33,4,FALSE),1),0)) -> 125 | I131: =IF(Q131="","",ROUND(Q131*Steuerungsdaten!$B$4*IFERROR(VLOOKUP(C131,Steuerungsdaten!$A$12:$F$33,6,FALSE),1),0)) -> 142 | J131: =IF(R131="","",ROUND(R131*Steuerungsdaten!$B$4*IFERROR(VLOOKUP(C131,Steuerungsdaten!$A$12:$H$33,8,FALSE),1),0)) -> 170 | K131: =IF(G131="","",ROUND(G131*Steuerungsdaten!$B$5,0)) -> 45 | L131: =IF(H131="","",ROUND(H131*Steuerungsdaten!$B$5,0)) -> 144 | M131: =IF(I131="","",ROUND(I131*Steuerungsdaten!$B$5,0)) -> 163 | N131: =IF(J131="","",ROUND(J131*Steuerungsdaten!$B$5,0)) -> 196 | O131: 52 | P131: 181 | Q131: 143 | R131: 212
A132: 3602 | B132: Platte | C132: Seite innen SY32 | D132: Seite innen SY32 (360x1080) | E132: 360 | F132: 1080 | G132: =IF(O132="","",ROUND(O132*Steuerungsdaten!$B$4*IFERROR(VLOOKUP(C132,Steuerungsdaten!$A$12:$B$33,2,FALSE),1),0)) -> 57 | H132: =IF(P132="","",ROUND(P132*Steuerungsdaten!$B$4*IFERROR(VLOOKUP(C132,Steuerungsdaten!$A$12:$D$33,4,FALSE),1),0)) -> 184 | I132: =IF(Q132="","",ROUND(Q132*Steuerungsdaten!$B$4*IFERROR(VLOOKUP(C132,Steuerungsdaten!$A$12:$F$33,6,FALSE),1),0)) -> 220 | J132: =IF(R132="","",ROUND(R132*Steuerungsdaten!$B$4*IFERROR(VLOOKUP(C132,Steuerungsdaten!$A$12:$H$33,8,FALSE),1),0)) -> 192 | K132: =IF(G132="","",ROUND(G132*Steuerungsdaten!$B$5,0)) -> 66 | L132: =IF(H132="","",ROUND(H132*Steuerungsdaten!$B$5,0)) -> 212 | M132: =IF(I132="","",ROUND(I132*Steuerungsdaten!$B$5,0)) -> 253 | N132: =IF(J132="","",ROUND(J132*Steuerungsdaten!$B$5,0)) -> 221 | O132: 76 | P132: 267 | Q132: 222 | R132: 240
A133: 3603 | B133: Platte | C133: Seite innen SY32 | D133: Seite innen SY32 (360x1440) | E133: 360 | F133: 1440 | G133: =IF(O133="","",ROUND(O133*Steuerungsdaten!$B$4*IFERROR(VLOOKUP(C133,Steuerungsdaten!$A$12:$B$33,2,FALSE),1),0)) -> 75 | H133: =IF(P133="","",ROUND(P133*Steuerungsdaten!$B$4*IFERROR(VLOOKUP(C133,Steuerungsdaten!$A$12:$D$33,4,FALSE),1),0)) -> 232 | I133: =IF(Q133="","",ROUND(Q133*Steuerungsdaten!$B$4*IFERROR(VLOOKUP(C133,Steuerungsdaten!$A$12:$F$33,6,FALSE),1),0)) -> 278 | J133: =IF(R133="","",ROUND(R133*Steuerungsdaten!$B$4*IFERROR(VLOOKUP(C133,Steuerungsdaten!$A$12:$H$33,8,FALSE),1),0)) -> 423 | K133: =IF(G133="","",ROUND(G133*Steuerungsdaten!$B$5,0)) -> 86 | L133: =IF(H133="","",ROUND(H133*Steuerungsdaten!$B$5,0)) -> 267 | M133: =IF(I133="","",ROUND(I133*Steuerungsdaten!$B$5,0)) -> 320 | N133: =IF(J133="","",ROUND(J133*Steuerungsdaten!$B$5,0)) -> 486 | O133: 100 | P133: 336 | Q133: 281 | R133: 529
A134: 3604 | B134: Platte | C134: Seite innen SY32 | D134: Seite innen SY32 (360x1800) | E134: 360 | F134: 1800 | G134: =IF(O134="","",ROUND(O134*Steuerungsdaten!$B$4*IFERROR(VLOOKUP(C134,Steuerungsdaten!$A$12:$B$33,2,FALSE),1),0)) -> 94 | H134: =IF(P134="","",ROUND(P134*Steuerungsdaten!$B$4*IFERROR(VLOOKUP(C134,Steuerungsdaten!$A$12:$D$33,4,FALSE),1),0)) -> 170 | I134: =IF(Q134="","",ROUND(Q134*Steuerungsdaten!$B$4*IFERROR(VLOOKUP(C134,Steuerungsdaten!$A$12:$F$33,6,FALSE),1),0)) -> 340 | J134: =IF(R134="","",ROUND(R134*Steuerungsdaten!$B$4*IFERROR(VLOOKUP(C134,Steuerungsdaten!$A$12:$H$33,8,FALSE),1),0)) -> 516 | K134: =IF(G134="","",ROUND(G134*Steuerungsdaten!$B$5,0)) -> 108 | L134: =IF(H134="","",ROUND(H134*Steuerungsdaten!$B$5,0)) -> 196 | M134: =IF(I134="","",ROUND(I134*Steuerungsdaten!$B$5,0)) -> 391 | N134: =IF(J134="","",ROUND(J134*Steuerungsdaten!$B$5,0)) -> 593 | O134: 125 | P134: 246 | Q134: 343 | R134: 645
A135: 3605 | B135: Platte | C135: Seite innen SY32 | D135: Seite innen SY32 (580x360) | E135: 580 | F135: 360 | G135: =IF(O135="","",ROUND(O135*Steuerungsdaten!$B$4*IFERROR(VLOOKUP(C135,Steuerungsdaten!$A$12:$B$33,2,FALSE),1),0)) -> 32 | H135: =IF(P135="","",ROUND(P135*Steuerungsdaten!$B$4*IFERROR(VLOOKUP(C135,Steuerungsdaten!$A$12:$D$33,4,FALSE),1),0)) -> 111 | I135: =IF(Q135="","",ROUND(Q135*Steuerungsdaten!$B$4*IFERROR(VLOOKUP(C135,Steuerungsdaten!$A$12:$F$33,6,FALSE),1),0)) -> 129 | J135: =IF(R135="","",ROUND(R135*Steuerungsdaten!$B$4*IFERROR(VLOOKUP(C135,Steuerungsdaten!$A$12:$H$33,8,FALSE),1),0)) -> 148 | K135: =IF(G135="","",ROUND(G135*Steuerungsdaten!$B$5,0)) -> 37 | L135: =IF(H135="","",ROUND(H135*Steuerungsdaten!$B$5,0)) -> 128 | M135: =IF(I135="","",ROUND(I135*Steuerungsdaten!$B$5,0)) -> 148 | N135: =IF(J135="","",ROUND(J135*Steuerungsdaten!$B$5,0)) -> 170 | O135: 43 | P135: 161 | Q135: 130 | R135: 185
A136: 3606 | B136: Platte | C136: Seite innen SY32 | D136: Seite innen SY32 (580x720) | E136: 580 | F136: 720 | G136: =IF(O136="","",ROUND(O136*Steuerungsdaten!$B$4*IFERROR(VLOOKUP(C136,Steuerungsdaten!$A$12:$B$33,2,FALSE),1),0)) -> 62 | H136: =IF(P136="","",ROUND(P136*Steuerungsdaten!$B$4*IFERROR(VLOOKUP(C136,Steuerungsdaten!$A$12:$D$33,4,FALSE),1),0)) -> 181 | I136: =IF(Q136="","",ROUND(Q136*Steuerungsdaten!$B$4*IFERROR(VLOOKUP(C136,Steuerungsdaten!$A$12:$F$33,6,FALSE),1),0)) -> 214 | J136: =IF(R136="","",ROUND(R136*Steuerungsdaten!$B$4*IFERROR(VLOOKUP(C136,Steuerungsdaten!$A$12:$H$33,8,FALSE),1),0)) -> 196 | K136: =IF(G136="","",ROUND(G136*Steuerungsdaten!$B$5,0)) -> 71 | L136: =IF(H136="","",ROUND(H136*Steuerungsdaten!$B$5,0)) -> 208 | M136: =IF(I136="","",ROUND(I136*Steuerungsdaten!$B$5,0)) -> 246 | N136: =IF(J136="","",ROUND(J136*Steuerungsdaten!$B$5,0)) -> 225 | O136: 82 | P136: 262 | Q136: 216 | R136: 245
A137: 3607 | B137: Platte | C137: Seite innen SY32 | D137: Seite innen SY32 (580x1080) | E137: 580 | F137: 1080 | G137: =IF(O137="","",ROUND(O137*Steuerungsdaten!$B$4*IFERROR(VLOOKUP(C137,Steuerungsdaten!$A$12:$B$33,2,FALSE),1),0)) -> 89 | H137: =IF(P137="","",ROUND(P137*Steuerungsdaten!$B$4*IFERROR(VLOOKUP(C137,Steuerungsdaten!$A$12:$D$33,4,FALSE),1),0)) -> 260 | I137: =IF(Q137="","",ROUND(Q137*Steuerungsdaten!$B$4*IFERROR(VLOOKUP(C137,Steuerungsdaten!$A$12:$F$33,6,FALSE),1),0)) -> 297 | J137: =IF(R137="","",ROUND(R137*Steuerungsdaten!$B$4*IFERROR(VLOOKUP(C137,Steuerungsdaten!$A$12:$H$33,8,FALSE),1),0)) -> 246 | K137: =IF(G137="","",ROUND(G137*Steuerungsdaten!$B$5,0)) -> 102 | L137: =IF(H137="","",ROUND(H137*Steuerungsdaten!$B$5,0)) -> 299 | M137: =IF(I137="","",ROUND(I137*Steuerungsdaten!$B$5,0)) -> 342 | N137: =IF(J137="","",ROUND(J137*Steuerungsdaten!$B$5,0)) -> 283 | O137: 119 | P137: 377 | Q137: 300 | R137: 307
A138: 3608 | B138: Platte | C138: Seite innen SY32 | D138: Seite innen SY32 (580x1440) | E138: 580 | F138: 1440 | G138: =IF(O138="","",ROUND(O138*Steuerungsdaten!$B$4*IFERROR(VLOOKUP(C138,Steuerungsdaten!$A$12:$B$33,2,FALSE),1),0)) -> 119 | H138: =IF(P138="","",ROUND(P138*Steuerungsdaten!$B$4*IFERROR(VLOOKUP(C138,Steuerungsdaten!$A$12:$D$33,4,FALSE),1),0)) -> 334 | I138: =IF(Q138="","",ROUND(Q138*Steuerungsdaten!$B$4*IFERROR(VLOOKUP(C138,Steuerungsdaten!$A$12:$F$33,6,FALSE),1),0)) -> 396 | J138: =IF(R138="","",ROUND(R138*Steuerungsdaten!$B$4*IFERROR(VLOOKUP(C138,Steuerungsdaten!$A$12:$H$33,8,FALSE),1),0)) -> 602 | K138: =IF(G138="","",ROUND(G138*Steuerungsdaten!$B$5,0)) -> 137 | L138: =IF(H138="","",ROUND(H138*Steuerungsdaten!$B$5,0)) -> 384 | M138: =IF(I138="","",ROUND(I138*Steuerungsdaten!$B$5,0)) -> 455 | N138: =IF(J138="","",ROUND(J138*Steuerungsdaten!$B$5,0)) -> 692 | O138: 158 | P138: 484 | Q138: 400 | R138: 752
A139: 3609 | B139: Platte | C139: Seite innen SY32 | D139: Seite innen SY32 (580x1800) | E139: 580 | F139: 1800 | G139: =IF(O139="","",ROUND(O139*Steuerungsdaten!$B$4*IFERROR(VLOOKUP(C139,Steuerungsdaten!$A$12:$B$33,2,FALSE),1),0)) -> 148 | H139: =IF(P139="","",ROUND(P139*Steuerungsdaten!$B$4*IFERROR(VLOOKUP(C139,Steuerungsdaten!$A$12:$D$33,4,FALSE),1),0)) -> 268 | I139: =IF(Q139="","",ROUND(Q139*Steuerungsdaten!$B$4*IFERROR(VLOOKUP(C139,Steuerungsdaten!$A$12:$F$33,6,FALSE),1),0)) -> 462 | J139: =IF(R139="","",ROUND(R139*Steuerungsdaten!$B$4*IFERROR(VLOOKUP(C139,Steuerungsdaten!$A$12:$H$33,8,FALSE),1),0)) -> 703 | K139: =IF(G139="","",ROUND(G139*Steuerungsdaten!$B$5,0)) -> 170 | L139: =IF(H139="","",ROUND(H139*Steuerungsdaten!$B$5,0)) -> 308 | M139: =IF(I139="","",ROUND(I139*Steuerungsdaten!$B$5,0)) -> 531 | N139: =IF(J139="","",ROUND(J139*Steuerungsdaten!$B$5,0)) -> 808 | O139: 197 | P139: 388 | Q139: 467 | R139: 879
A140: 3610 | B140: Platte | C140: Seite innen SY32 | D140: Seite innen SY32 (720x780) | E140: 720 | F140: 780 | G140: =IF(O140="","",ROUND(O140*Steuerungsdaten!$B$4*IFERROR(VLOOKUP(C140,Steuerungsdaten!$A$12:$B$33,2,FALSE),1),0)) -> 80 | H140: =IF(P140="","",ROUND(P140*Steuerungsdaten!$B$4*IFERROR(VLOOKUP(C140,Steuerungsdaten!$A$12:$D$33,4,FALSE),1),0)) -> 245 | I140: =IF(Q140="","",ROUND(Q140*Steuerungsdaten!$B$4*IFERROR(VLOOKUP(C140,Steuerungsdaten!$A$12:$F$33,6,FALSE),1),0)) -> 274 | J140: =IF(R140="","",ROUND(R140*Steuerungsdaten!$B$4*IFERROR(VLOOKUP(C140,Steuerungsdaten!$A$12:$H$33,8,FALSE),1),0)) -> 214 | K140: =IF(G140="","",ROUND(G140*Steuerungsdaten!$B$5,0)) -> 92 | L140: =IF(H140="","",ROUND(H140*Steuerungsdaten!$B$5,0)) -> 282 | M140: =IF(I140="","",ROUND(I140*Steuerungsdaten!$B$5,0)) -> 315 | N140: =IF(J140="","",ROUND(J140*Steuerungsdaten!$B$5,0)) -> 246 | O140: 107 | P140: 355 | Q140: 277 | R140: 268
A141: 3611 | B141: Platte | C141: Seite innen SY32 | D141: Seite innen SY32 (720x980) | E141: 720 | F141: 980 | G141: =IF(O141="","",ROUND(O141*Steuerungsdaten!$B$4*IFERROR(VLOOKUP(C141,Steuerungsdaten!$A$12:$B$33,2,FALSE),1),0)) -> 101 | H141: =IF(P141="","",ROUND(P141*Steuerungsdaten!$B$4*IFERROR(VLOOKUP(C141,Steuerungsdaten!$A$12:$D$33,4,FALSE),1),0)) -> 280 | I141: =IF(Q141="","",ROUND(Q141*Steuerungsdaten!$B$4*IFERROR(VLOOKUP(C141,Steuerungsdaten!$A$12:$F$33,6,FALSE),1),0)) -> 317 | J141: =IF(R141="","",ROUND(R141*Steuerungsdaten!$B$4*IFERROR(VLOOKUP(C141,Steuerungsdaten!$A$12:$H$33,8,FALSE),1),0)) -> 263 | K141: =IF(G141="","",ROUND(G141*Steuerungsdaten!$B$5,0)) -> 116 | L141: =IF(H141="","",ROUND(H141*Steuerungsdaten!$B$5,0)) -> 322 | M141: =IF(I141="","",ROUND(I141*Steuerungsdaten!$B$5,0)) -> 365 | N141: =IF(J141="","",ROUND(J141*Steuerungsdaten!$B$5,0)) -> 302 | O141: 134 | P141: 406 | Q141: 320 | R141: 329
... A147: 3617 | B147: Platte | C147: Seite innen SY32 | D147: Seite innen SY32 (1800x980) | E147: 1800 | F147: 980 | G147: =IF(O147="","",ROUND(O147*Steuerungsdaten!$B$4*IFERROR(VLOOKUP(C147,Steuerungsdaten!$A$12:$B$33,2,FALSE),1),0)) -> 247 | H147: =IF(P147="","",ROUND(P147*Steuerungsdaten!$B$4*IFERROR(VLOOKUP(C147,Steuerungsdaten!$A$12:$D$33,4,FALSE),1),0)) -> 447 | I147: =IF(Q147="","",ROUND(Q147*Steuerungsdaten!$B$4*IFERROR(VLOOKUP(C147,Steuerungsdaten!$A$12:$F$33,6,FALSE),1),0)) -> 745 | J147: =IF(R147="","",ROUND(R147*Steuerungsdaten!$B$4*IFERROR(VLOOKUP(C147,Steuerungsdaten!$A$12:$H$33,8,FALSE),1),0)) -> 1134 | K147: =IF(G147="","",ROUND(G147*Steuerungsdaten!$B$5,0)) -> 284 | L147: =IF(H147="","",ROUND(H147*Steuerungsdaten!$B$5,0)) -> 514 | M147: =IF(I147="","",ROUND(I147*Steuerungsdaten!$B$5,0)) -> 857 | N147: =IF(J147="","",ROUND(J147*Steuerungsdaten!$B$5,0)) -> 1304 | O147: 329 | P147: 648 | Q147: 753 | R147: 1417
A148: Seite innen SY32 DB
A149: 3620 | B149: Platte | C149: Seite innen SY32 DB | D149: Seite innen SY32 DB (360x360) | E149: 360 | F149: 360 | G149: =IF(O149="","",ROUND(O149*Steuerungsdaten!$B$4*IFERROR(VLOOKUP(C149,Steuerungsdaten!$A$12:$B$33,2,FALSE),1),0)) -> 26 | H149: =IF(P149="","",ROUND(P149*Steuerungsdaten!$B$4*IFERROR(VLOOKUP(C149,Steuerungsdaten!$A$12:$D$33,4,FALSE),1),0)) -> 46 | I149: =IF(Q149="","",ROUND(Q149*Steuerungsdaten!$B$4*IFERROR(VLOOKUP(C149,Steuerungsdaten!$A$12:$F$33,6,FALSE),1),0)) -> 88 | J149: =IF(R149="","",ROUND(R149*Steuerungsdaten!$B$4*IFERROR(VLOOKUP(C149,Steuerungsdaten!$A$12:$H$33,8,FALSE),1),0)) -> 142 | K149: =IF(G149="","",ROUND(G149*Steuerungsdaten!$B$5,0)) -> 30 | L149: =IF(H149="","",ROUND(H149*Steuerungsdaten!$B$5,0)) -> 53 | M149: =IF(I149="","",ROUND(I149*Steuerungsdaten!$B$5,0)) -> 101 | N149: =IF(J149="","",ROUND(J149*Steuerungsdaten!$B$5,0)) -> 163 | O149: 34 | P149: 67 | Q149: 89 | R149: 177
A150: 3621 | B150: Platte | C150: Seite innen SY32 DB | D150: Seite innen SY32 DB (360x720) | E150: 360 | F150: 720 | G150: =IF(O150="","",ROUND(O150*Steuerungsdaten!$B$4*IFERROR(VLOOKUP(C150,Steuerungsdaten!$A$12:$B$33,2,FALSE),1),0)) -> 39 | H150: =IF(P150="","",ROUND(P150*Steuerungsdaten!$B$4*IFERROR(VLOOKUP(C150,Steuerungsdaten!$A$12:$D$33,4,FALSE),1),0)) -> 70 | I150: =IF(Q150="","",ROUND(Q150*Steuerungsdaten!$B$4*IFERROR(VLOOKUP(C150,Steuerungsdaten!$A$12:$F$33,6,FALSE),1),0)) -> 142 | J150: =IF(R150="","",ROUND(R150*Steuerungsdaten!$B$4*IFERROR(VLOOKUP(C150,Steuerungsdaten!$A$12:$H$33,8,FALSE),1),0)) -> 170 | K150: =IF(G150="","",ROUND(G150*Steuerungsdaten!$B$5,0)) -> 45 | L150: =IF(H150="","",ROUND(H150*Steuerungsdaten!$B$5,0)) -> 81 | M150: =IF(I150="","",ROUND(I150*Steuerungsdaten!$B$5,0)) -> 163 | N150: =IF(J150="","",ROUND(J150*Steuerungsdaten!$B$5,0)) -> 196 | O150: 52 | P150: 102 | Q150: 143 | R150: 212
A151: 3622 | B151: Platte | C151: Seite innen SY32 DB | D151: Seite innen SY32 DB (360x1080) | E151: 360 | F151: 1080 | G151: =IF(O151="","",ROUND(O151*Steuerungsdaten!$B$4*IFERROR(VLOOKUP(C151,Steuerungsdaten!$A$12:$B$33,2,FALSE),1),0)) -> 57 | H151: =IF(P151="","",ROUND(P151*Steuerungsdaten!$B$4*IFERROR(VLOOKUP(C151,Steuerungsdaten!$A$12:$D$33,4,FALSE),1),0)) -> 104 | I151: =IF(Q151="","",ROUND(Q151*Steuerungsdaten!$B$4*IFERROR(VLOOKUP(C151,Steuerungsdaten!$A$12:$F$33,6,FALSE),1),0)) -> 220 | J151: =IF(R151="","",ROUND(R151*Steuerungsdaten!$B$4*IFERROR(VLOOKUP(C151,Steuerungsdaten!$A$12:$H$33,8,FALSE),1),0)) -> 192 | K151: =IF(G151="","",ROUND(G151*Steuerungsdaten!$B$5,0)) -> 66 | L151: =IF(H151="","",ROUND(H151*Steuerungsdaten!$B$5,0)) -> 120 | M151: =IF(I151="","",ROUND(I151*Steuerungsdaten!$B$5,0)) -> 253 | N151: =IF(J151="","",ROUND(J151*Steuerungsdaten!$B$5,0)) -> 221 | O151: 76 | P151: 150 | Q151: 222 | R151: 240
A152: 3623 | B152: Platte | C152: Seite innen SY32 DB | D152: Seite innen SY32 DB (360x1440) | E152: 360 | F152: 1440 | G152: =IF(O152="","",ROUND(O152*Steuerungsdaten!$B$4*IFERROR(VLOOKUP(C152,Steuerungsdaten!$A$12:$B$33,2,FALSE),1),0)) -> 75 | H152: =IF(P152="","",ROUND(P152*Steuerungsdaten!$B$4*IFERROR(VLOOKUP(C152,Steuerungsdaten!$A$12:$D$33,4,FALSE),1),0)) -> 136 | I152: =IF(Q152="","",ROUND(Q152*Steuerungsdaten!$B$4*IFERROR(VLOOKUP(C152,Steuerungsdaten!$A$12:$F$33,6,FALSE),1),0)) -> 278 | J152: =IF(R152="","",ROUND(R152*Steuerungsdaten!$B$4*IFERROR(VLOOKUP(C152,Steuerungsdaten!$A$12:$H$33,8,FALSE),1),0)) -> 423 | K152: =IF(G152="","",ROUND(G152*Steuerungsdaten!$B$5,0)) -> 86 | L152: =IF(H152="","",ROUND(H152*Steuerungsdaten!$B$5,0)) -> 156 | M152: =IF(I152="","",ROUND(I152*Steuerungsdaten!$B$5,0)) -> 320 | N152: =IF(J152="","",ROUND(J152*Steuerungsdaten!$B$5,0)) -> 486 | O152: 100 | P152: 197 | Q152: 281 | R152: 529
A153: 3624 | B153: Platte | C153: Seite innen SY32 DB | D153: Seite innen SY32 DB (360x1800) | E153: 360 | F153: 1800 | G153: =IF(O153="","",ROUND(O153*Steuerungsdaten!$B$4*IFERROR(VLOOKUP(C153,Steuerungsdaten!$A$12:$B$33,2,FALSE),1),0)) -> 94 | H153: =IF(P153="","",ROUND(P153*Steuerungsdaten!$B$4*IFERROR(VLOOKUP(C153,Steuerungsdaten!$A$12:$D$33,4,FALSE),1),0)) -> 170 | I153: =IF(Q153="","",ROUND(Q153*Steuerungsdaten!$B$4*IFERROR(VLOOKUP(C153,Steuerungsdaten!$A$12:$F$33,6,FALSE),1),0)) -> 340 | J153: =IF(R153="","",ROUND(R153*Steuerungsdaten!$B$4*IFERROR(VLOOKUP(C153,Steuerungsdaten!$A$12:$H$33,8,FALSE),1),0)) -> 516 | K153: =IF(G153="","",ROUND(G153*Steuerungsdaten!$B$5,0)) -> 108 | L153: =IF(H153="","",ROUND(H153*Steuerungsdaten!$B$5,0)) -> 196 | M153: =IF(I153="","",ROUND(I153*Steuerungsdaten!$B$5,0)) -> 391 | N153: =IF(J153="","",ROUND(J153*Steuerungsdaten!$B$5,0)) -> 593 | O153: 125 | P153: 246 | Q153: 343 | R153: 645
A154: 3625 | B154: Platte | C154: Seite innen SY32 DB | D154: Seite innen SY32 DB (580x360) | E154: 580 | F154: 360 | G154: =IF(O154="","",ROUND(O154*Steuerungsdaten!$B$4*IFERROR(VLOOKUP(C154,Steuerungsdaten!$A$12:$B$33,2,FALSE),1),0)) -> 32 | H154: =IF(P154="","",ROUND(P154*Steuerungsdaten!$B$4*IFERROR(VLOOKUP(C154,Steuerungsdaten!$A$12:$D$33,4,FALSE),1),0)) -> 59 | I154: =IF(Q154="","",ROUND(Q154*Steuerungsdaten!$B$4*IFERROR(VLOOKUP(C154,Steuerungsdaten!$A$12:$F$33,6,FALSE),1),0)) -> 129 | J154: =IF(R154="","",ROUND(R154*Steuerungsdaten!$B$4*IFERROR(VLOOKUP(C154,Steuerungsdaten!$A$12:$H$33,8,FALSE),1),0)) -> 148 | K154: =IF(G154="","",ROUND(G154*Steuerungsdaten!$B$5,0)) -> 37 | L154: =IF(H154="","",ROUND(H154*Steuerungsdaten!$B$5,0)) -> 68 | M154: =IF(I154="","",ROUND(I154*Steuerungsdaten!$B$5,0)) -> 148 | N154: =IF(J154="","",ROUND(J154*Steuerungsdaten!$B$5,0)) -> 170 | O154: 43 | P154: 85 | Q154: 130 | R154: 185
A155: 3626 | B155: Platte | C155: Seite innen SY32 DB | D155: Seite innen SY32 DB (580x720) | E155: 580 | F155: 720 | G155: =IF(O155="","",ROUND(O155*Steuerungsdaten!$B$4*IFERROR(VLOOKUP(C155,Steuerungsdaten!$A$12:$B$33,2,FALSE),1),0)) -> 62 | H155: =IF(P155="","",ROUND(P155*Steuerungsdaten!$B$4*IFERROR(VLOOKUP(C155,Steuerungsdaten!$A$12:$D$33,4,FALSE),1),0)) -> 111 | I155: =IF(Q155="","",ROUND(Q155*Steuerungsdaten!$B$4*IFERROR(VLOOKUP(C155,Steuerungsdaten!$A$12:$F$33,6,FALSE),1),0)) -> 214 | J155: =IF(R155="","",ROUND(R155*Steuerungsdaten!$B$4*IFERROR(VLOOKUP(C155,Steuerungsdaten!$A$12:$H$33,8,FALSE),1),0)) -> 196 | K155: =IF(G155="","",ROUND(G155*Steuerungsdaten!$B$5,0)) -> 71 | L155: =IF(H155="","",ROUND(H155*Steuerungsdaten!$B$5,0)) -> 128 | M155: =IF(I155="","",ROUND(I155*Steuerungsdaten!$B$5,0)) -> 246 | N155: =IF(J155="","",ROUND(J155*Steuerungsdaten!$B$5,0)) -> 225 | O155: 82 | P155: 161 | Q155: 216 | R155: 245
A156: 3627 | B156: Platte | C156: Seite innen SY32 DB | D156: Seite innen SY32 DB (580x1080) | E156: 580 | F156: 1080 | G156: =IF(O156="","",ROUND(O156*Steuerungsdaten!$B$4*IFERROR(VLOOKUP(C156,Steuerungsdaten!$A$12:$B$33,2,FALSE),1),0)) -> 89 | H156: =IF(P156="","",ROUND(P156*Steuerungsdaten!$B$4*IFERROR(VLOOKUP(C156,Steuerungsdaten!$A$12:$D$33,4,FALSE),1),0)) -> 161 | I156: =IF(Q156="","",ROUND(Q156*Steuerungsdaten!$B$4*IFERROR(VLOOKUP(C156,Steuerungsdaten!$A$12:$F$33,6,FALSE),1),0)) -> 297 | J156: =IF(R156="","",ROUND(R156*Steuerungsdaten!$B$4*IFERROR(VLOOKUP(C156,Steuerungsdaten!$A$12:$H$33,8,FALSE),1),0)) -> 246 | K156: =IF(G156="","",ROUND(G156*Steuerungsdaten!$B$5,0)) -> 102 | L156: =IF(H156="","",ROUND(H156*Steuerungsdaten!$B$5,0)) -> 185 | M156: =IF(I156="","",ROUND(I156*Steuerungsdaten!$B$5,0)) -> 342 | N156: =IF(J156="","",ROUND(J156*Steuerungsdaten!$B$5,0)) -> 283 | O156: 119 | P156: 234 | Q156: 300 | R156: 307
A157: 3628 | B157: Platte | C157: Seite innen SY32 DB | D157: Seite innen SY32 DB (580x1440) | E157: 580 | F157: 1440 | G157: =IF(O157="","",ROUND(O157*Steuerungsdaten!$B$4*IFERROR(VLOOKUP(C157,Steuerungsdaten!$A$12:$B$33,2,FALSE),1),0)) -> 119 | H157: =IF(P157="","",ROUND(P157*Steuerungsdaten!$B$4*IFERROR(VLOOKUP(C157,Steuerungsdaten!$A$12:$D$33,4,FALSE),1),0)) -> 215 | I157: =IF(Q157="","",ROUND(Q157*Steuerungsdaten!$B$4*IFERROR(VLOOKUP(C157,Steuerungsdaten!$A$12:$F$33,6,FALSE),1),0)) -> 396 | J157: =IF(R157="","",ROUND(R157*Steuerungsdaten!$B$4*IFERROR(VLOOKUP(C157,Steuerungsdaten!$A$12:$H$33,8,FALSE),1),0)) -> 602 | K157: =IF(G157="","",ROUND(G157*Steuerungsdaten!$B$5,0)) -> 137 | L157: =IF(H157="","",ROUND(H157*Steuerungsdaten!$B$5,0)) -> 247 | M157: =IF(I157="","",ROUND(I157*Steuerungsdaten!$B$5,0)) -> 455 | N157: =IF(J157="","",ROUND(J157*Steuerungsdaten!$B$5,0)) -> 692 | O157: 158 | P157: 311 | Q157: 400 | R157: 752
...

Sheet Archiv
A1: Art_Nr | B1: Typ | C1: Kategorie | D1: Bezeichnung | E1: Breite_mm | F1: Tiefe_mm | G1: PG1_EUR_alt | H1: PG2_EUR_alt | I1: PG3_EUR_alt | J1: PG4_EUR_alt | K1: PG1_CHF_alt | L1: PG2_CHF_alt | M1: PG3_CHF_alt | N1: PG4_CHF_alt | O1: PG1_EUR_neu | P1: PG2_EUR_neu | Q1: PG3_EUR_neu | R1: PG4_EUR_neu | S1: Δ PG1% | T1: Δ PG2% | U1: Δ PG3% | V1: Δ PG4%
A2: 3000 | B2: Platte | C2: Boden | D2: Boden (360x360) | E2: 360 | F2: 360 | G2: 34 | H2: 114 | I2: 89 | J2: 177 | K2: 39 | L2: 131 | M2: 102 | N2: 204 | O2: =Aktiv!G6 -> 26 | P2: =Aktiv!H6 -> 75 | Q2: =Aktiv!I6 -> 81 | R2: =Aktiv!J6 -> 135 | S2: =IF(OR(G2="",G2=0,O2=""),"",O2/G2-1) -> -0.23529412 | T2: =IF(OR(H2="",H2=0,P2=""),"",P2/H2-1) -> -0.34210526 | U2: =IF(OR(I2="",I2=0,Q2=""),"",Q2/I2-1) -> -0.08988764 | V2: =IF(OR(J2="",J2=0,R2=""),"",R2/J2-1) -> -0.23728814
A3: 3001 | B3: Platte | C3: Boden | D3: Boden (420x360) | E3: 420 | F3: 360 | G3: 34 | H3: 121 | I3: 92 | J3: 178 | K3: 39 | L3: 139 | M3: 106 | N3: 205 | O3: =Aktiv!G7 -> 26 | P3: =Aktiv!H7 -> 80 | Q3: =Aktiv!I7 -> 84 | R3: =Aktiv!J7 -> 135 | S3: =IF(OR(G3="",G3=0,O3=""),"",O3/G3-1) -> -0.23529412 | T3: =IF(OR(H3="",H3=0,P3=""),"",P3/H3-1) -> -0.33884298 | U3: =IF(OR(I3="",I3=0,Q3=""),"",Q3/I3-1) -> -0.086956522 | V3: =IF(OR(J3="",J3=0,R3=""),"",R3/J3-1) -> -0.24157303
A4: 3002 | B4: Platte | C4: Boden | D4: Boden (580x360) | E4: 580 | F4: 360 | G4: 43 | H4: 161 | I4: 130 | J4: 185 | K4: 49 | L4: 185 | M4: 150 | N4: 213 | O4: =Aktiv!G8 -> 32 | P4: =Aktiv!H8 -> 106 | Q4: =Aktiv!I8 -> 118 | R4: =Aktiv!J8 -> 141 | S4: =IF(OR(G4="",G4=0,O4=""),"",O4/G4-1) -> -0.25581395 | T4: =IF(OR(H4="",H4=0,P4=""),"",P4/H4-1) -> -0.34161491 | U4: =IF(OR(I4="",I4=0,Q4=""),"",Q4/I4-1) -> -0.092307692 | V4: =IF(OR(J4="",J4=0,R4=""),"",R4/J4-1) -> -0.23783784
A5: 3003 | B5: Platte | C5: Boden | D5: Boden (780x360) | E5: 780 | F5: 360 | G5: 56 | H5: 185 | I5: 144 | J5: 190 | K5: 64 | L5: 213 | M5: 166 | N5: 219 | O5: =Aktiv!G9 -> 42 | P5: =Aktiv!H9 -> 122 | Q5: =Aktiv!I9 -> 131 | R5: =Aktiv!J9 -> 144 | S5: =IF(OR(G5="",G5=0,O5=""),"",O5/G5-1) -> -0.25 | T5: =IF(OR(H5="",H5=0,P5=""),"",P5/H5-1) -> -0.34054054 | U5: =IF(OR(I5="",I5=0,Q5=""),"",Q5/I5-1) -> -0.090277778 | V5: =IF(OR(J5="",J5=0,R5=""),"",R5/J5-1) -> -0.24210526
A6: 3004 | B6: Platte | C6: Boden | D6: Boden (980x360) | E6: 980 | F6: 360 | G6: 70 | H6: 223 | I6: 174 | J6: 209 | K6: 81 | L6: 256 | M6: 200 | N6: 240 | O6: =Aktiv!G10 -> 53 | P6: =Aktiv!H10 -> 147 | Q6: =Aktiv!I10 -> 158 | R6: =Aktiv!J10 -> 159 | S6: =IF(OR(G6="",G6=0,O6=""),"",O6/G6-1) -> -0.24285714 | T6: =IF(OR(H6="",H6=0,P6=""),"",P6/H6-1) -> -0.34080717 | U6: =IF(OR(I6="",I6=0,Q6=""),"",Q6/I6-1) -> -0.091954023 | V6: =IF(OR(J6="",J6=0,R6=""),"",R6/J6-1) -> -0.23923445
A7: 3005 | B7: Platte | C7: Boden | D7: Boden (360x580) | E7: 360 | F7: 580 | G7: 43 | H7: 161 | I7: 130 | J7: 185 | K7: 49 | L7: 185 | M7: 150 | N7: 213 | O7: =Aktiv!G11 -> 32 | P7: =Aktiv!H11 -> 106 | Q7: =Aktiv!I11 -> 118 | R7: =Aktiv!J11 -> 141 | S7: =IF(OR(G7="",G7=0,O7=""),"",O7/G7-1) -> -0.25581395 | T7: =IF(OR(H7="",H7=0,P7=""),"",P7/H7-1) -> -0.34161491 | U7: =IF(OR(I7="",I7=0,Q7=""),"",Q7/I7-1) -> -0.092307692 | V7: =IF(OR(J7="",J7=0,R7=""),"",R7/J7-1) -> -0.23783784
A8: 3006 | B8: Platte | C8: Boden | D8: Boden (420x580) | E8: 420 | F8: 580 | G8: 49 | H8: 181 | I8: 147 | J8: 186 | K8: 56 | L8: 208 | M8: 169 | N8: 214 | O8: =Aktiv!G12 -> 37 | P8: =Aktiv!H12 -> 119 | Q8: =Aktiv!I12 -> 134 | R8: =Aktiv!J12 -> 141 | S8: =IF(OR(G8="",G8=0,O8=""),"",O8/G8-1) -> -0.24489796 | T8: =IF(OR(H8="",H8=0,P8=""),"",P8/H8-1) -> -0.34254144 | U8: =IF(OR(I8="",I8=0,Q8=""),"",Q8/I8-1) -> -0.088435374 | V8: =IF(OR(J8="",J8=0,R8=""),"",R8/J8-1) -> -0.24193548
A9: 3007 | B9: Platte | C9: Boden | D9: Boden (580x580) | E9: 580 | F9: 580 | G9: 67 | H9: 228 | I9: 183 | J9: 191 | K9: 77 | L9: 262 | M9: 210 | N9: 220 | O9: =Aktiv!G13 -> 50 | P9: =Aktiv!H13 -> 150 | Q9: =Aktiv!I13 -> 167 | R9: =Aktiv!J13 -> 145 | S9: =IF(OR(G9="",G9=0,O9=""),"",O9/G9-1) -> -0.25373134 | T9: =IF(OR(H9="",H9=0,P9=""),"",P9/H9-1) -> -0.34210526 | U9: =IF(OR(I9="",I9=0,Q9=""),"",Q9/I9-1) -> -0.087431694 | V9: =IF(OR(J9="",J9=0,R9=""),"",R9/J9-1) -> -0.2408377
A10: 3008 | B10: Platte | C10: Boden | D10: Boden (780x580) | E10: 780 | F10: 580 | G10: 87 | H10: 275 | I10: 225 | J10: 237 | K10: 100 | L10: 316 | M10: 259 | N10: 273 | O10: =Aktiv!G14 -> 65 | P10: =Aktiv!H14 -> 182 | Q10: =Aktiv!I14 -> 205 | R10: =Aktiv!J14 -> 180 | S10: =IF(OR(G10="",G10=0,O10=""),"",O10/G10-1) -> -0.25287356 | T10: =IF(OR(H10="",H10=0,P10=""),"",P10/H10-1) -> -0.33818182 | U10: =IF(OR(I10="",I10=0,Q10=""),"",Q10/I10-1) -> -0.088888889 | V10: =IF(OR(J10="",J10=0,R10=""),"",R10/J10-1) -> -0.24050633
A11: 3009 | B11: Platte | C11: Boden | D11: Boden (980x580) | E11: 980 | F11: 580 | G11: 110 | H11: 355 | I11: 286 | J11: 276 | K11: 127 | L11: 408 | M11: 329 | N11: 317 | O11: =Aktiv!G15 -> 83 | P11: =Aktiv!H15 -> 234 | Q11: =Aktiv!I15 -> 260 | R11: =Aktiv!J15 -> 210 | S11: =IF(OR(G11="",G11=0,O11=""),"",O11/G11-1) -> -0.24545455 | T11: =IF(OR(H11="",H11=0,P11=""),"",P11/H11-1) -> -0.34084507 | U11: =IF(OR(I11="",I11=0,Q11=""),"",Q11/I11-1) -> -0.090909091 | V11: =IF(OR(J11="",J11=0,R11=""),"",R11/J11-1) -> -0.23913043
A12: 3010 | B12: Platte | C12: Boden | D12: Boden (780x780) | E12: 780 | F12: 780 | G12: 113 | H12: 302 | I12: 272 | J12: 295 | K12: 130 | L12: 347 | M12: 313 | N12: 339 | O12: =Aktiv!G16 -> 85 | P12: =Aktiv!H16 -> 199 | Q12: =Aktiv!I16 -> 248 | R12: =Aktiv!J16 -> 224 | S12: =IF(OR(G12="",G12=0,O12=""),"",O12/G12-1) -> -0.24778761 | T12: =IF(OR(H12="",H12=0,P12=""),"",P12/H12-1) -> -0.3410596 | U12: =IF(OR(I12="",I12=0,Q12=""),"",Q12/I12-1) -> -0.088235294 | V12: =IF(OR(J12="",J12=0,R12=""),"",R12/J12-1) -> -0.24067797
A13: 3011 | B13: Platte | C13: Boden | D13: Boden (980x780) | E13: 980 | F13: 780 | G13: 139 | H13: 416 | I13: 216 | J13: 406 | K13: 160 | L13: 478 | M13: 248 | N13: 467 | O13: =Aktiv!G17 -> 104 | P13: =Aktiv!H17 -> 275 | Q13: =Aktiv!I17 -> 197 | R13: =Aktiv!J17 -> 309 | S13: =IF(OR(G13="",G13=0,O13=""),"",O13/G13-1) -> -0.25179856 | T13: =IF(OR(H13="",H13=0,P13=""),"",P13/H13-1) -> -0.33894231 | U13: =IF(OR(I13="",I13=0,Q13=""),"",Q13/I13-1) -> -0.087962963 | V13: =IF(OR(J13="",J13=0,R13=""),"",R13/J13-1) -> -0.23891626
... A16: 3014 | B16: Platte | C16: Boden | D16: Boden (420x980) | E16: 420 | F16: 980 | G16: 88 | H16: 247 | I16: 128 | J16: 241 | K16: 101 | L16: 284 | M16: 147 | N16: 277 | O16: =Aktiv!G20 -> 66 | P16: =Aktiv!H20 -> 163 | Q16: =Aktiv!I20 -> 116 | R16: =Aktiv!J20 -> 183 | S16: =IF(OR(G16="",G16=0,O16=""),"",O16/G16-1) -> -0.25 | T16: =IF(OR(H16="",H16=0,P16=""),"",P16/H16-1) -> -0.34008097 | U16: =IF(OR(I16="",I16=0,Q16=""),"",Q16/I16-1) -> -0.09375 | V16: =IF(OR(J16="",J16=0,R16=""),"",R16/J16-1) -> -0.2406639
A17: S_0003 | B17: Platte | C17: Boden | D17: Boden (420x420) | E17: 420 | F17: 420 | G17: 56 | H17: 134 | I17: 69 | J17: 130 | K17: 64 | L17: 154 | M17: 79 | N17: 150 | O17: =Aktiv!G21 -> 42 | P17: =Aktiv!H21 -> 88 | Q17: =Aktiv!I21 -> 63 | R17: =Aktiv!J21 -> 99 | S17: =IF(OR(G17="",G17=0,O17=""),"",O17/G17-1) -> -0.25 | T17: =IF(OR(H17="",H17=0,P17=""),"",P17/H17-1) -> -0.34328358 | U17: =IF(OR(I17="",I17=0,Q17=""),"",Q17/I17-1) -> -0.086956522 | V17: =IF(OR(J17="",J17=0,R17=""),"",R17/J17-1) -> -0.23846154
A18: 3100 | B18: Platte | C18: Seite außen | D18: Seite außen (360x180) | E18: 360 | F18: 180 | G18: 34 | H18: 114 | I18: 89 | J18: 201 | K18: 39 | L18: 131 | M18: 102 | N18: 231 | O18: =Aktiv!G23 -> 26 | P18: =Aktiv!H23 -> 79 | Q18: =Aktiv!I23 -> 88 | R18: =Aktiv!J23 -> 161 | S18: =IF(OR(G18="",G18=0,O18=""),"",O18/G18-1) -> -0.23529412 | T18: =IF(OR(H18="",H18=0,P18=""),"",P18/H18-1) -> -0.30701754 | U18: =IF(OR(I18="",I18=0,Q18=""),"",Q18/I18-1) -> -0.011235955 | V18: =IF(OR(J18="",J18=0,R18=""),"",R18/J18-1) -> -0.19900498
A19: 3101 | B19: Platte | C19: Seite außen | D19: Seite außen (360x360) | E19: 360 | F19: 360 | G19: 34 | H19: 114 | I19: 89 | J19: 177 | K19: 39 | L19: 131 | M19: 102 | N19: 204 | O19: =Aktiv!G24 -> 26 | P19: =Aktiv!H24 -> 79 | Q19: =Aktiv!I24 -> 88 | R19: =Aktiv!J24 -> 142 | S19: =IF(OR(G19="",G19=0,O19=""),"",O19/G19-1) -> -0.23529412 | T19: =IF(OR(H19="",H19=0,P19=""),"",P19/H19-1) -> -0.30701754 | U19: =IF(OR(I19="",I19=0,Q19=""),"",Q19/I19-1) -> -0.011235955 | V19: =IF(OR(J19="",J19=0,R19=""),"",R19/J19-1) -> -0.19774011
A20: 3102 | B20: Platte | C20: Seite außen | D20: Seite außen (360x720) | E20: 360 | F20: 720 | G20: 52 | H20: 181 | I20: 143 | J20: 212 | K20: 60 | L20: 208 | M20: 164 | N20: 244 | O20: =Aktiv!G25 -> 39 | P20: =Aktiv!H25 -> 125 | Q20: =Aktiv!I25 -> 142 | R20: =Aktiv!J25 -> 170 | S20: =IF(OR(G20="",G20=0,O20=""),"",O20/G20-1) -> -0.25 | T20: =IF(OR(H20="",H20=0,P20=""),"",P20/H20-1) -> -0.30939227 | U20: =IF(OR(I20="",I20=0,Q20=""),"",Q20/I20-1) -> -0.006993007 | V20: =IF(OR(J20="",J20=0,R20=""),"",R20/J20-1) -> -0.19811321
A21: 3103 | B21: Platte | C21: Seite außen | D21: Seite außen (360x1080) | E21: 360 | F21: 1080 | G21: 76 | H21: 267 | I21: 222 | J21: 240 | K21: 87 | L21: 307 | M21: 255 | N21: 276 | O21: =Aktiv!G26 -> 57 | P21: =Aktiv!H26 -> 184 | Q21: =Aktiv!I26 -> 220 | R21: =Aktiv!J26 -> 192 | S21: =IF(OR(G21="",G21=0,O21=""),"",O21/G21-1) -> -0.25 | T21: =IF(OR(H21="",H21=0,P21=""),"",P21/H21-1) -> -0.31086142 | U21: =IF(OR(I21="",I21=0,Q21=""),"",Q21/I21-1) -> -0.009009009 | V21: =IF(OR(J21="",J21=0,R21=""),"",R21/J21-1) -> -0.2
A22: 3104 | B22: Platte | C22: Seite außen | D22: Seite außen (360x1440) | E22: 360 | F22: 1440 | G22: 100 | H22: 336 | I22: 281 | J22: 529 | K22: 115 | L22: 386 | M22: 323 | N22: 608 | O22: =Aktiv!G27 -> 75 | P22: =Aktiv!H27 -> 232 | Q22: =Aktiv!I27 -> 278 | R22: =Aktiv!J27 -> 423 | S22: =IF(OR(G22="",G22=0,O22=""),"",O22/G22-1) -> -0.25 | T22: =IF(OR(H22="",H22=0,P22=""),"",P22/H22-1) -> -0.30952381 | U22: =IF(OR(I22="",I22=0,Q22=""),"",Q22/I22-1) -> -0.010676157 | V22: =IF(OR(J22="",J22=0,R22=""),"",R22/J22-1) -> -0.20037807
A23: 3105 | B23: Platte | C23: Seite außen | D23: Seite außen (360x1800) | E23: 360 | F23: 1800 | G23: 125 | H23: 246 | I23: 343 | J23: 645 | K23: 144 | L23: 283 | M23: 394 | N23: 742 | O23: =Aktiv!G28 -> 94 | P23: =Aktiv!H28 -> 170 | Q23: =Aktiv!I28 -> 340 | R23: =Aktiv!J28 -> 516 | S23: =IF(OR(G23="",G23=0,O23=""),"",O23/G23-1) -> -0.248 | T23: =IF(OR(H23="",H23=0,P23=""),"",P23/H23-1) -> -0.30894309 | U23: =IF(OR(I23="",I23=0,Q23=""),"",Q23/I23-1) -> -0.0087463557 | V23: =IF(OR(J23="",J23=0,R23=""),"",R23/J23-1) -> -0.2
A24: 3106 | B24: Platte | C24: Seite außen | D24: Seite außen (580x180) | E24: 580 | F24: 180 | G24: 43 | H24: 161 | I24: 130 | J24: 208 | K24: 49 | L24: 185 | M24: 150 | N24: 239 | O24: =Aktiv!G29 -> 32 | P24: =Aktiv!H29 -> 111 | Q24: =Aktiv!I29 -> 129 | R24: =Aktiv!J29 -> 166 | S24: =IF(OR(G24="",G24=0,O24=""),"",O24/G24-1) -> -0.25581395 | T24: =IF(OR(H24="",H24=0,P24=""),"",P24/H24-1) -> -0.31055901 | U24: =IF(OR(I24="",I24=0,Q24=""),"",Q24/I24-1) -> -0.0076923077 | V24: =IF(OR(J24="",J24=0,R24=""),"",R24/J24-1) -> -0.20192308
A25: 3107 | B25: Platte | C25: Seite außen | D25: Seite außen (580x360) | E25: 580 | F25: 360 | G25: 43 | H25: 161 | I25: 130 | J25: 185 | K25: 49 | L25: 185 | M25: 150 | N25: 213 | O25: =Aktiv!G30 -> 32 | P25: =Aktiv!H30 -> 111 | Q25: =Aktiv!I30 -> 129 | R25: =Aktiv!J30 -> 148 | S25: =IF(OR(G25="",G25=0,O25=""),"",O25/G25-1) -> -0.25581395 | T25: =IF(OR(H25="",H25=0,P25=""),"",P25/H25-1) -> -0.31055901 | U25: =IF(OR(I25="",I25=0,Q25=""),"",Q25/I25-1) -> -0.0076923077 | V25: =IF(OR(J25="",J25=0,R25=""),"",R25/J25-1) -> -0.2
A26: 3108 | B26: Platte | C26: Seite außen | D26: Seite außen (580x720) | E26: 580 | F26: 720 | G26: 82 | H26: 262 | I26: 216 | J26: 245 | K26: 94 | L26: 301 | M26: 248 | N26: 282 | O26: =Aktiv!G31 -> 62 | P26: =Aktiv!H31 -> 181 | Q26: =Aktiv!I31 -> 214 | R26: =Aktiv!J31 -> 196 | S26: =IF(OR(G26="",G26=0,O26=""),"",O26/G26-1) -> -0.24390244 | T26: =IF(OR(H26="",H26=0,P26=""),"",P26/H26-1) -> -0.30916031 | U26: =IF(OR(I26="",I26=0,Q26=""),"",Q26/I26-1) -> -0.0092592593 | V26: =IF(OR(J26="",J26=0,R26=""),"",R26/J26-1) -> -0.2
A27: 3109 | B27: Platte | C27: Seite außen | D27: Seite außen (580x1080) | E27: 580 | F27: 1080 | G27: 119 | H27: 377 | I27: 300 | J27: 307 | K27: 137 | L27: 434 | M27: 345 | N27: 353 | O27: =Aktiv!G32 -> 89 | P27: =Aktiv!H32 -> 260 | Q27: =Aktiv!I32 -> 297 | R27: =Aktiv!J32 -> 246 | S27: =IF(OR(G27="",G27=0,O27=""),"",O27/G27-1) -> -0.25210084 | T27: =IF(OR(H27="",H27=0,P27=""),"",P27/H27-1) -> -0.31034483 | U27: =IF(OR(I27="",I27=0,Q27=""),"",Q27/I27-1) -> -0.01 | V27: =IF(OR(J27="",J27=0,R27=""),"",R27/J27-1) -> -0.19869707
A28: 3110 | B28: Platte | C28: Seite außen | D28: Seite außen (580x1440) | E28: 580 | F28: 1440 | G28: 158 | H28: 484 | I28: 400 | J28: 752 | K28: 182 | L28: 557 | M28: 460 | N28: 865 | O28: =Aktiv!G33 -> 119 | P28: =Aktiv!H33 -> 334 | Q28: =Aktiv!I33 -> 396 | R28: =Aktiv!J33 -> 602 | S28: =IF(OR(G28="",G28=0,O28=""),"",O28/G28-1) -> -0.24683544 | T28: =IF(OR(H28="",H28=0,P28=""),"",P28/H28-1) -> -0.30991736 | U28: =IF(OR(I28="",I28=0,Q28=""),"",Q28/I28-1) -> -0.01 | V28: =IF(OR(J28="",J28=0,R28=""),"",R28/J28-1) -> -0.19946809
A29: 3111 | B29: Platte | C29: Seite außen | D29: Seite außen (580x1800) | E29: 580 | F29: 1800 | G29: 197 | H29: 388 | I29: 467 | J29: 879 | K29: 227 | L29: 446 | M29: 537 | N29: 1011 | O29: =Aktiv!G34 -> 148 | P29: =Aktiv!H34 -> 268 | Q29: =Aktiv!I34 -> 462 | R29: =Aktiv!J34 -> 703 | S29: =IF(OR(G29="",G29=0,O29=""),"",O29/G29-1) -> -0.24873096 | T29: =IF(OR(H29="",H29=0,P29=""),"",P29/H29-1) -> -0.30927835 | U29: =IF(OR(I29="",I29=0,Q29=""),"",Q29/I29-1) -> -0.010706638 | V29: =IF(OR(J29="",J29=0,R29=""),"",R29/J29-1) -> -0.20022753
... A42: 3124 | B42: Platte | C42: Seite außen | D42: Seite außen (580x580) | E42: 580 | F42: 580 | G42: 67 | H42: 228 | I42: 183 | J42: 191 | K42: 77 | L42: 262 | M42: 210 | N42: 220 | O42: =Aktiv!G47 -> 50 | P42: =Aktiv!H47 -> 157 | Q42: =Aktiv!I47 -> 181 | R42: =Aktiv!J47 -> 153 | S42: =IF(OR(G42="",G42=0,O42=""),"",O42/G42-1) -> -0.25373134 | T42: =IF(OR(H42="",H42=0,P42=""),"",P42/H42-1) -> -0.31140351 | U42: =IF(OR(I42="",I42=0,Q42=""),"",Q42/I42-1) -> -0.010928962 | V42: =IF(OR(J42="",J42=0,R42=""),"",R42/J42-1) -> -0.19895288
A43: S_0020 | B43: Platte | C43: Seite außen | D43: Seite außen (660x360) | E43: 660 | F43: 360 | G43: 162 | H43: 319 | I43: 165 | J43: 310 | K43: 186 | L43: 367 | M43: 190 | N43: 357 | O43: =Aktiv!G48 -> 122 | P43: =Aktiv!H48 -> 220 | Q43: =Aktiv!I48 -> 163 | R43: =Aktiv!J48 -> 248 | S43: =IF(OR(G43="",G43=0,O43=""),"",O43/G43-1) -> -0.24691358 | T43: =IF(OR(H43="",H43=0,P43=""),"",P43/H43-1) -> -0.31034483 | U43: =IF(OR(I43="",I43=0,Q43=""),"",Q43/I43-1) -> -0.012121212 | V43: =IF(OR(J43="",J43=0,R43=""),"",R43/J43-1) -> -0.2
A44: 3200 | B44: Platte | C44: Seite außen SY32 | D44: Seite außen SY32 (360x360) | E44: 360 | F44: 360 | G44: 34 | H44: 114 | I44: 89 | J44: 177 | K44: 39 | L44: 131 | M44: 102 | N44: 204 | O44: =Aktiv!G50 -> 26 | P44: =Aktiv!H50 -> 79 | Q44: =Aktiv!I50 -> 88 | R44: =Aktiv!J50 -> 142 | S44: =IF(OR(G44="",G44=0,O44=""),"",O44/G44-1) -> -0.23529412 | T44: =IF(OR(H44="",H44=0,P44=""),"",P44/H44-1) -> -0.30701754 | U44: =IF(OR(I44="",I44=0,Q44=""),"",Q44/I44-1) -> -0.011235955 | V44: =IF(OR(J44="",J44=0,R44=""),"",R44/J44-1) -> -0.19774011
A45: 3201 | B45: Platte | C45: Seite außen SY32 | D45: Seite außen SY32 (360x720) | E45: 360 | F45: 720 | G45: 52 | H45: 181 | I45: 143 | J45: 212 | K45: 60 | L45: 208 | M45: 164 | N45: 244 | O45: =Aktiv!G51 -> 39 | P45: =Aktiv!H51 -> 125 | Q45: =Aktiv!I51 -> 142 | R45: =Aktiv!J51 -> 170 | S45: =IF(OR(G45="",G45=0,O45=""),"",O45/G45-1) -> -0.25 | T45: =IF(OR(H45="",H45=0,P45=""),"",P45/H45-1) -> -0.30939227 | U45: =IF(OR(I45="",I45=0,Q45=""),"",Q45/I45-1) -> -0.006993007 | V45: =IF(OR(J45="",J45=0,R45=""),"",R45/J45-1) -> -0.19811321
A46: 3202 | B46: Platte | C46: Seite außen SY32 | D46: Seite außen SY32 (360x1080) | E46: 360 | F46: 1080 | G46: 76 | H46: 267 | I46: 222 | J46: 240 | K46: 87 | L46: 307 | M46: 255 | N46: 276 | O46: =Aktiv!G52 -> 57 | P46: =Aktiv!H52 -> 184 | Q46: =Aktiv!I52 -> 220 | R46: =Aktiv!J52 -> 192 | S46: =IF(OR(G46="",G46=0,O46=""),"",O46/G46-1) -> -0.25 | T46: =IF(OR(H46="",H46=0,P46=""),"",P46/H46-1) -> -0.31086142 | U46: =IF(OR(I46="",I46=0,Q46=""),"",Q46/I46-1) -> -0.009009009 | V46: =IF(OR(J46="",J46=0,R46=""),"",R46/J46-1) -> -0.2
A47: 3203 | B47: Platte | C47: Seite außen SY32 | D47: Seite außen SY32 (360x1440) | E47: 360 | F47: 1440 | G47: 100 | H47: 336 | I47: 281 | J47: 529 | K47: 115 | L47: 386 | M47: 323 | N47: 608 | O47: =Aktiv!G53 -> 75 | P47: =Aktiv!H53 -> 232 | Q47: =Aktiv!I53 -> 278 | R47: =Aktiv!J53 -> 423 | S47: =IF(OR(G47="",G47=0,O47=""),"",O47/G47-1) -> -0.25 | T47: =IF(OR(H47="",H47=0,P47=""),"",P47/H47-1) -> -0.30952381 | U47: =IF(OR(I47="",I47=0,Q47=""),"",Q47/I47-1) -> -0.010676157 | V47: =IF(OR(J47="",J47=0,R47=""),"",R47/J47-1) -> -0.20037807
A48: 3204 | B48: Platte | C48: Seite außen SY32 | D48: Seite außen SY32 (360x1800) | E48: 360 | F48: 1800 | G48: 125 | H48: 246 | I48: 343 | J48: 645 | K48: 144 | L48: 283 | M48: 394 | N48: 742 | O48: =Aktiv!G54 -> 94 | P48: =Aktiv!H54 -> 170 | Q48: =Aktiv!I54 -> 340 | R48: =Aktiv!J54 -> 516 | S48: =IF(OR(G48="",G48=0,O48=""),"",O48/G48-1) -> -0.248 | T48: =IF(OR(H48="",H48=0,P48=""),"",P48/H48-1) -> -0.30894309 | U48: =IF(OR(I48="",I48=0,Q48=""),"",Q48/I48-1) -> -0.0087463557 | V48: =IF(OR(J48="",J48=0,R48=""),"",R48/J48-1) -> -0.2
A49: 3205 | B49: Platte | C49: Seite außen SY32 | D49: Seite außen SY32 (580x360) | E49: 580 | F49: 360 | G49: 43 | H49: 161 | I49: 130 | J49: 185 | K49: 49 | L49: 185 | M49: 150 | N49: 213 | O49: =Aktiv!G55 -> 32 | P49: =Aktiv!H55 -> 111 | Q49: =Aktiv!I55 -> 129 | R49: =Aktiv!J55 -> 148 | S49: =IF(OR(G49="",G49=0,O49=""),"",O49/G49-1) -> -0.25581395 | T49: =IF(OR(H49="",H49=0,P49=""),"",P49/H49-1) -> -0.31055901 | U49: =IF(OR(I49="",I49=0,Q49=""),"",Q49/I49-1) -> -0.0076923077 | V49: =IF(OR(J49="",J49=0,R49=""),"",R49/J49-1) -> -0.2
A50: 3206 | B50: Platte | C50: Seite außen SY32 | D50: Seite außen SY32 (580x720) | E50: 580 | F50: 720 | G50: 82 | H50: 262 | I50: 216 | J50: 245 | K50: 94 | L50: 301 | M50: 248 | N50: 282 | O50: =Aktiv!G56 -> 62 | P50: =Aktiv!H56 -> 181 | Q50: =Aktiv!I56 -> 214 | R50: =Aktiv!J56 -> 196 | S50: =IF(OR(G50="",G50=0,O50=""),"",O50/G50-1) -> -0.24390244 | T50: =IF(OR(H50="",H50=0,P50=""),"",P50/H50-1) -> -0.30916031 | U50: =IF(OR(I50="",I50=0,Q50=""),"",Q50/I50-1) -> -0.0092592593 | V50: =IF(OR(J50="",J50=0,R50=""),"",R50/J50-1) -> -0.2
A51: 3207 | B51: Platte | C51: Seite außen SY32 | D51: Seite außen SY32 (580x1080) | E51: 580 | F51: 1080 | G51: 119 | H51: 377 | I51: 300 | J51: 307 | K51: 137 | L51: 434 | M51: 345 | N51: 353 | O51: =Aktiv!G57 -> 89 | P51: =Aktiv!H57 -> 260 | Q51: =Aktiv!I57 -> 297 | R51: =Aktiv!J57 -> 246 | S51: =IF(OR(G51="",G51=0,O51=""),"",O51/G51-1) -> -0.25210084 | T51: =IF(OR(H51="",H51=0,P51=""),"",P51/H51-1) -> -0.31034483 | U51: =IF(OR(I51="",I51=0,Q51=""),"",Q51/I51-1) -> -0.01 | V51: =IF(OR(J51="",J51=0,R51=""),"",R51/J51-1) -> -0.19869707
A52: 3208 | B52: Platte | C52: Seite außen SY32 | D52: Seite außen SY32 (580x1440) | E52: 580 | F52: 1440 | G52: 158 | H52: 484 | I52: 400 | J52: 752 | K52: 182 | L52: 557 | M52: 460 | N52: 865 | O52: =Aktiv!G58 -> 119 | P52: =Aktiv!H58 -> 334 | Q52: =Aktiv!I58 -> 396 | R52: =Aktiv!J58 -> 602 | S52: =IF(OR(G52="",G52=0,O52=""),"",O52/G52-1) -> -0.24683544 | T52: =IF(OR(H52="",H52=0,P52=""),"",P52/H52-1) -> -0.30991736 | U52: =IF(OR(I52="",I52=0,Q52=""),"",Q52/I52-1) -> -0.01 | V52: =IF(OR(J52="",J52=0,R52=""),"",R52/J52-1) -> -0.19946809
A53: 3209 | B53: Platte | C53: Seite außen SY32 | D53: Seite außen SY32 (580x1800) | E53: 580 | F53: 1800 | G53: 197 | H53: 388 | I53: 467 | J53: 879 | K53: 227 | L53: 446 | M53: 537 | N53: 1011 | O53: =Aktiv!G59 -> 148 | P53: =Aktiv!H59 -> 268 | Q53: =Aktiv!I59 -> 462 | R53: =Aktiv!J59 -> 703 | S53: =IF(OR(G53="",G53=0,O53=""),"",O53/G53-1) -> -0.24873096 | T53: =IF(OR(H53="",H53=0,P53=""),"",P53/H53-1) -> -0.30927835 | U53: =IF(OR(I53="",I53=0,Q53=""),"",Q53/I53-1) -> -0.010706638 | V53: =IF(OR(J53="",J53=0,R53=""),"",R53/J53-1) -> -0.20022753
A54: 3210 | B54: Platte | C54: Seite außen SY32 | D54: Seite außen SY32 (180x780) | E54: 180 | F54: 780 | G54: 56 | H54: 185 | I54: 144 | J54: 212 | K54: 64 | L54: 213 | M54: 166 | N54: 244 | O54: =Aktiv!G60 -> 42 | P54: =Aktiv!H60 -> 128 | Q54: =Aktiv!I60 -> 143 | R54: =Aktiv!J60 -> 170 | S54: =IF(OR(G54="",G54=0,O54=""),"",O54/G54-1) -> -0.25 | T54: =IF(OR(H54="",H54=0,P54=""),"",P54/H54-1) -> -0.30810811 | U54: =IF(OR(I54="",I54=0,Q54=""),"",Q54/I54-1) -> -0.0069444444 | V54: =IF(OR(J54="",J54=0,R54=""),"",R54/J54-1) -> -0.19811321
A55: 3211 | B55: Platte | C55: Seite außen SY32 | D55: Seite außen SY32 (180x980) | E55: 180 | F55: 980 | G55: 70 | H55: 223 | I55: 174 | J55: 229 | K55: 81 | L55: 256 | M55: 200 | N55: 263 | O55: =Aktiv!G61 -> 53 | P55: =Aktiv!H61 -> 154 | Q55: =Aktiv!I61 -> 172 | R55: =Aktiv!J61 -> 183 | S55: =IF(OR(G55="",G55=0,O55=""),"",O55/G55-1) -> -0.24285714 | T55: =IF(OR(H55="",H55=0,P55=""),"",P55/H55-1) -> -0.30941704 | U55: =IF(OR(I55="",I55=0,Q55=""),"",Q55/I55-1) -> -0.011494253 | V55: =IF(OR(J55="",J55=0,R55=""),"",R55/J55-1) -> -0.20087336
... A65: 3221 | B65: Platte | C65: Seite außen SY32 | D65: Seite außen SY32 (1800x980) | E65: 1800 | F65: 980 | G65: 329 | H65: 648 | I65: 753 | J65: 1417 | K65: 378 | L65: 745 | M65: 866 | N65: 1630 | O65: =Aktiv!G71 -> 247 | P65: =Aktiv!H71 -> 447 | Q65: =Aktiv!I71 -> 745 | R65: =Aktiv!J71 -> 1134 | S65: =IF(OR(G65="",G65=0,O65=""),"",O65/G65-1) -> -0.24924012 | T65: =IF(OR(H65="",H65=0,P65=""),"",P65/H65-1) -> -0.31018519 | U65: =IF(OR(I65="",I65=0,Q65=""),"",Q65/I65-1) -> -0.01062417 | V65: =IF(OR(J65="",J65=0,R65=""),"",R65/J65-1) -> -0.19971771
A66: 3300 | B66: Platte | C66: Rücken | D66: Rücken (360x180) | E66: 360 | F66: 180 | G66: 34 | H66: 114 | I66: 89 | J66: 201 | K66: 39 | L66: 131 | M66: 102 | N66: 231 | O66: =Aktiv!G73 -> 26 | P66: =Aktiv!H73 -> 81 | Q66: =Aktiv!I73 -> 89 | R66: =Aktiv!J73 -> 161 | S66: =IF(OR(G66="",G66=0,O66=""),"",O66/G66-1) -> -0.23529412 | T66: =IF(OR(H66="",H66=0,P66=""),"",P66/H66-1) -> -0.28947368 | U66: =IF(OR(I66="",I66=0,Q66=""),"",Q66/I66-1) -> 0 | V66: =IF(OR(J66="",J66=0,R66=""),"",R66/J66-1) -> -0.19900498
A67: 3301 | B67: Platte | C67: Rücken | D67: Rücken (420x180) | E67: 420 | F67: 180 | G67: 34 | H67: 121 | I67: 92 | J67: 202 | K67: 39 | L67: 139 | M67: 106 | N67: 232 | O67: =Aktiv!G74 -> 26 | P67: =Aktiv!H74 -> 86 | Q67: =Aktiv!I74 -> 92 | R67: =Aktiv!J74 -> 162 | S67: =IF(OR(G67="",G67=0,O67=""),"",O67/G67-1) -> -0.23529412 | T67: =IF(OR(H67="",H67=0,P67=""),"",P67/H67-1) -> -0.2892562 | U67: =IF(OR(I67="",I67=0,Q67=""),"",Q67/I67-1) -> 0 | V67: =IF(OR(J67="",J67=0,R67=""),"",R67/J67-1) -> -0.1980198
A68: 3302 | B68: Platte | C68: Rücken | D68: Rücken (580x180) | E68: 580 | F68: 180 | G68: 43 | H68: 161 | I68: 130 | J68: 208 | K68: 49 | L68: 185 | M68: 150 | N68: 239 | O68: =Aktiv!G75 -> 32 | P68: =Aktiv!H75 -> 114 | Q68: =Aktiv!I75 -> 130 | R68: =Aktiv!J75 -> 166 | S68: =IF(OR(G68="",G68=0,O68=""),"",O68/G68-1) -> -0.25581395 | T68: =IF(OR(H68="",H68=0,P68=""),"",P68/H68-1) -> -0.29192547 | U68: =IF(OR(I68="",I68=0,Q68=""),"",Q68/I68-1) -> 0 | V68: =IF(OR(J68="",J68=0,R68=""),"",R68/J68-1) -> -0.20192308
A69: 3303 | B69: Platte | C69: Rücken | D69: Rücken (780x180) | E69: 780 | F69: 180 | G69: 56 | H69: 185 | I69: 144 | J69: 212 | K69: 64 | L69: 213 | M69: 166 | N69: 244 | O69: =Aktiv!G76 -> 42 | P69: =Aktiv!H76 -> 131 | Q69: =Aktiv!I76 -> 144 | R69: =Aktiv!J76 -> 170 | S69: =IF(OR(G69="",G69=0,O69=""),"",O69/G69-1) -> -0.25 | T69: =IF(OR(H69="",H69=0,P69=""),"",P69/H69-1) -> -0.29189189 | U69: =IF(OR(I69="",I69=0,Q69=""),"",Q69/I69-1) -> 0 | V69: =IF(OR(J69="",J69=0,R69=""),"",R69/J69-1) -> -0.19811321
A70: 3304 | B70: Platte | C70: Rücken | D70: Rücken (980x180) | E70: 980 | F70: 180 | G70: 70 | H70: 223 | I70: 174 | J70: 229 | K70: 81 | L70: 256 | M70: 200 | N70: 263 | O70: =Aktiv!G77 -> 53 | P70: =Aktiv!H77 -> 158 | Q70: =Aktiv!I77 -> 174 | R70: =Aktiv!J77 -> 183 | S70: =IF(OR(G70="",G70=0,O70=""),"",O70/G70-1) -> -0.24285714 | T70: =IF(OR(H70="",H70=0,P70=""),"",P70/H70-1) -> -0.29147982 | U70: =IF(OR(I70="",I70=0,Q70=""),"",Q70/I70-1) -> 0 | V70: =IF(OR(J70="",J70=0,R70=""),"",R70/J70-1) -> -0.20087336
A71: 3305 | B71: Platte | C71: Rücken | D71: Rücken (360x360) | E71: 360 | F71: 360 | G71: 34 | H71: 114 | I71: 89 | J71: 177 | K71: 39 | L71: 131 | M71: 102 | N71: 204 | O71: =Aktiv!G78 -> 26 | P71: =Aktiv!H78 -> 81 | Q71: =Aktiv!I78 -> 89 | R71: =Aktiv!J78 -> 142 | S71: =IF(OR(G71="",G71=0,O71=""),"",O71/G71-1) -> -0.23529412 | T71: =IF(OR(H71="",H71=0,P71=""),"",P71/H71-1) -> -0.28947368 | U71: =IF(OR(I71="",I71=0,Q71=""),"",Q71/I71-1) -> 0 | V71: =IF(OR(J71="",J71=0,R71=""),"",R71/J71-1) -> -0.19774011
A72: 3306 | B72: Platte | C72: Rücken | D72: Rücken (420x360) | E72: 420 | F72: 360 | G72: 34 | H72: 121 | I72: 92 | J72: 178 | K72: 39 | L72: 139 | M72: 106 | N72: 205 | O72: =Aktiv!G79 -> 26 | P72: =Aktiv!H79 -> 86 | Q72: =Aktiv!I79 -> 92 | R72: =Aktiv!J79 -> 142 | S72: =IF(OR(G72="",G72=0,O72=""),"",O72/G72-1) -> -0.23529412 | T72: =IF(OR(H72="",H72=0,P72=""),"",P72/H72-1) -> -0.2892562 | U72: =IF(OR(I72="",I72=0,Q72=""),"",Q72/I72-1) -> 0 | V72: =IF(OR(J72="",J72=0,R72=""),"",R72/J72-1) -> -0.20224719
A73: 3307 | B73: Platte | C73: Rücken | D73: Rücken (580x360) | E73: 580 | F73: 360 | G73: 43 | H73: 161 | I73: 130 | J73: 185 | K73: 49 | L73: 185 | M73: 150 | N73: 213 | O73: =Aktiv!G80 -> 32 | P73: =Aktiv!H80 -> 114 | Q73: =Aktiv!I80 -> 130 | R73: =Aktiv!J80 -> 148 | S73: =IF(OR(G73="",G73=0,O73=""),"",O73/G73-1) -> -0.25581395 | T73: =IF(OR(H73="",H73=0,P73=""),"",P73/H73-1) -> -0.29192547 | U73: =IF(OR(I73="",I73=0,Q73=""),"",Q73/I73-1) -> 0 | V73: =IF(OR(J73="",J73=0,R73=""),"",R73/J73-1) -> -0.2
A74: 3308 | B74: Platte | C74: Rücken | D74: Rücken (780x360) | E74: 780 | F74: 360 | G74: 56 | H74: 185 | I74: 144 | J74: 190 | K74: 64 | L74: 213 | M74: 166 | N74: 219 | O74: =Aktiv!G81 -> 42 | P74: =Aktiv!H81 -> 131 | Q74: =Aktiv!I81 -> 144 | R74: =Aktiv!J81 -> 152 | S74: =IF(OR(G74="",G74=0,O74=""),"",O74/G74-1) -> -0.25 | T74: =IF(OR(H74="",H74=0,P74=""),"",P74/H74-1) -> -0.29189189 | U74: =IF(OR(I74="",I74=0,Q74=""),"",Q74/I74-1) -> 0 | V74: =IF(OR(J74="",J74=0,R74=""),"",R74/J74-1) -> -0.2
A75: 3309 | B75: Platte | C75: Rücken | D75: Rücken (980x360) | E75: 980 | F75: 360 | G75: 70 | H75: 223 | I75: 174 | J75: 209 | K75: 81 | L75: 256 | M75: 200 | N75: 240 | O75: =Aktiv!G82 -> 53 | P75: =Aktiv!H82 -> 158 | Q75: =Aktiv!I82 -> 174 | R75: =Aktiv!J82 -> 167 | S75: =IF(OR(G75="",G75=0,O75=""),"",O75/G75-1) -> -0.24285714 | T75: =IF(OR(H75="",H75=0,P75=""),"",P75/H75-1) -> -0.29147982 | U75: =IF(OR(I75="",I75=0,Q75=""),"",Q75/I75-1) -> 0 | V75: =IF(OR(J75="",J75=0,R75=""),"",R75/J75-1) -> -0.20095694
A76: 3310 | B76: Platte | C76: Rücken | D76: Rücken (360x720) | E76: 360 | F76: 720 | G76: 52 | H76: 181 | I76: 143 | J76: 212 | K76: 60 | L76: 208 | M76: 164 | N76: 244 | O76: =Aktiv!G83 -> 39 | P76: =Aktiv!H83 -> 129 | Q76: =Aktiv!I83 -> 143 | R76: =Aktiv!J83 -> 170 | S76: =IF(OR(G76="",G76=0,O76=""),"",O76/G76-1) -> -0.25 | T76: =IF(OR(H76="",H76=0,P76=""),"",P76/H76-1) -> -0.28729282 | U76: =IF(OR(I76="",I76=0,Q76=""),"",Q76/I76-1) -> 0 | V76: =IF(OR(J76="",J76=0,R76=""),"",R76/J76-1) -> -0.19811321
A77: 3311 | B77: Platte | C77: Rücken | D77: Rücken (420x720) | E77: 420 | F77: 720 | G77: 60 | H77: 212 | I77: 166 | J77: 212 | K77: 69 | L77: 244 | M77: 191 | N77: 244 | O77: =Aktiv!G84 -> 45 | P77: =Aktiv!H84 -> 151 | Q77: =Aktiv!I84 -> 166 | R77: =Aktiv!J84 -> 170 | S77: =IF(OR(G77="",G77=0,O77=""),"",O77/G77-1) -> -0.25 | T77: =IF(OR(H77="",H77=0,P77=""),"",P77/H77-1) -> -0.28773585 | U77: =IF(OR(I77="",I77=0,Q77=""),"",Q77/I77-1) -> 0 | V77: =IF(OR(J77="",J77=0,R77=""),"",R77/J77-1) -> -0.19811321
... A95: 3329 | B95: Platte | C95: Rücken | D95: Rücken (980x1800) | E95: 980 | F95: 1800 | G95: 329 | H95: 648 | I95: 753 | J95: 1417 | K95: 378 | L95: 745 | M95: 866 | N95: 1630 | O95: =Aktiv!G102 -> 247 | P95: =Aktiv!H102 -> 460 | Q95: =Aktiv!I102 -> 753 | R95: =Aktiv!J102 -> 1134 | S95: =IF(OR(G95="",G95=0,O95=""),"",O95/G95-1) -> -0.24924012 | T95: =IF(OR(H95="",H95=0,P95=""),"",P95/H95-1) -> -0.29012346 | U95: =IF(OR(I95="",I95=0,Q95=""),"",Q95/I95-1) -> 0 | V95: =IF(OR(J95="",J95=0,R95=""),"",R95/J95-1) -> -0.19971771
A96: 3500 | B96: Platte | C96: Seite innen | D96: Seite innen (360x180) | E96: 360 | F96: 180 | G96: 34 | H96: 114 | I96: 89 | J96: 201 | K96: 39 | L96: 131 | M96: 102 | N96: 231 | O96: =Aktiv!G104 -> 26 | P96: =Aktiv!H104 -> 79 | Q96: =Aktiv!I104 -> 88 | R96: =Aktiv!J104 -> 161 | S96: =IF(OR(G96="",G96=0,O96=""),"",O96/G96-1) -> -0.23529412 | T96: =IF(OR(H96="",H96=0,P96=""),"",P96/H96-1) -> -0.30701754 | U96: =IF(OR(I96="",I96=0,Q96=""),"",Q96/I96-1) -> -0.011235955 | V96: =IF(OR(J96="",J96=0,R96=""),"",R96/J96-1) -> -0.19900498
A97: 3501 | B97: Platte | C97: Seite innen | D97: Seite innen (360x360) | E97: 360 | F97: 360 | G97: 34 | H97: 114 | I97: 89 | J97: 177 | K97: 39 | L97: 131 | M97: 102 | N97: 204 | O97: =Aktiv!G105 -> 26 | P97: =Aktiv!H105 -> 79 | Q97: =Aktiv!I105 -> 88 | R97: =Aktiv!J105 -> 142 | S97: =IF(OR(G97="",G97=0,O97=""),"",O97/G97-1) -> -0.23529412 | T97: =IF(OR(H97="",H97=0,P97=""),"",P97/H97-1) -> -0.30701754 | U97: =IF(OR(I97="",I97=0,Q97=""),"",Q97/I97-1) -> -0.011235955 | V97: =IF(OR(J97="",J97=0,R97=""),"",R97/J97-1) -> -0.19774011
A98: 3502 | B98: Platte | C98: Seite innen | D98: Seite innen (360x720) | E98: 360 | F98: 720 | G98: 52 | H98: 181 | I98: 143 | J98: 212 | K98: 60 | L98: 208 | M98: 164 | N98: 244 | O98: =Aktiv!G106 -> 39 | P98: =Aktiv!H106 -> 125 | Q98: =Aktiv!I106 -> 142 | R98: =Aktiv!J106 -> 170 | S98: =IF(OR(G98="",G98=0,O98=""),"",O98/G98-1) -> -0.25 | T98: =IF(OR(H98="",H98=0,P98=""),"",P98/H98-1) -> -0.30939227 | U98: =IF(OR(I98="",I98=0,Q98=""),"",Q98/I98-1) -> -0.006993007 | V98: =IF(OR(J98="",J98=0,R98=""),"",R98/J98-1) -> -0.19811321
A99: 3503 | B99: Platte | C99: Seite innen | D99: Seite innen (360x1080) | E99: 360 | F99: 1080 | G99: 76 | H99: 267 | I99: 222 | J99: 240 | K99: 87 | L99: 307 | M99: 255 | N99: 276 | O99: =Aktiv!G107 -> 57 | P99: =Aktiv!H107 -> 184 | Q99: =Aktiv!I107 -> 220 | R99: =Aktiv!J107 -> 192 | S99: =IF(OR(G99="",G99=0,O99=""),"",O99/G99-1) -> -0.25 | T99: =IF(OR(H99="",H99=0,P99=""),"",P99/H99-1) -> -0.31086142 | U99: =IF(OR(I99="",I99=0,Q99=""),"",Q99/I99-1) -> -0.009009009 | V99: =IF(OR(J99="",J99=0,R99=""),"",R99/J99-1) -> -0.2
A100: 3504 | B100: Platte | C100: Seite innen | D100: Seite innen (360x1440) | E100: 360 | F100: 1440 | G100: 100 | H100: 336 | I100: 281 | J100: 529 | K100: 115 | L100: 386 | M100: 323 | N100: 608 | O100: =Aktiv!G108 -> 75 | P100: =Aktiv!H108 -> 232 | Q100: =Aktiv!I108 -> 278 | R100: =Aktiv!J108 -> 423 | S100: =IF(OR(G100="",G100=0,O100=""),"",O100/G100-1) -> -0.25 | T100: =IF(OR(H100="",H100=0,P100=""),"",P100/H100-1) -> -0.30952381 | U100: =IF(OR(I100="",I100=0,Q100=""),"",Q100/I100-1) -> -0.010676157 | V100: =IF(OR(J100="",J100=0,R100=""),"",R100/J100-1) -> -0.20037807
A101: 3505 | B101: Platte | C101: Seite innen | D101: Seite innen (360x1800) | E101: 360 | F101: 1800 | G101: 125 | H101: 246 | I101: 343 | J101: 645 | K101: 144 | L101: 283 | M101: 394 | N101: 742 | O101: =Aktiv!G109 -> 94 | P101: =Aktiv!H109 -> 170 | Q101: =Aktiv!I109 -> 340 | R101: =Aktiv!J109 -> 516 | S101: =IF(OR(G101="",G101=0,O101=""),"",O101/G101-1) -> -0.248 | T101: =IF(OR(H101="",H101=0,P101=""),"",P101/H101-1) -> -0.30894309 | U101: =IF(OR(I101="",I101=0,Q101=""),"",Q101/I101-1) -> -0.0087463557 | V101: =IF(OR(J101="",J101=0,R101=""),"",R101/J101-1) -> -0.2
A102: 3506 | B102: Platte | C102: Seite innen | D102: Seite innen (580x180) | E102: 580 | F102: 180 | G102: 43 | H102: 161 | I102: 130 | J102: 208 | K102: 49 | L102: 185 | M102: 150 | N102: 239 | O102: =Aktiv!G110 -> 32 | P102: =Aktiv!H110 -> 111 | Q102: =Aktiv!I110 -> 129 | R102: =Aktiv!J110 -> 166 | S102: =IF(OR(G102="",G102=0,O102=""),"",O102/G102-1) -> -0.25581395 | T102: =IF(OR(H102="",H102=0,P102=""),"",P102/H102-1) -> -0.31055901 | U102: =IF(OR(I102="",I102=0,Q102=""),"",Q102/I102-1) -> -0.0076923077 | V102: =IF(OR(J102="",J102=0,R102=""),"",R102/J102-1) -> -0.20192308
A103: 3507 | B103: Platte | C103: Seite innen | D103: Seite innen (580x360) | E103: 580 | F103: 360 | G103: 43 | H103: 161 | I103: 130 | J103: 185 | K103: 49 | L103: 185 | M103: 150 | N103: 213 | O103: =Aktiv!G111 -> 32 | P103: =Aktiv!H111 -> 111 | Q103: =Aktiv!I111 -> 129 | R103: =Aktiv!J111 -> 148 | S103: =IF(OR(G103="",G103=0,O103=""),"",O103/G103-1) -> -0.25581395 | T103: =IF(OR(H103="",H103=0,P103=""),"",P103/H103-1) -> -0.31055901 | U103: =IF(OR(I103="",I103=0,Q103=""),"",Q103/I103-1) -> -0.0076923077 | V103: =IF(OR(J103="",J103=0,R103=""),"",R103/J103-1) -> -0.2
A104: 3508 | B104: Platte | C104: Seite innen | D104: Seite innen (580x720) | E104: 580 | F104: 720 | G104: 82 | H104: 262 | I104: 216 | J104: 245 | K104: 94 | L104: 301 | M104: 248 | N104: 282 | O104: =Aktiv!G112 -> 62 | P104: =Aktiv!H112 -> 181 | Q104: =Aktiv!I112 -> 214 | R104: =Aktiv!J112 -> 196 | S104: =IF(OR(G104="",G104=0,O104=""),"",O104/G104-1) -> -0.24390244 | T104: =IF(OR(H104="",H104=0,P104=""),"",P104/H104-1) -> -0.30916031 | U104: =IF(OR(I104="",I104=0,Q104=""),"",Q104/I104-1) -> -0.0092592593 | V104: =IF(OR(J104="",J104=0,R104=""),"",R104/J104-1) -> -0.2
A105: 3509 | B105: Platte | C105: Seite innen | D105: Seite innen (580x1080) | E105: 580 | F105: 1080 | G105: 119 | H105: 377 | I105: 300 | J105: 307 | K105: 137 | L105: 434 | M105: 345 | N105: 353 | O105: =Aktiv!G113 -> 89 | P105: =Aktiv!H113 -> 260 | Q105: =Aktiv!I113 -> 297 | R105: =Aktiv!J113 -> 246 | S105: =IF(OR(G105="",G105=0,O105=""),"",O105/G105-1) -> -0.25210084 | T105: =IF(OR(H105="",H105=0,P105=""),"",P105/H105-1) -> -0.31034483 | U105: =IF(OR(I105="",I105=0,Q105=""),"",Q105/I105-1) -> -0.01 | V105: =IF(OR(J105="",J105=0,R105=""),"",R105/J105-1) -> -0.19869707
A106: 3510 | B106: Platte | C106: Seite innen | D106: Seite innen (580x1440) | E106: 580 | F106: 1440 | G106: 158 | H106: 484 | I106: 400 | J106: 752 | K106: 182 | L106: 557 | M106: 460 | N106: 865 | O106: =Aktiv!G114 -> 119 | P106: =Aktiv!H114 -> 334 | Q106: =Aktiv!I114 -> 396 | R106: =Aktiv!J114 -> 602 | S106: =IF(OR(G106="",G106=0,O106=""),"",O106/G106-1) -> -0.24683544 | T106: =IF(OR(H106="",H106=0,P106=""),"",P106/H106-1) -> -0.30991736 | U106: =IF(OR(I106="",I106=0,Q106=""),"",Q106/I106-1) -> -0.01 | V106: =IF(OR(J106="",J106=0,R106=""),"",R106/J106-1) -> -0.19946809
A107: 3511 | B107: Platte | C107: Seite innen | D107: Seite innen (580x1800) | E107: 580 | F107: 1800 | G107: 197 | H107: 388 | I107: 467 | J107: 879 | K107: 227 | L107: 446 | M107: 537 | N107: 1011 | O107: =Aktiv!G115 -> 148 | P107: =Aktiv!H115 -> 268 | Q107: =Aktiv!I115 -> 462 | R107: =Aktiv!J115 -> 703 | S107: =IF(OR(G107="",G107=0,O107=""),"",O107/G107-1) -> -0.24873096 | T107: =IF(OR(H107="",H107=0,P107=""),"",P107/H107-1) -> -0.30927835 | U107: =IF(OR(I107="",I107=0,Q107=""),"",Q107/I107-1) -> -0.010706638 | V107: =IF(OR(J107="",J107=0,R107=""),"",R107/J107-1) -> -0.20022753
... A120: 3524 | B120: Platte | C120: Seite innen | D120: Seite innen (580x580) | E120: 580 | F120: 580 | G120: 67 | H120: 228 | I120: 183 | J120: 191 | K120: 77 | L120: 262 | M120: 210 | N120: 220 | O120: =Aktiv!G128 -> 50 | P120: =Aktiv!H128 -> 157 | Q120: =Aktiv!I128 -> 181 | R120: =Aktiv!J128 -> 153 | S120: =IF(OR(G120="",G120=0,O120=""),"",O120/G120-1) -> -0.25373134 | T120: =IF(OR(H120="",H120=0,P120=""),"",P120/H120-1) -> -0.31140351 | U120: =IF(OR(I120="",I120=0,Q120=""),"",Q120/I120-1) -> -0.010928962 | V120: =IF(OR(J120="",J120=0,R120=""),"",R120/J120-1) -> -0.19895288
A121: 3600 | B121: Platte | C121: Seite innen SY32 | D121: Seite innen SY32 (360x360) | E121: 360 | F121: 360 | G121: 34 | H121: 114 | I121: 89 | J121: 177 | K121: 39 | L121: 131 | M121: 102 | N121: 204 | O121: =Aktiv!G130 -> 26 | P121: =Aktiv!H130 -> 79 | Q121: =Aktiv!I130 -> 88 | R121: =Aktiv!J130 -> 142 | S121: =IF(OR(G121="",G121=0,O121=""),"",O121/G121-1) -> -0.23529412 | T121: =IF(OR(H121="",H121=0,P121=""),"",P121/H121-1) -> -0.30701754 | U121: =IF(OR(I121="",I121=0,Q121=""),"",Q121/I121-1) -> -0.011235955 | V121: =IF(OR(J121="",J121=0,R121=""),"",R121/J121-1) -> -0.19774011
A122: 3601 | B122: Platte | C122: Seite innen SY32 | D122: Seite innen SY32 (360x720) | E122: 360 | F122: 720 | G122: 52 | H122: 181 | I122: 143 | J122: 212 | K122: 60 | L122: 208 | M122: 164 | N122: 244 | O122: =Aktiv!G131 -> 39 | P122: =Aktiv!H131 -> 125 | Q122: =Aktiv!I131 -> 142 | R122: =Aktiv!J131 -> 170 | S122: =IF(OR(G122="",G122=0,O122=""),"",O122/G122-1) -> -0.25 | T122: =IF(OR(H122="",H122=0,P122=""),"",P122/H122-1) -> -0.30939227 | U122: =IF(OR(I122="",I122=0,Q122=""),"",Q122/I122-1) -> -0.006993007 | V122: =IF(OR(J122="",J122=0,R122=""),"",R122/J122-1) -> -0.19811321
A123: 3602 | B123: Platte | C123: Seite innen SY32 | D123: Seite innen SY32 (360x1080) | E123: 360 | F123: 1080 | G123: 76 | H123: 267 | I123: 222 | J123: 240 | K123: 87 | L123: 307 | M123: 255 | N123: 276 | O123: =Aktiv!G132 -> 57 | P123: =Aktiv!H132 -> 184 | Q123: =Aktiv!I132 -> 220 | R123: =Aktiv!J132 -> 192 | S123: =IF(OR(G123="",G123=0,O123=""),"",O123/G123-1) -> -0.25 | T123: =IF(OR(H123="",H123=0,P123=""),"",P123/H123-1) -> -0.31086142 | U123: =IF(OR(I123="",I123=0,Q123=""),"",Q123/I123-1) -> -0.009009009 | V123: =IF(OR(J123="",J123=0,R123=""),"",R123/J123-1) -> -0.2
A124: 3603 | B124: Platte | C124: Seite innen SY32 | D124: Seite innen SY32 (360x1440) | E124: 360 | F124: 1440 | G124: 100 | H124: 336 | I124: 281 | J124: 529 | K124: 115 | L124: 386 | M124: 323 | N124: 608 | O124: =Aktiv!G133 -> 75 | P124: =Aktiv!H133 -> 232 | Q124: =Aktiv!I133 -> 278 | R124: =Aktiv!J133 -> 423 | S124: =IF(OR(G124="",G124=0,O124=""),"",O124/G124-1) -> -0.25 | T124: =IF(OR(H124="",H124=0,P124=""),"",P124/H124-1) -> -0.30952381 | U124: =IF(OR(I124="",I124=0,Q124=""),"",Q124/I124-1) -> -0.010676157 | V124: =IF(OR(J124="",J124=0,R124=""),"",R124/J124-1) -> -0.20037807
A125: 3604 | B125: Platte | C125: Seite innen SY32 | D125: Seite innen SY32 (360x1800) | E125: 360 | F125: 1800 | G125: 125 | H125: 246 | I125: 343 | J125: 645 | K125: 144 | L125: 283 | M125: 394 | N125: 742 | O125: =Aktiv!G134 -> 94 | P125: =Aktiv!H134 -> 170 | Q125: =Aktiv!I134 -> 340 | R125: =Aktiv!J134 -> 516 | S125: =IF(OR(G125="",G125=0,O125=""),"",O125/G125-1) -> -0.248 | T125: =IF(OR(H125="",H125=0,P125=""),"",P125/H125-1) -> -0.30894309 | U125: =IF(OR(I125="",I125=0,Q125=""),"",Q125/I125-1) -> -0.0087463557 | V125: =IF(OR(J125="",J125=0,R125=""),"",R125/J125-1) -> -0.2
A126: 3605 | B126: Platte | C126: Seite innen SY32 | D126: Seite innen SY32 (580x360) | E126: 580 | F126: 360 | G126: 43 | H126: 161 | I126: 130 | J126: 185 | K126: 49 | L126: 185 | M126: 150 | N126: 213 | O126: =Aktiv!G135 -> 32 | P126: =Aktiv!H135 -> 111 | Q126: =Aktiv!I135 -> 129 | R126: =Aktiv!J135 -> 148 | S126: =IF(OR(G126="",G126=0,O126=""),"",O126/G126-1) -> -0.25581395 | T126: =IF(OR(H126="",H126=0,P126=""),"",P126/H126-1) -> -0.31055901 | U126: =IF(OR(I126="",I126=0,Q126=""),"",Q126/I126-1) -> -0.0076923077 | V126: =IF(OR(J126="",J126=0,R126=""),"",R126/J126-1) -> -0.2
